
RRTTCC.elf:     file format elf32-avr

Sections:
Idx Name          Size      VMA       LMA       File off  Algn
  0 .text         000059e2  00000000  00000000  00000094  2**1
                  CONTENTS, ALLOC, LOAD, READONLY, CODE
  1 .data         0000010a  00800060  000059e2  00005a76  2**0
                  CONTENTS, ALLOC, LOAD, DATA
  2 .bss          00000034  0080016a  0080016a  00005b80  2**0
                  ALLOC
  3 .stab         00005ca0  00000000  00000000  00005b80  2**2
                  CONTENTS, READONLY, DEBUGGING
  4 .stabstr      00002453  00000000  00000000  0000b820  2**0
                  CONTENTS, READONLY, DEBUGGING
  5 .debug_aranges 00000160  00000000  00000000  0000dc73  2**0
                  CONTENTS, READONLY, DEBUGGING
  6 .debug_pubnames 0000018f  00000000  00000000  0000ddd3  2**0
                  CONTENTS, READONLY, DEBUGGING
  7 .debug_info   00002045  00000000  00000000  0000df62  2**0
                  CONTENTS, READONLY, DEBUGGING
  8 .debug_abbrev 00001101  00000000  00000000  0000ffa7  2**0
                  CONTENTS, READONLY, DEBUGGING
  9 .debug_line   00000f82  00000000  00000000  000110a8  2**0
                  CONTENTS, READONLY, DEBUGGING
 10 .debug_frame  00000180  00000000  00000000  0001202c  2**2
                  CONTENTS, READONLY, DEBUGGING
 11 .debug_str    000002c2  00000000  00000000  000121ac  2**0
                  CONTENTS, READONLY, DEBUGGING
 12 .debug_loc    0000088e  00000000  00000000  0001246e  2**0
                  CONTENTS, READONLY, DEBUGGING
 13 .debug_ranges 00000050  00000000  00000000  00012cfc  2**0
                  CONTENTS, READONLY, DEBUGGING

Disassembly of section .text:

00000000 <__vectors>:
       0:	0c 94 2a 00 	jmp	0x54	; 0x54 <__ctors_end>
       4:	0c 94 47 00 	jmp	0x8e	; 0x8e <__bad_interrupt>
       8:	0c 94 47 00 	jmp	0x8e	; 0x8e <__bad_interrupt>
       c:	0c 94 47 00 	jmp	0x8e	; 0x8e <__bad_interrupt>
      10:	0c 94 47 00 	jmp	0x8e	; 0x8e <__bad_interrupt>
      14:	0c 94 47 00 	jmp	0x8e	; 0x8e <__bad_interrupt>
      18:	0c 94 47 00 	jmp	0x8e	; 0x8e <__bad_interrupt>
      1c:	0c 94 47 00 	jmp	0x8e	; 0x8e <__bad_interrupt>
      20:	0c 94 47 00 	jmp	0x8e	; 0x8e <__bad_interrupt>
      24:	0c 94 47 00 	jmp	0x8e	; 0x8e <__bad_interrupt>
      28:	0c 94 2e 08 	jmp	0x105c	; 0x105c <__vector_10>
      2c:	0c 94 47 00 	jmp	0x8e	; 0x8e <__bad_interrupt>
      30:	0c 94 47 00 	jmp	0x8e	; 0x8e <__bad_interrupt>
      34:	0c 94 47 00 	jmp	0x8e	; 0x8e <__bad_interrupt>
      38:	0c 94 47 00 	jmp	0x8e	; 0x8e <__bad_interrupt>
      3c:	0c 94 47 00 	jmp	0x8e	; 0x8e <__bad_interrupt>
      40:	0c 94 47 00 	jmp	0x8e	; 0x8e <__bad_interrupt>
      44:	0c 94 47 00 	jmp	0x8e	; 0x8e <__bad_interrupt>
      48:	0c 94 47 00 	jmp	0x8e	; 0x8e <__bad_interrupt>
      4c:	0c 94 47 00 	jmp	0x8e	; 0x8e <__bad_interrupt>
      50:	0c 94 47 00 	jmp	0x8e	; 0x8e <__bad_interrupt>

00000054 <__ctors_end>:
      54:	11 24       	eor	r1, r1
      56:	1f be       	out	0x3f, r1	; 63
      58:	cf e5       	ldi	r28, 0x5F	; 95
      5a:	d8 e0       	ldi	r29, 0x08	; 8
      5c:	de bf       	out	0x3e, r29	; 62
      5e:	cd bf       	out	0x3d, r28	; 61

00000060 <__do_copy_data>:
      60:	11 e0       	ldi	r17, 0x01	; 1
      62:	a0 e6       	ldi	r26, 0x60	; 96
      64:	b0 e0       	ldi	r27, 0x00	; 0
      66:	e2 ee       	ldi	r30, 0xE2	; 226
      68:	f9 e5       	ldi	r31, 0x59	; 89
      6a:	02 c0       	rjmp	.+4      	; 0x70 <.do_copy_data_start>

0000006c <.do_copy_data_loop>:
      6c:	05 90       	lpm	r0, Z+
      6e:	0d 92       	st	X+, r0

00000070 <.do_copy_data_start>:
      70:	aa 36       	cpi	r26, 0x6A	; 106
      72:	b1 07       	cpc	r27, r17
      74:	d9 f7       	brne	.-10     	; 0x6c <.do_copy_data_loop>

00000076 <__do_clear_bss>:
      76:	11 e0       	ldi	r17, 0x01	; 1
      78:	aa e6       	ldi	r26, 0x6A	; 106
      7a:	b1 e0       	ldi	r27, 0x01	; 1
      7c:	01 c0       	rjmp	.+2      	; 0x80 <.do_clear_bss_start>

0000007e <.do_clear_bss_loop>:
      7e:	1d 92       	st	X+, r1

00000080 <.do_clear_bss_start>:
      80:	ae 39       	cpi	r26, 0x9E	; 158
      82:	b1 07       	cpc	r27, r17
      84:	e1 f7       	brne	.-8      	; 0x7e <.do_clear_bss_loop>
      86:	0e 94 4d 2c 	call	0x589a	; 0x589a <main>
      8a:	0c 94 ef 2c 	jmp	0x59de	; 0x59de <_exit>

0000008e <__bad_interrupt>:
      8e:	0c 94 24 08 	jmp	0x1048	; 0x1048 <__vector_default>

00000092 <__fixunssfsi>:
      92:	ef 92       	push	r14
      94:	ff 92       	push	r15
      96:	0f 93       	push	r16
      98:	1f 93       	push	r17
      9a:	7b 01       	movw	r14, r22
      9c:	8c 01       	movw	r16, r24
      9e:	20 e0       	ldi	r18, 0x00	; 0
      a0:	30 e0       	ldi	r19, 0x00	; 0
      a2:	40 e0       	ldi	r20, 0x00	; 0
      a4:	5f e4       	ldi	r21, 0x4F	; 79
      a6:	0e 94 f5 03 	call	0x7ea	; 0x7ea <__gesf2>
      aa:	88 23       	and	r24, r24
      ac:	8c f0       	brlt	.+34     	; 0xd0 <__fixunssfsi+0x3e>
      ae:	c8 01       	movw	r24, r16
      b0:	b7 01       	movw	r22, r14
      b2:	20 e0       	ldi	r18, 0x00	; 0
      b4:	30 e0       	ldi	r19, 0x00	; 0
      b6:	40 e0       	ldi	r20, 0x00	; 0
      b8:	5f e4       	ldi	r21, 0x4F	; 79
      ba:	0e 94 c1 01 	call	0x382	; 0x382 <__subsf3>
      be:	0e 94 55 04 	call	0x8aa	; 0x8aa <__fixsfsi>
      c2:	9b 01       	movw	r18, r22
      c4:	ac 01       	movw	r20, r24
      c6:	20 50       	subi	r18, 0x00	; 0
      c8:	30 40       	sbci	r19, 0x00	; 0
      ca:	40 40       	sbci	r20, 0x00	; 0
      cc:	50 48       	sbci	r21, 0x80	; 128
      ce:	06 c0       	rjmp	.+12     	; 0xdc <__fixunssfsi+0x4a>
      d0:	c8 01       	movw	r24, r16
      d2:	b7 01       	movw	r22, r14
      d4:	0e 94 55 04 	call	0x8aa	; 0x8aa <__fixsfsi>
      d8:	9b 01       	movw	r18, r22
      da:	ac 01       	movw	r20, r24
      dc:	b9 01       	movw	r22, r18
      de:	ca 01       	movw	r24, r20
      e0:	1f 91       	pop	r17
      e2:	0f 91       	pop	r16
      e4:	ff 90       	pop	r15
      e6:	ef 90       	pop	r14
      e8:	08 95       	ret

000000ea <_fpadd_parts>:
      ea:	a0 e0       	ldi	r26, 0x00	; 0
      ec:	b0 e0       	ldi	r27, 0x00	; 0
      ee:	eb e7       	ldi	r30, 0x7B	; 123
      f0:	f0 e0       	ldi	r31, 0x00	; 0
      f2:	0c 94 b8 2c 	jmp	0x5970	; 0x5970 <__prologue_saves__>
      f6:	dc 01       	movw	r26, r24
      f8:	2b 01       	movw	r4, r22
      fa:	fa 01       	movw	r30, r20
      fc:	9c 91       	ld	r25, X
      fe:	92 30       	cpi	r25, 0x02	; 2
     100:	08 f4       	brcc	.+2      	; 0x104 <_fpadd_parts+0x1a>
     102:	39 c1       	rjmp	.+626    	; 0x376 <_fpadd_parts+0x28c>
     104:	eb 01       	movw	r28, r22
     106:	88 81       	ld	r24, Y
     108:	82 30       	cpi	r24, 0x02	; 2
     10a:	08 f4       	brcc	.+2      	; 0x10e <_fpadd_parts+0x24>
     10c:	33 c1       	rjmp	.+614    	; 0x374 <_fpadd_parts+0x28a>
     10e:	94 30       	cpi	r25, 0x04	; 4
     110:	69 f4       	brne	.+26     	; 0x12c <_fpadd_parts+0x42>
     112:	84 30       	cpi	r24, 0x04	; 4
     114:	09 f0       	breq	.+2      	; 0x118 <_fpadd_parts+0x2e>
     116:	2f c1       	rjmp	.+606    	; 0x376 <_fpadd_parts+0x28c>
     118:	11 96       	adiw	r26, 0x01	; 1
     11a:	9c 91       	ld	r25, X
     11c:	11 97       	sbiw	r26, 0x01	; 1
     11e:	89 81       	ldd	r24, Y+1	; 0x01
     120:	98 17       	cp	r25, r24
     122:	09 f4       	brne	.+2      	; 0x126 <_fpadd_parts+0x3c>
     124:	28 c1       	rjmp	.+592    	; 0x376 <_fpadd_parts+0x28c>
     126:	a7 ef       	ldi	r26, 0xF7	; 247
     128:	b0 e0       	ldi	r27, 0x00	; 0
     12a:	25 c1       	rjmp	.+586    	; 0x376 <_fpadd_parts+0x28c>
     12c:	84 30       	cpi	r24, 0x04	; 4
     12e:	09 f4       	brne	.+2      	; 0x132 <_fpadd_parts+0x48>
     130:	21 c1       	rjmp	.+578    	; 0x374 <_fpadd_parts+0x28a>
     132:	82 30       	cpi	r24, 0x02	; 2
     134:	a9 f4       	brne	.+42     	; 0x160 <_fpadd_parts+0x76>
     136:	92 30       	cpi	r25, 0x02	; 2
     138:	09 f0       	breq	.+2      	; 0x13c <_fpadd_parts+0x52>
     13a:	1d c1       	rjmp	.+570    	; 0x376 <_fpadd_parts+0x28c>
     13c:	9a 01       	movw	r18, r20
     13e:	ad 01       	movw	r20, r26
     140:	88 e0       	ldi	r24, 0x08	; 8
     142:	ea 01       	movw	r28, r20
     144:	09 90       	ld	r0, Y+
     146:	ae 01       	movw	r20, r28
     148:	e9 01       	movw	r28, r18
     14a:	09 92       	st	Y+, r0
     14c:	9e 01       	movw	r18, r28
     14e:	81 50       	subi	r24, 0x01	; 1
     150:	c1 f7       	brne	.-16     	; 0x142 <_fpadd_parts+0x58>
     152:	e2 01       	movw	r28, r4
     154:	89 81       	ldd	r24, Y+1	; 0x01
     156:	11 96       	adiw	r26, 0x01	; 1
     158:	9c 91       	ld	r25, X
     15a:	89 23       	and	r24, r25
     15c:	81 83       	std	Z+1, r24	; 0x01
     15e:	08 c1       	rjmp	.+528    	; 0x370 <_fpadd_parts+0x286>
     160:	92 30       	cpi	r25, 0x02	; 2
     162:	09 f4       	brne	.+2      	; 0x166 <_fpadd_parts+0x7c>
     164:	07 c1       	rjmp	.+526    	; 0x374 <_fpadd_parts+0x28a>
     166:	12 96       	adiw	r26, 0x02	; 2
     168:	2d 90       	ld	r2, X+
     16a:	3c 90       	ld	r3, X
     16c:	13 97       	sbiw	r26, 0x03	; 3
     16e:	eb 01       	movw	r28, r22
     170:	8a 81       	ldd	r24, Y+2	; 0x02
     172:	9b 81       	ldd	r25, Y+3	; 0x03
     174:	14 96       	adiw	r26, 0x04	; 4
     176:	ad 90       	ld	r10, X+
     178:	bd 90       	ld	r11, X+
     17a:	cd 90       	ld	r12, X+
     17c:	dc 90       	ld	r13, X
     17e:	17 97       	sbiw	r26, 0x07	; 7
     180:	ec 80       	ldd	r14, Y+4	; 0x04
     182:	fd 80       	ldd	r15, Y+5	; 0x05
     184:	0e 81       	ldd	r16, Y+6	; 0x06
     186:	1f 81       	ldd	r17, Y+7	; 0x07
     188:	91 01       	movw	r18, r2
     18a:	28 1b       	sub	r18, r24
     18c:	39 0b       	sbc	r19, r25
     18e:	b9 01       	movw	r22, r18
     190:	37 ff       	sbrs	r19, 7
     192:	04 c0       	rjmp	.+8      	; 0x19c <_fpadd_parts+0xb2>
     194:	66 27       	eor	r22, r22
     196:	77 27       	eor	r23, r23
     198:	62 1b       	sub	r22, r18
     19a:	73 0b       	sbc	r23, r19
     19c:	60 32       	cpi	r22, 0x20	; 32
     19e:	71 05       	cpc	r23, r1
     1a0:	0c f0       	brlt	.+2      	; 0x1a4 <_fpadd_parts+0xba>
     1a2:	61 c0       	rjmp	.+194    	; 0x266 <_fpadd_parts+0x17c>
     1a4:	12 16       	cp	r1, r18
     1a6:	13 06       	cpc	r1, r19
     1a8:	6c f5       	brge	.+90     	; 0x204 <_fpadd_parts+0x11a>
     1aa:	37 01       	movw	r6, r14
     1ac:	48 01       	movw	r8, r16
     1ae:	06 2e       	mov	r0, r22
     1b0:	04 c0       	rjmp	.+8      	; 0x1ba <_fpadd_parts+0xd0>
     1b2:	96 94       	lsr	r9
     1b4:	87 94       	ror	r8
     1b6:	77 94       	ror	r7
     1b8:	67 94       	ror	r6
     1ba:	0a 94       	dec	r0
     1bc:	d2 f7       	brpl	.-12     	; 0x1b2 <_fpadd_parts+0xc8>
     1be:	21 e0       	ldi	r18, 0x01	; 1
     1c0:	30 e0       	ldi	r19, 0x00	; 0
     1c2:	40 e0       	ldi	r20, 0x00	; 0
     1c4:	50 e0       	ldi	r21, 0x00	; 0
     1c6:	04 c0       	rjmp	.+8      	; 0x1d0 <_fpadd_parts+0xe6>
     1c8:	22 0f       	add	r18, r18
     1ca:	33 1f       	adc	r19, r19
     1cc:	44 1f       	adc	r20, r20
     1ce:	55 1f       	adc	r21, r21
     1d0:	6a 95       	dec	r22
     1d2:	d2 f7       	brpl	.-12     	; 0x1c8 <_fpadd_parts+0xde>
     1d4:	21 50       	subi	r18, 0x01	; 1
     1d6:	30 40       	sbci	r19, 0x00	; 0
     1d8:	40 40       	sbci	r20, 0x00	; 0
     1da:	50 40       	sbci	r21, 0x00	; 0
     1dc:	2e 21       	and	r18, r14
     1de:	3f 21       	and	r19, r15
     1e0:	40 23       	and	r20, r16
     1e2:	51 23       	and	r21, r17
     1e4:	21 15       	cp	r18, r1
     1e6:	31 05       	cpc	r19, r1
     1e8:	41 05       	cpc	r20, r1
     1ea:	51 05       	cpc	r21, r1
     1ec:	21 f0       	breq	.+8      	; 0x1f6 <_fpadd_parts+0x10c>
     1ee:	21 e0       	ldi	r18, 0x01	; 1
     1f0:	30 e0       	ldi	r19, 0x00	; 0
     1f2:	40 e0       	ldi	r20, 0x00	; 0
     1f4:	50 e0       	ldi	r21, 0x00	; 0
     1f6:	79 01       	movw	r14, r18
     1f8:	8a 01       	movw	r16, r20
     1fa:	e6 28       	or	r14, r6
     1fc:	f7 28       	or	r15, r7
     1fe:	08 29       	or	r16, r8
     200:	19 29       	or	r17, r9
     202:	3c c0       	rjmp	.+120    	; 0x27c <_fpadd_parts+0x192>
     204:	23 2b       	or	r18, r19
     206:	d1 f1       	breq	.+116    	; 0x27c <_fpadd_parts+0x192>
     208:	26 0e       	add	r2, r22
     20a:	37 1e       	adc	r3, r23
     20c:	35 01       	movw	r6, r10
     20e:	46 01       	movw	r8, r12
     210:	06 2e       	mov	r0, r22
     212:	04 c0       	rjmp	.+8      	; 0x21c <_fpadd_parts+0x132>
     214:	96 94       	lsr	r9
     216:	87 94       	ror	r8
     218:	77 94       	ror	r7
     21a:	67 94       	ror	r6
     21c:	0a 94       	dec	r0
     21e:	d2 f7       	brpl	.-12     	; 0x214 <_fpadd_parts+0x12a>
     220:	21 e0       	ldi	r18, 0x01	; 1
     222:	30 e0       	ldi	r19, 0x00	; 0
     224:	40 e0       	ldi	r20, 0x00	; 0
     226:	50 e0       	ldi	r21, 0x00	; 0
     228:	04 c0       	rjmp	.+8      	; 0x232 <_fpadd_parts+0x148>
     22a:	22 0f       	add	r18, r18
     22c:	33 1f       	adc	r19, r19
     22e:	44 1f       	adc	r20, r20
     230:	55 1f       	adc	r21, r21
     232:	6a 95       	dec	r22
     234:	d2 f7       	brpl	.-12     	; 0x22a <_fpadd_parts+0x140>
     236:	21 50       	subi	r18, 0x01	; 1
     238:	30 40       	sbci	r19, 0x00	; 0
     23a:	40 40       	sbci	r20, 0x00	; 0
     23c:	50 40       	sbci	r21, 0x00	; 0
     23e:	2a 21       	and	r18, r10
     240:	3b 21       	and	r19, r11
     242:	4c 21       	and	r20, r12
     244:	5d 21       	and	r21, r13
     246:	21 15       	cp	r18, r1
     248:	31 05       	cpc	r19, r1
     24a:	41 05       	cpc	r20, r1
     24c:	51 05       	cpc	r21, r1
     24e:	21 f0       	breq	.+8      	; 0x258 <_fpadd_parts+0x16e>
     250:	21 e0       	ldi	r18, 0x01	; 1
     252:	30 e0       	ldi	r19, 0x00	; 0
     254:	40 e0       	ldi	r20, 0x00	; 0
     256:	50 e0       	ldi	r21, 0x00	; 0
     258:	59 01       	movw	r10, r18
     25a:	6a 01       	movw	r12, r20
     25c:	a6 28       	or	r10, r6
     25e:	b7 28       	or	r11, r7
     260:	c8 28       	or	r12, r8
     262:	d9 28       	or	r13, r9
     264:	0b c0       	rjmp	.+22     	; 0x27c <_fpadd_parts+0x192>
     266:	82 15       	cp	r24, r2
     268:	93 05       	cpc	r25, r3
     26a:	2c f0       	brlt	.+10     	; 0x276 <_fpadd_parts+0x18c>
     26c:	1c 01       	movw	r2, r24
     26e:	aa 24       	eor	r10, r10
     270:	bb 24       	eor	r11, r11
     272:	65 01       	movw	r12, r10
     274:	03 c0       	rjmp	.+6      	; 0x27c <_fpadd_parts+0x192>
     276:	ee 24       	eor	r14, r14
     278:	ff 24       	eor	r15, r15
     27a:	87 01       	movw	r16, r14
     27c:	11 96       	adiw	r26, 0x01	; 1
     27e:	9c 91       	ld	r25, X
     280:	d2 01       	movw	r26, r4
     282:	11 96       	adiw	r26, 0x01	; 1
     284:	8c 91       	ld	r24, X
     286:	98 17       	cp	r25, r24
     288:	09 f4       	brne	.+2      	; 0x28c <_fpadd_parts+0x1a2>
     28a:	45 c0       	rjmp	.+138    	; 0x316 <_fpadd_parts+0x22c>
     28c:	99 23       	and	r25, r25
     28e:	39 f0       	breq	.+14     	; 0x29e <_fpadd_parts+0x1b4>
     290:	a8 01       	movw	r20, r16
     292:	97 01       	movw	r18, r14
     294:	2a 19       	sub	r18, r10
     296:	3b 09       	sbc	r19, r11
     298:	4c 09       	sbc	r20, r12
     29a:	5d 09       	sbc	r21, r13
     29c:	06 c0       	rjmp	.+12     	; 0x2aa <_fpadd_parts+0x1c0>
     29e:	a6 01       	movw	r20, r12
     2a0:	95 01       	movw	r18, r10
     2a2:	2e 19       	sub	r18, r14
     2a4:	3f 09       	sbc	r19, r15
     2a6:	40 0b       	sbc	r20, r16
     2a8:	51 0b       	sbc	r21, r17
     2aa:	57 fd       	sbrc	r21, 7
     2ac:	08 c0       	rjmp	.+16     	; 0x2be <_fpadd_parts+0x1d4>
     2ae:	11 82       	std	Z+1, r1	; 0x01
     2b0:	33 82       	std	Z+3, r3	; 0x03
     2b2:	22 82       	std	Z+2, r2	; 0x02
     2b4:	24 83       	std	Z+4, r18	; 0x04
     2b6:	35 83       	std	Z+5, r19	; 0x05
     2b8:	46 83       	std	Z+6, r20	; 0x06
     2ba:	57 83       	std	Z+7, r21	; 0x07
     2bc:	1d c0       	rjmp	.+58     	; 0x2f8 <_fpadd_parts+0x20e>
     2be:	81 e0       	ldi	r24, 0x01	; 1
     2c0:	81 83       	std	Z+1, r24	; 0x01
     2c2:	33 82       	std	Z+3, r3	; 0x03
     2c4:	22 82       	std	Z+2, r2	; 0x02
     2c6:	88 27       	eor	r24, r24
     2c8:	99 27       	eor	r25, r25
     2ca:	dc 01       	movw	r26, r24
     2cc:	82 1b       	sub	r24, r18
     2ce:	93 0b       	sbc	r25, r19
     2d0:	a4 0b       	sbc	r26, r20
     2d2:	b5 0b       	sbc	r27, r21
     2d4:	84 83       	std	Z+4, r24	; 0x04
     2d6:	95 83       	std	Z+5, r25	; 0x05
     2d8:	a6 83       	std	Z+6, r26	; 0x06
     2da:	b7 83       	std	Z+7, r27	; 0x07
     2dc:	0d c0       	rjmp	.+26     	; 0x2f8 <_fpadd_parts+0x20e>
     2de:	22 0f       	add	r18, r18
     2e0:	33 1f       	adc	r19, r19
     2e2:	44 1f       	adc	r20, r20
     2e4:	55 1f       	adc	r21, r21
     2e6:	24 83       	std	Z+4, r18	; 0x04
     2e8:	35 83       	std	Z+5, r19	; 0x05
     2ea:	46 83       	std	Z+6, r20	; 0x06
     2ec:	57 83       	std	Z+7, r21	; 0x07
     2ee:	82 81       	ldd	r24, Z+2	; 0x02
     2f0:	93 81       	ldd	r25, Z+3	; 0x03
     2f2:	01 97       	sbiw	r24, 0x01	; 1
     2f4:	93 83       	std	Z+3, r25	; 0x03
     2f6:	82 83       	std	Z+2, r24	; 0x02
     2f8:	24 81       	ldd	r18, Z+4	; 0x04
     2fa:	35 81       	ldd	r19, Z+5	; 0x05
     2fc:	46 81       	ldd	r20, Z+6	; 0x06
     2fe:	57 81       	ldd	r21, Z+7	; 0x07
     300:	da 01       	movw	r26, r20
     302:	c9 01       	movw	r24, r18
     304:	01 97       	sbiw	r24, 0x01	; 1
     306:	a1 09       	sbc	r26, r1
     308:	b1 09       	sbc	r27, r1
     30a:	8f 5f       	subi	r24, 0xFF	; 255
     30c:	9f 4f       	sbci	r25, 0xFF	; 255
     30e:	af 4f       	sbci	r26, 0xFF	; 255
     310:	bf 43       	sbci	r27, 0x3F	; 63
     312:	28 f3       	brcs	.-54     	; 0x2de <_fpadd_parts+0x1f4>
     314:	0b c0       	rjmp	.+22     	; 0x32c <_fpadd_parts+0x242>
     316:	91 83       	std	Z+1, r25	; 0x01
     318:	33 82       	std	Z+3, r3	; 0x03
     31a:	22 82       	std	Z+2, r2	; 0x02
     31c:	ea 0c       	add	r14, r10
     31e:	fb 1c       	adc	r15, r11
     320:	0c 1d       	adc	r16, r12
     322:	1d 1d       	adc	r17, r13
     324:	e4 82       	std	Z+4, r14	; 0x04
     326:	f5 82       	std	Z+5, r15	; 0x05
     328:	06 83       	std	Z+6, r16	; 0x06
     32a:	17 83       	std	Z+7, r17	; 0x07
     32c:	83 e0       	ldi	r24, 0x03	; 3
     32e:	80 83       	st	Z, r24
     330:	24 81       	ldd	r18, Z+4	; 0x04
     332:	35 81       	ldd	r19, Z+5	; 0x05
     334:	46 81       	ldd	r20, Z+6	; 0x06
     336:	57 81       	ldd	r21, Z+7	; 0x07
     338:	57 ff       	sbrs	r21, 7
     33a:	1a c0       	rjmp	.+52     	; 0x370 <_fpadd_parts+0x286>
     33c:	c9 01       	movw	r24, r18
     33e:	aa 27       	eor	r26, r26
     340:	97 fd       	sbrc	r25, 7
     342:	a0 95       	com	r26
     344:	ba 2f       	mov	r27, r26
     346:	81 70       	andi	r24, 0x01	; 1
     348:	90 70       	andi	r25, 0x00	; 0
     34a:	a0 70       	andi	r26, 0x00	; 0
     34c:	b0 70       	andi	r27, 0x00	; 0
     34e:	56 95       	lsr	r21
     350:	47 95       	ror	r20
     352:	37 95       	ror	r19
     354:	27 95       	ror	r18
     356:	82 2b       	or	r24, r18
     358:	93 2b       	or	r25, r19
     35a:	a4 2b       	or	r26, r20
     35c:	b5 2b       	or	r27, r21
     35e:	84 83       	std	Z+4, r24	; 0x04
     360:	95 83       	std	Z+5, r25	; 0x05
     362:	a6 83       	std	Z+6, r26	; 0x06
     364:	b7 83       	std	Z+7, r27	; 0x07
     366:	82 81       	ldd	r24, Z+2	; 0x02
     368:	93 81       	ldd	r25, Z+3	; 0x03
     36a:	01 96       	adiw	r24, 0x01	; 1
     36c:	93 83       	std	Z+3, r25	; 0x03
     36e:	82 83       	std	Z+2, r24	; 0x02
     370:	df 01       	movw	r26, r30
     372:	01 c0       	rjmp	.+2      	; 0x376 <_fpadd_parts+0x28c>
     374:	d2 01       	movw	r26, r4
     376:	cd 01       	movw	r24, r26
     378:	cd b7       	in	r28, 0x3d	; 61
     37a:	de b7       	in	r29, 0x3e	; 62
     37c:	e2 e1       	ldi	r30, 0x12	; 18
     37e:	0c 94 d4 2c 	jmp	0x59a8	; 0x59a8 <__epilogue_restores__>

00000382 <__subsf3>:
     382:	a0 e2       	ldi	r26, 0x20	; 32
     384:	b0 e0       	ldi	r27, 0x00	; 0
     386:	e7 ec       	ldi	r30, 0xC7	; 199
     388:	f1 e0       	ldi	r31, 0x01	; 1
     38a:	0c 94 c4 2c 	jmp	0x5988	; 0x5988 <__prologue_saves__+0x18>
     38e:	69 83       	std	Y+1, r22	; 0x01
     390:	7a 83       	std	Y+2, r23	; 0x02
     392:	8b 83       	std	Y+3, r24	; 0x03
     394:	9c 83       	std	Y+4, r25	; 0x04
     396:	2d 83       	std	Y+5, r18	; 0x05
     398:	3e 83       	std	Y+6, r19	; 0x06
     39a:	4f 83       	std	Y+7, r20	; 0x07
     39c:	58 87       	std	Y+8, r21	; 0x08
     39e:	e9 e0       	ldi	r30, 0x09	; 9
     3a0:	ee 2e       	mov	r14, r30
     3a2:	f1 2c       	mov	r15, r1
     3a4:	ec 0e       	add	r14, r28
     3a6:	fd 1e       	adc	r15, r29
     3a8:	ce 01       	movw	r24, r28
     3aa:	01 96       	adiw	r24, 0x01	; 1
     3ac:	b7 01       	movw	r22, r14
     3ae:	0e 94 7e 05 	call	0xafc	; 0xafc <__unpack_f>
     3b2:	8e 01       	movw	r16, r28
     3b4:	0f 5e       	subi	r16, 0xEF	; 239
     3b6:	1f 4f       	sbci	r17, 0xFF	; 255
     3b8:	ce 01       	movw	r24, r28
     3ba:	05 96       	adiw	r24, 0x05	; 5
     3bc:	b8 01       	movw	r22, r16
     3be:	0e 94 7e 05 	call	0xafc	; 0xafc <__unpack_f>
     3c2:	8a 89       	ldd	r24, Y+18	; 0x12
     3c4:	91 e0       	ldi	r25, 0x01	; 1
     3c6:	89 27       	eor	r24, r25
     3c8:	8a 8b       	std	Y+18, r24	; 0x12
     3ca:	c7 01       	movw	r24, r14
     3cc:	b8 01       	movw	r22, r16
     3ce:	ae 01       	movw	r20, r28
     3d0:	47 5e       	subi	r20, 0xE7	; 231
     3d2:	5f 4f       	sbci	r21, 0xFF	; 255
     3d4:	0e 94 75 00 	call	0xea	; 0xea <_fpadd_parts>
     3d8:	0e 94 a9 04 	call	0x952	; 0x952 <__pack_f>
     3dc:	a0 96       	adiw	r28, 0x20	; 32
     3de:	e6 e0       	ldi	r30, 0x06	; 6
     3e0:	0c 94 e0 2c 	jmp	0x59c0	; 0x59c0 <__epilogue_restores__+0x18>

000003e4 <__addsf3>:
     3e4:	a0 e2       	ldi	r26, 0x20	; 32
     3e6:	b0 e0       	ldi	r27, 0x00	; 0
     3e8:	e8 ef       	ldi	r30, 0xF8	; 248
     3ea:	f1 e0       	ldi	r31, 0x01	; 1
     3ec:	0c 94 c4 2c 	jmp	0x5988	; 0x5988 <__prologue_saves__+0x18>
     3f0:	69 83       	std	Y+1, r22	; 0x01
     3f2:	7a 83       	std	Y+2, r23	; 0x02
     3f4:	8b 83       	std	Y+3, r24	; 0x03
     3f6:	9c 83       	std	Y+4, r25	; 0x04
     3f8:	2d 83       	std	Y+5, r18	; 0x05
     3fa:	3e 83       	std	Y+6, r19	; 0x06
     3fc:	4f 83       	std	Y+7, r20	; 0x07
     3fe:	58 87       	std	Y+8, r21	; 0x08
     400:	f9 e0       	ldi	r31, 0x09	; 9
     402:	ef 2e       	mov	r14, r31
     404:	f1 2c       	mov	r15, r1
     406:	ec 0e       	add	r14, r28
     408:	fd 1e       	adc	r15, r29
     40a:	ce 01       	movw	r24, r28
     40c:	01 96       	adiw	r24, 0x01	; 1
     40e:	b7 01       	movw	r22, r14
     410:	0e 94 7e 05 	call	0xafc	; 0xafc <__unpack_f>
     414:	8e 01       	movw	r16, r28
     416:	0f 5e       	subi	r16, 0xEF	; 239
     418:	1f 4f       	sbci	r17, 0xFF	; 255
     41a:	ce 01       	movw	r24, r28
     41c:	05 96       	adiw	r24, 0x05	; 5
     41e:	b8 01       	movw	r22, r16
     420:	0e 94 7e 05 	call	0xafc	; 0xafc <__unpack_f>
     424:	c7 01       	movw	r24, r14
     426:	b8 01       	movw	r22, r16
     428:	ae 01       	movw	r20, r28
     42a:	47 5e       	subi	r20, 0xE7	; 231
     42c:	5f 4f       	sbci	r21, 0xFF	; 255
     42e:	0e 94 75 00 	call	0xea	; 0xea <_fpadd_parts>
     432:	0e 94 a9 04 	call	0x952	; 0x952 <__pack_f>
     436:	a0 96       	adiw	r28, 0x20	; 32
     438:	e6 e0       	ldi	r30, 0x06	; 6
     43a:	0c 94 e0 2c 	jmp	0x59c0	; 0x59c0 <__epilogue_restores__+0x18>

0000043e <__mulsf3>:
     43e:	a0 e2       	ldi	r26, 0x20	; 32
     440:	b0 e0       	ldi	r27, 0x00	; 0
     442:	e5 e2       	ldi	r30, 0x25	; 37
     444:	f2 e0       	ldi	r31, 0x02	; 2
     446:	0c 94 b8 2c 	jmp	0x5970	; 0x5970 <__prologue_saves__>
     44a:	69 83       	std	Y+1, r22	; 0x01
     44c:	7a 83       	std	Y+2, r23	; 0x02
     44e:	8b 83       	std	Y+3, r24	; 0x03
     450:	9c 83       	std	Y+4, r25	; 0x04
     452:	2d 83       	std	Y+5, r18	; 0x05
     454:	3e 83       	std	Y+6, r19	; 0x06
     456:	4f 83       	std	Y+7, r20	; 0x07
     458:	58 87       	std	Y+8, r21	; 0x08
     45a:	ce 01       	movw	r24, r28
     45c:	01 96       	adiw	r24, 0x01	; 1
     45e:	be 01       	movw	r22, r28
     460:	67 5f       	subi	r22, 0xF7	; 247
     462:	7f 4f       	sbci	r23, 0xFF	; 255
     464:	0e 94 7e 05 	call	0xafc	; 0xafc <__unpack_f>
     468:	ce 01       	movw	r24, r28
     46a:	05 96       	adiw	r24, 0x05	; 5
     46c:	be 01       	movw	r22, r28
     46e:	6f 5e       	subi	r22, 0xEF	; 239
     470:	7f 4f       	sbci	r23, 0xFF	; 255
     472:	0e 94 7e 05 	call	0xafc	; 0xafc <__unpack_f>
     476:	99 85       	ldd	r25, Y+9	; 0x09
     478:	92 30       	cpi	r25, 0x02	; 2
     47a:	88 f0       	brcs	.+34     	; 0x49e <__mulsf3+0x60>
     47c:	89 89       	ldd	r24, Y+17	; 0x11
     47e:	82 30       	cpi	r24, 0x02	; 2
     480:	c8 f0       	brcs	.+50     	; 0x4b4 <__mulsf3+0x76>
     482:	94 30       	cpi	r25, 0x04	; 4
     484:	19 f4       	brne	.+6      	; 0x48c <__mulsf3+0x4e>
     486:	82 30       	cpi	r24, 0x02	; 2
     488:	51 f4       	brne	.+20     	; 0x49e <__mulsf3+0x60>
     48a:	04 c0       	rjmp	.+8      	; 0x494 <__mulsf3+0x56>
     48c:	84 30       	cpi	r24, 0x04	; 4
     48e:	29 f4       	brne	.+10     	; 0x49a <__mulsf3+0x5c>
     490:	92 30       	cpi	r25, 0x02	; 2
     492:	81 f4       	brne	.+32     	; 0x4b4 <__mulsf3+0x76>
     494:	87 ef       	ldi	r24, 0xF7	; 247
     496:	90 e0       	ldi	r25, 0x00	; 0
     498:	c6 c0       	rjmp	.+396    	; 0x626 <__mulsf3+0x1e8>
     49a:	92 30       	cpi	r25, 0x02	; 2
     49c:	49 f4       	brne	.+18     	; 0x4b0 <__mulsf3+0x72>
     49e:	20 e0       	ldi	r18, 0x00	; 0
     4a0:	9a 85       	ldd	r25, Y+10	; 0x0a
     4a2:	8a 89       	ldd	r24, Y+18	; 0x12
     4a4:	98 13       	cpse	r25, r24
     4a6:	21 e0       	ldi	r18, 0x01	; 1
     4a8:	2a 87       	std	Y+10, r18	; 0x0a
     4aa:	ce 01       	movw	r24, r28
     4ac:	09 96       	adiw	r24, 0x09	; 9
     4ae:	bb c0       	rjmp	.+374    	; 0x626 <__mulsf3+0x1e8>
     4b0:	82 30       	cpi	r24, 0x02	; 2
     4b2:	49 f4       	brne	.+18     	; 0x4c6 <__mulsf3+0x88>
     4b4:	20 e0       	ldi	r18, 0x00	; 0
     4b6:	9a 85       	ldd	r25, Y+10	; 0x0a
     4b8:	8a 89       	ldd	r24, Y+18	; 0x12
     4ba:	98 13       	cpse	r25, r24
     4bc:	21 e0       	ldi	r18, 0x01	; 1
     4be:	2a 8b       	std	Y+18, r18	; 0x12
     4c0:	ce 01       	movw	r24, r28
     4c2:	41 96       	adiw	r24, 0x11	; 17
     4c4:	b0 c0       	rjmp	.+352    	; 0x626 <__mulsf3+0x1e8>
     4c6:	2d 84       	ldd	r2, Y+13	; 0x0d
     4c8:	3e 84       	ldd	r3, Y+14	; 0x0e
     4ca:	4f 84       	ldd	r4, Y+15	; 0x0f
     4cc:	58 88       	ldd	r5, Y+16	; 0x10
     4ce:	6d 88       	ldd	r6, Y+21	; 0x15
     4d0:	7e 88       	ldd	r7, Y+22	; 0x16
     4d2:	8f 88       	ldd	r8, Y+23	; 0x17
     4d4:	98 8c       	ldd	r9, Y+24	; 0x18
     4d6:	ee 24       	eor	r14, r14
     4d8:	ff 24       	eor	r15, r15
     4da:	87 01       	movw	r16, r14
     4dc:	aa 24       	eor	r10, r10
     4de:	bb 24       	eor	r11, r11
     4e0:	65 01       	movw	r12, r10
     4e2:	40 e0       	ldi	r20, 0x00	; 0
     4e4:	50 e0       	ldi	r21, 0x00	; 0
     4e6:	60 e0       	ldi	r22, 0x00	; 0
     4e8:	70 e0       	ldi	r23, 0x00	; 0
     4ea:	e0 e0       	ldi	r30, 0x00	; 0
     4ec:	f0 e0       	ldi	r31, 0x00	; 0
     4ee:	c1 01       	movw	r24, r2
     4f0:	81 70       	andi	r24, 0x01	; 1
     4f2:	90 70       	andi	r25, 0x00	; 0
     4f4:	89 2b       	or	r24, r25
     4f6:	e9 f0       	breq	.+58     	; 0x532 <__mulsf3+0xf4>
     4f8:	e6 0c       	add	r14, r6
     4fa:	f7 1c       	adc	r15, r7
     4fc:	08 1d       	adc	r16, r8
     4fe:	19 1d       	adc	r17, r9
     500:	9a 01       	movw	r18, r20
     502:	ab 01       	movw	r20, r22
     504:	2a 0d       	add	r18, r10
     506:	3b 1d       	adc	r19, r11
     508:	4c 1d       	adc	r20, r12
     50a:	5d 1d       	adc	r21, r13
     50c:	80 e0       	ldi	r24, 0x00	; 0
     50e:	90 e0       	ldi	r25, 0x00	; 0
     510:	a0 e0       	ldi	r26, 0x00	; 0
     512:	b0 e0       	ldi	r27, 0x00	; 0
     514:	e6 14       	cp	r14, r6
     516:	f7 04       	cpc	r15, r7
     518:	08 05       	cpc	r16, r8
     51a:	19 05       	cpc	r17, r9
     51c:	20 f4       	brcc	.+8      	; 0x526 <__mulsf3+0xe8>
     51e:	81 e0       	ldi	r24, 0x01	; 1
     520:	90 e0       	ldi	r25, 0x00	; 0
     522:	a0 e0       	ldi	r26, 0x00	; 0
     524:	b0 e0       	ldi	r27, 0x00	; 0
     526:	ba 01       	movw	r22, r20
     528:	a9 01       	movw	r20, r18
     52a:	48 0f       	add	r20, r24
     52c:	59 1f       	adc	r21, r25
     52e:	6a 1f       	adc	r22, r26
     530:	7b 1f       	adc	r23, r27
     532:	aa 0c       	add	r10, r10
     534:	bb 1c       	adc	r11, r11
     536:	cc 1c       	adc	r12, r12
     538:	dd 1c       	adc	r13, r13
     53a:	97 fe       	sbrs	r9, 7
     53c:	08 c0       	rjmp	.+16     	; 0x54e <__mulsf3+0x110>
     53e:	81 e0       	ldi	r24, 0x01	; 1
     540:	90 e0       	ldi	r25, 0x00	; 0
     542:	a0 e0       	ldi	r26, 0x00	; 0
     544:	b0 e0       	ldi	r27, 0x00	; 0
     546:	a8 2a       	or	r10, r24
     548:	b9 2a       	or	r11, r25
     54a:	ca 2a       	or	r12, r26
     54c:	db 2a       	or	r13, r27
     54e:	31 96       	adiw	r30, 0x01	; 1
     550:	e0 32       	cpi	r30, 0x20	; 32
     552:	f1 05       	cpc	r31, r1
     554:	49 f0       	breq	.+18     	; 0x568 <__mulsf3+0x12a>
     556:	66 0c       	add	r6, r6
     558:	77 1c       	adc	r7, r7
     55a:	88 1c       	adc	r8, r8
     55c:	99 1c       	adc	r9, r9
     55e:	56 94       	lsr	r5
     560:	47 94       	ror	r4
     562:	37 94       	ror	r3
     564:	27 94       	ror	r2
     566:	c3 cf       	rjmp	.-122    	; 0x4ee <__mulsf3+0xb0>
     568:	fa 85       	ldd	r31, Y+10	; 0x0a
     56a:	ea 89       	ldd	r30, Y+18	; 0x12
     56c:	2b 89       	ldd	r18, Y+19	; 0x13
     56e:	3c 89       	ldd	r19, Y+20	; 0x14
     570:	8b 85       	ldd	r24, Y+11	; 0x0b
     572:	9c 85       	ldd	r25, Y+12	; 0x0c
     574:	28 0f       	add	r18, r24
     576:	39 1f       	adc	r19, r25
     578:	2e 5f       	subi	r18, 0xFE	; 254
     57a:	3f 4f       	sbci	r19, 0xFF	; 255
     57c:	17 c0       	rjmp	.+46     	; 0x5ac <__mulsf3+0x16e>
     57e:	ca 01       	movw	r24, r20
     580:	81 70       	andi	r24, 0x01	; 1
     582:	90 70       	andi	r25, 0x00	; 0
     584:	89 2b       	or	r24, r25
     586:	61 f0       	breq	.+24     	; 0x5a0 <__mulsf3+0x162>
     588:	16 95       	lsr	r17
     58a:	07 95       	ror	r16
     58c:	f7 94       	ror	r15
     58e:	e7 94       	ror	r14
     590:	80 e0       	ldi	r24, 0x00	; 0
     592:	90 e0       	ldi	r25, 0x00	; 0
     594:	a0 e0       	ldi	r26, 0x00	; 0
     596:	b0 e8       	ldi	r27, 0x80	; 128
     598:	e8 2a       	or	r14, r24
     59a:	f9 2a       	or	r15, r25
     59c:	0a 2b       	or	r16, r26
     59e:	1b 2b       	or	r17, r27
     5a0:	76 95       	lsr	r23
     5a2:	67 95       	ror	r22
     5a4:	57 95       	ror	r21
     5a6:	47 95       	ror	r20
     5a8:	2f 5f       	subi	r18, 0xFF	; 255
     5aa:	3f 4f       	sbci	r19, 0xFF	; 255
     5ac:	77 fd       	sbrc	r23, 7
     5ae:	e7 cf       	rjmp	.-50     	; 0x57e <__mulsf3+0x140>
     5b0:	0c c0       	rjmp	.+24     	; 0x5ca <__mulsf3+0x18c>
     5b2:	44 0f       	add	r20, r20
     5b4:	55 1f       	adc	r21, r21
     5b6:	66 1f       	adc	r22, r22
     5b8:	77 1f       	adc	r23, r23
     5ba:	17 fd       	sbrc	r17, 7
     5bc:	41 60       	ori	r20, 0x01	; 1
     5be:	ee 0c       	add	r14, r14
     5c0:	ff 1c       	adc	r15, r15
     5c2:	00 1f       	adc	r16, r16
     5c4:	11 1f       	adc	r17, r17
     5c6:	21 50       	subi	r18, 0x01	; 1
     5c8:	30 40       	sbci	r19, 0x00	; 0
     5ca:	40 30       	cpi	r20, 0x00	; 0
     5cc:	90 e0       	ldi	r25, 0x00	; 0
     5ce:	59 07       	cpc	r21, r25
     5d0:	90 e0       	ldi	r25, 0x00	; 0
     5d2:	69 07       	cpc	r22, r25
     5d4:	90 e4       	ldi	r25, 0x40	; 64
     5d6:	79 07       	cpc	r23, r25
     5d8:	60 f3       	brcs	.-40     	; 0x5b2 <__mulsf3+0x174>
     5da:	2b 8f       	std	Y+27, r18	; 0x1b
     5dc:	3c 8f       	std	Y+28, r19	; 0x1c
     5de:	db 01       	movw	r26, r22
     5e0:	ca 01       	movw	r24, r20
     5e2:	8f 77       	andi	r24, 0x7F	; 127
     5e4:	90 70       	andi	r25, 0x00	; 0
     5e6:	a0 70       	andi	r26, 0x00	; 0
     5e8:	b0 70       	andi	r27, 0x00	; 0
     5ea:	80 34       	cpi	r24, 0x40	; 64
     5ec:	91 05       	cpc	r25, r1
     5ee:	a1 05       	cpc	r26, r1
     5f0:	b1 05       	cpc	r27, r1
     5f2:	61 f4       	brne	.+24     	; 0x60c <__mulsf3+0x1ce>
     5f4:	47 fd       	sbrc	r20, 7
     5f6:	0a c0       	rjmp	.+20     	; 0x60c <__mulsf3+0x1ce>
     5f8:	e1 14       	cp	r14, r1
     5fa:	f1 04       	cpc	r15, r1
     5fc:	01 05       	cpc	r16, r1
     5fe:	11 05       	cpc	r17, r1
     600:	29 f0       	breq	.+10     	; 0x60c <__mulsf3+0x1ce>
     602:	40 5c       	subi	r20, 0xC0	; 192
     604:	5f 4f       	sbci	r21, 0xFF	; 255
     606:	6f 4f       	sbci	r22, 0xFF	; 255
     608:	7f 4f       	sbci	r23, 0xFF	; 255
     60a:	40 78       	andi	r20, 0x80	; 128
     60c:	1a 8e       	std	Y+26, r1	; 0x1a
     60e:	fe 17       	cp	r31, r30
     610:	11 f0       	breq	.+4      	; 0x616 <__mulsf3+0x1d8>
     612:	81 e0       	ldi	r24, 0x01	; 1
     614:	8a 8f       	std	Y+26, r24	; 0x1a
     616:	4d 8f       	std	Y+29, r20	; 0x1d
     618:	5e 8f       	std	Y+30, r21	; 0x1e
     61a:	6f 8f       	std	Y+31, r22	; 0x1f
     61c:	78 a3       	std	Y+32, r23	; 0x20
     61e:	83 e0       	ldi	r24, 0x03	; 3
     620:	89 8f       	std	Y+25, r24	; 0x19
     622:	ce 01       	movw	r24, r28
     624:	49 96       	adiw	r24, 0x19	; 25
     626:	0e 94 a9 04 	call	0x952	; 0x952 <__pack_f>
     62a:	a0 96       	adiw	r28, 0x20	; 32
     62c:	e2 e1       	ldi	r30, 0x12	; 18
     62e:	0c 94 d4 2c 	jmp	0x59a8	; 0x59a8 <__epilogue_restores__>

00000632 <__divsf3>:
     632:	a8 e1       	ldi	r26, 0x18	; 24
     634:	b0 e0       	ldi	r27, 0x00	; 0
     636:	ef e1       	ldi	r30, 0x1F	; 31
     638:	f3 e0       	ldi	r31, 0x03	; 3
     63a:	0c 94 c0 2c 	jmp	0x5980	; 0x5980 <__prologue_saves__+0x10>
     63e:	69 83       	std	Y+1, r22	; 0x01
     640:	7a 83       	std	Y+2, r23	; 0x02
     642:	8b 83       	std	Y+3, r24	; 0x03
     644:	9c 83       	std	Y+4, r25	; 0x04
     646:	2d 83       	std	Y+5, r18	; 0x05
     648:	3e 83       	std	Y+6, r19	; 0x06
     64a:	4f 83       	std	Y+7, r20	; 0x07
     64c:	58 87       	std	Y+8, r21	; 0x08
     64e:	b9 e0       	ldi	r27, 0x09	; 9
     650:	eb 2e       	mov	r14, r27
     652:	f1 2c       	mov	r15, r1
     654:	ec 0e       	add	r14, r28
     656:	fd 1e       	adc	r15, r29
     658:	ce 01       	movw	r24, r28
     65a:	01 96       	adiw	r24, 0x01	; 1
     65c:	b7 01       	movw	r22, r14
     65e:	0e 94 7e 05 	call	0xafc	; 0xafc <__unpack_f>
     662:	8e 01       	movw	r16, r28
     664:	0f 5e       	subi	r16, 0xEF	; 239
     666:	1f 4f       	sbci	r17, 0xFF	; 255
     668:	ce 01       	movw	r24, r28
     66a:	05 96       	adiw	r24, 0x05	; 5
     66c:	b8 01       	movw	r22, r16
     66e:	0e 94 7e 05 	call	0xafc	; 0xafc <__unpack_f>
     672:	29 85       	ldd	r18, Y+9	; 0x09
     674:	22 30       	cpi	r18, 0x02	; 2
     676:	08 f4       	brcc	.+2      	; 0x67a <__divsf3+0x48>
     678:	7e c0       	rjmp	.+252    	; 0x776 <__divsf3+0x144>
     67a:	39 89       	ldd	r19, Y+17	; 0x11
     67c:	32 30       	cpi	r19, 0x02	; 2
     67e:	10 f4       	brcc	.+4      	; 0x684 <__divsf3+0x52>
     680:	b8 01       	movw	r22, r16
     682:	7c c0       	rjmp	.+248    	; 0x77c <__divsf3+0x14a>
     684:	8a 85       	ldd	r24, Y+10	; 0x0a
     686:	9a 89       	ldd	r25, Y+18	; 0x12
     688:	89 27       	eor	r24, r25
     68a:	8a 87       	std	Y+10, r24	; 0x0a
     68c:	24 30       	cpi	r18, 0x04	; 4
     68e:	11 f0       	breq	.+4      	; 0x694 <__divsf3+0x62>
     690:	22 30       	cpi	r18, 0x02	; 2
     692:	31 f4       	brne	.+12     	; 0x6a0 <__divsf3+0x6e>
     694:	23 17       	cp	r18, r19
     696:	09 f0       	breq	.+2      	; 0x69a <__divsf3+0x68>
     698:	6e c0       	rjmp	.+220    	; 0x776 <__divsf3+0x144>
     69a:	67 ef       	ldi	r22, 0xF7	; 247
     69c:	70 e0       	ldi	r23, 0x00	; 0
     69e:	6e c0       	rjmp	.+220    	; 0x77c <__divsf3+0x14a>
     6a0:	34 30       	cpi	r19, 0x04	; 4
     6a2:	39 f4       	brne	.+14     	; 0x6b2 <__divsf3+0x80>
     6a4:	1d 86       	std	Y+13, r1	; 0x0d
     6a6:	1e 86       	std	Y+14, r1	; 0x0e
     6a8:	1f 86       	std	Y+15, r1	; 0x0f
     6aa:	18 8a       	std	Y+16, r1	; 0x10
     6ac:	1c 86       	std	Y+12, r1	; 0x0c
     6ae:	1b 86       	std	Y+11, r1	; 0x0b
     6b0:	04 c0       	rjmp	.+8      	; 0x6ba <__divsf3+0x88>
     6b2:	32 30       	cpi	r19, 0x02	; 2
     6b4:	21 f4       	brne	.+8      	; 0x6be <__divsf3+0x8c>
     6b6:	84 e0       	ldi	r24, 0x04	; 4
     6b8:	89 87       	std	Y+9, r24	; 0x09
     6ba:	b7 01       	movw	r22, r14
     6bc:	5f c0       	rjmp	.+190    	; 0x77c <__divsf3+0x14a>
     6be:	2b 85       	ldd	r18, Y+11	; 0x0b
     6c0:	3c 85       	ldd	r19, Y+12	; 0x0c
     6c2:	8b 89       	ldd	r24, Y+19	; 0x13
     6c4:	9c 89       	ldd	r25, Y+20	; 0x14
     6c6:	28 1b       	sub	r18, r24
     6c8:	39 0b       	sbc	r19, r25
     6ca:	3c 87       	std	Y+12, r19	; 0x0c
     6cc:	2b 87       	std	Y+11, r18	; 0x0b
     6ce:	ed 84       	ldd	r14, Y+13	; 0x0d
     6d0:	fe 84       	ldd	r15, Y+14	; 0x0e
     6d2:	0f 85       	ldd	r16, Y+15	; 0x0f
     6d4:	18 89       	ldd	r17, Y+16	; 0x10
     6d6:	ad 88       	ldd	r10, Y+21	; 0x15
     6d8:	be 88       	ldd	r11, Y+22	; 0x16
     6da:	cf 88       	ldd	r12, Y+23	; 0x17
     6dc:	d8 8c       	ldd	r13, Y+24	; 0x18
     6de:	ea 14       	cp	r14, r10
     6e0:	fb 04       	cpc	r15, r11
     6e2:	0c 05       	cpc	r16, r12
     6e4:	1d 05       	cpc	r17, r13
     6e6:	40 f4       	brcc	.+16     	; 0x6f8 <__divsf3+0xc6>
     6e8:	ee 0c       	add	r14, r14
     6ea:	ff 1c       	adc	r15, r15
     6ec:	00 1f       	adc	r16, r16
     6ee:	11 1f       	adc	r17, r17
     6f0:	21 50       	subi	r18, 0x01	; 1
     6f2:	30 40       	sbci	r19, 0x00	; 0
     6f4:	3c 87       	std	Y+12, r19	; 0x0c
     6f6:	2b 87       	std	Y+11, r18	; 0x0b
     6f8:	20 e0       	ldi	r18, 0x00	; 0
     6fa:	30 e0       	ldi	r19, 0x00	; 0
     6fc:	40 e0       	ldi	r20, 0x00	; 0
     6fe:	50 e0       	ldi	r21, 0x00	; 0
     700:	80 e0       	ldi	r24, 0x00	; 0
     702:	90 e0       	ldi	r25, 0x00	; 0
     704:	a0 e0       	ldi	r26, 0x00	; 0
     706:	b0 e4       	ldi	r27, 0x40	; 64
     708:	60 e0       	ldi	r22, 0x00	; 0
     70a:	70 e0       	ldi	r23, 0x00	; 0
     70c:	ea 14       	cp	r14, r10
     70e:	fb 04       	cpc	r15, r11
     710:	0c 05       	cpc	r16, r12
     712:	1d 05       	cpc	r17, r13
     714:	40 f0       	brcs	.+16     	; 0x726 <__divsf3+0xf4>
     716:	28 2b       	or	r18, r24
     718:	39 2b       	or	r19, r25
     71a:	4a 2b       	or	r20, r26
     71c:	5b 2b       	or	r21, r27
     71e:	ea 18       	sub	r14, r10
     720:	fb 08       	sbc	r15, r11
     722:	0c 09       	sbc	r16, r12
     724:	1d 09       	sbc	r17, r13
     726:	b6 95       	lsr	r27
     728:	a7 95       	ror	r26
     72a:	97 95       	ror	r25
     72c:	87 95       	ror	r24
     72e:	ee 0c       	add	r14, r14
     730:	ff 1c       	adc	r15, r15
     732:	00 1f       	adc	r16, r16
     734:	11 1f       	adc	r17, r17
     736:	6f 5f       	subi	r22, 0xFF	; 255
     738:	7f 4f       	sbci	r23, 0xFF	; 255
     73a:	6f 31       	cpi	r22, 0x1F	; 31
     73c:	71 05       	cpc	r23, r1
     73e:	31 f7       	brne	.-52     	; 0x70c <__divsf3+0xda>
     740:	da 01       	movw	r26, r20
     742:	c9 01       	movw	r24, r18
     744:	8f 77       	andi	r24, 0x7F	; 127
     746:	90 70       	andi	r25, 0x00	; 0
     748:	a0 70       	andi	r26, 0x00	; 0
     74a:	b0 70       	andi	r27, 0x00	; 0
     74c:	80 34       	cpi	r24, 0x40	; 64
     74e:	91 05       	cpc	r25, r1
     750:	a1 05       	cpc	r26, r1
     752:	b1 05       	cpc	r27, r1
     754:	61 f4       	brne	.+24     	; 0x76e <__divsf3+0x13c>
     756:	27 fd       	sbrc	r18, 7
     758:	0a c0       	rjmp	.+20     	; 0x76e <__divsf3+0x13c>
     75a:	e1 14       	cp	r14, r1
     75c:	f1 04       	cpc	r15, r1
     75e:	01 05       	cpc	r16, r1
     760:	11 05       	cpc	r17, r1
     762:	29 f0       	breq	.+10     	; 0x76e <__divsf3+0x13c>
     764:	20 5c       	subi	r18, 0xC0	; 192
     766:	3f 4f       	sbci	r19, 0xFF	; 255
     768:	4f 4f       	sbci	r20, 0xFF	; 255
     76a:	5f 4f       	sbci	r21, 0xFF	; 255
     76c:	20 78       	andi	r18, 0x80	; 128
     76e:	2d 87       	std	Y+13, r18	; 0x0d
     770:	3e 87       	std	Y+14, r19	; 0x0e
     772:	4f 87       	std	Y+15, r20	; 0x0f
     774:	58 8b       	std	Y+16, r21	; 0x10
     776:	be 01       	movw	r22, r28
     778:	67 5f       	subi	r22, 0xF7	; 247
     77a:	7f 4f       	sbci	r23, 0xFF	; 255
     77c:	cb 01       	movw	r24, r22
     77e:	0e 94 a9 04 	call	0x952	; 0x952 <__pack_f>
     782:	68 96       	adiw	r28, 0x18	; 24
     784:	ea e0       	ldi	r30, 0x0A	; 10
     786:	0c 94 dc 2c 	jmp	0x59b8	; 0x59b8 <__epilogue_restores__+0x10>

0000078a <__gtsf2>:
     78a:	a8 e1       	ldi	r26, 0x18	; 24
     78c:	b0 e0       	ldi	r27, 0x00	; 0
     78e:	eb ec       	ldi	r30, 0xCB	; 203
     790:	f3 e0       	ldi	r31, 0x03	; 3
     792:	0c 94 c4 2c 	jmp	0x5988	; 0x5988 <__prologue_saves__+0x18>
     796:	69 83       	std	Y+1, r22	; 0x01
     798:	7a 83       	std	Y+2, r23	; 0x02
     79a:	8b 83       	std	Y+3, r24	; 0x03
     79c:	9c 83       	std	Y+4, r25	; 0x04
     79e:	2d 83       	std	Y+5, r18	; 0x05
     7a0:	3e 83       	std	Y+6, r19	; 0x06
     7a2:	4f 83       	std	Y+7, r20	; 0x07
     7a4:	58 87       	std	Y+8, r21	; 0x08
     7a6:	89 e0       	ldi	r24, 0x09	; 9
     7a8:	e8 2e       	mov	r14, r24
     7aa:	f1 2c       	mov	r15, r1
     7ac:	ec 0e       	add	r14, r28
     7ae:	fd 1e       	adc	r15, r29
     7b0:	ce 01       	movw	r24, r28
     7b2:	01 96       	adiw	r24, 0x01	; 1
     7b4:	b7 01       	movw	r22, r14
     7b6:	0e 94 7e 05 	call	0xafc	; 0xafc <__unpack_f>
     7ba:	8e 01       	movw	r16, r28
     7bc:	0f 5e       	subi	r16, 0xEF	; 239
     7be:	1f 4f       	sbci	r17, 0xFF	; 255
     7c0:	ce 01       	movw	r24, r28
     7c2:	05 96       	adiw	r24, 0x05	; 5
     7c4:	b8 01       	movw	r22, r16
     7c6:	0e 94 7e 05 	call	0xafc	; 0xafc <__unpack_f>
     7ca:	89 85       	ldd	r24, Y+9	; 0x09
     7cc:	82 30       	cpi	r24, 0x02	; 2
     7ce:	40 f0       	brcs	.+16     	; 0x7e0 <__gtsf2+0x56>
     7d0:	89 89       	ldd	r24, Y+17	; 0x11
     7d2:	82 30       	cpi	r24, 0x02	; 2
     7d4:	28 f0       	brcs	.+10     	; 0x7e0 <__gtsf2+0x56>
     7d6:	c7 01       	movw	r24, r14
     7d8:	b8 01       	movw	r22, r16
     7da:	0e 94 f6 05 	call	0xbec	; 0xbec <__fpcmp_parts_f>
     7de:	01 c0       	rjmp	.+2      	; 0x7e2 <__gtsf2+0x58>
     7e0:	8f ef       	ldi	r24, 0xFF	; 255
     7e2:	68 96       	adiw	r28, 0x18	; 24
     7e4:	e6 e0       	ldi	r30, 0x06	; 6
     7e6:	0c 94 e0 2c 	jmp	0x59c0	; 0x59c0 <__epilogue_restores__+0x18>

000007ea <__gesf2>:
     7ea:	a8 e1       	ldi	r26, 0x18	; 24
     7ec:	b0 e0       	ldi	r27, 0x00	; 0
     7ee:	eb ef       	ldi	r30, 0xFB	; 251
     7f0:	f3 e0       	ldi	r31, 0x03	; 3
     7f2:	0c 94 c4 2c 	jmp	0x5988	; 0x5988 <__prologue_saves__+0x18>
     7f6:	69 83       	std	Y+1, r22	; 0x01
     7f8:	7a 83       	std	Y+2, r23	; 0x02
     7fa:	8b 83       	std	Y+3, r24	; 0x03
     7fc:	9c 83       	std	Y+4, r25	; 0x04
     7fe:	2d 83       	std	Y+5, r18	; 0x05
     800:	3e 83       	std	Y+6, r19	; 0x06
     802:	4f 83       	std	Y+7, r20	; 0x07
     804:	58 87       	std	Y+8, r21	; 0x08
     806:	89 e0       	ldi	r24, 0x09	; 9
     808:	e8 2e       	mov	r14, r24
     80a:	f1 2c       	mov	r15, r1
     80c:	ec 0e       	add	r14, r28
     80e:	fd 1e       	adc	r15, r29
     810:	ce 01       	movw	r24, r28
     812:	01 96       	adiw	r24, 0x01	; 1
     814:	b7 01       	movw	r22, r14
     816:	0e 94 7e 05 	call	0xafc	; 0xafc <__unpack_f>
     81a:	8e 01       	movw	r16, r28
     81c:	0f 5e       	subi	r16, 0xEF	; 239
     81e:	1f 4f       	sbci	r17, 0xFF	; 255
     820:	ce 01       	movw	r24, r28
     822:	05 96       	adiw	r24, 0x05	; 5
     824:	b8 01       	movw	r22, r16
     826:	0e 94 7e 05 	call	0xafc	; 0xafc <__unpack_f>
     82a:	89 85       	ldd	r24, Y+9	; 0x09
     82c:	82 30       	cpi	r24, 0x02	; 2
     82e:	40 f0       	brcs	.+16     	; 0x840 <__gesf2+0x56>
     830:	89 89       	ldd	r24, Y+17	; 0x11
     832:	82 30       	cpi	r24, 0x02	; 2
     834:	28 f0       	brcs	.+10     	; 0x840 <__gesf2+0x56>
     836:	c7 01       	movw	r24, r14
     838:	b8 01       	movw	r22, r16
     83a:	0e 94 f6 05 	call	0xbec	; 0xbec <__fpcmp_parts_f>
     83e:	01 c0       	rjmp	.+2      	; 0x842 <__gesf2+0x58>
     840:	8f ef       	ldi	r24, 0xFF	; 255
     842:	68 96       	adiw	r28, 0x18	; 24
     844:	e6 e0       	ldi	r30, 0x06	; 6
     846:	0c 94 e0 2c 	jmp	0x59c0	; 0x59c0 <__epilogue_restores__+0x18>

0000084a <__ltsf2>:
     84a:	a8 e1       	ldi	r26, 0x18	; 24
     84c:	b0 e0       	ldi	r27, 0x00	; 0
     84e:	eb e2       	ldi	r30, 0x2B	; 43
     850:	f4 e0       	ldi	r31, 0x04	; 4
     852:	0c 94 c4 2c 	jmp	0x5988	; 0x5988 <__prologue_saves__+0x18>
     856:	69 83       	std	Y+1, r22	; 0x01
     858:	7a 83       	std	Y+2, r23	; 0x02
     85a:	8b 83       	std	Y+3, r24	; 0x03
     85c:	9c 83       	std	Y+4, r25	; 0x04
     85e:	2d 83       	std	Y+5, r18	; 0x05
     860:	3e 83       	std	Y+6, r19	; 0x06
     862:	4f 83       	std	Y+7, r20	; 0x07
     864:	58 87       	std	Y+8, r21	; 0x08
     866:	89 e0       	ldi	r24, 0x09	; 9
     868:	e8 2e       	mov	r14, r24
     86a:	f1 2c       	mov	r15, r1
     86c:	ec 0e       	add	r14, r28
     86e:	fd 1e       	adc	r15, r29
     870:	ce 01       	movw	r24, r28
     872:	01 96       	adiw	r24, 0x01	; 1
     874:	b7 01       	movw	r22, r14
     876:	0e 94 7e 05 	call	0xafc	; 0xafc <__unpack_f>
     87a:	8e 01       	movw	r16, r28
     87c:	0f 5e       	subi	r16, 0xEF	; 239
     87e:	1f 4f       	sbci	r17, 0xFF	; 255
     880:	ce 01       	movw	r24, r28
     882:	05 96       	adiw	r24, 0x05	; 5
     884:	b8 01       	movw	r22, r16
     886:	0e 94 7e 05 	call	0xafc	; 0xafc <__unpack_f>
     88a:	89 85       	ldd	r24, Y+9	; 0x09
     88c:	82 30       	cpi	r24, 0x02	; 2
     88e:	40 f0       	brcs	.+16     	; 0x8a0 <__stack+0x41>
     890:	89 89       	ldd	r24, Y+17	; 0x11
     892:	82 30       	cpi	r24, 0x02	; 2
     894:	28 f0       	brcs	.+10     	; 0x8a0 <__stack+0x41>
     896:	c7 01       	movw	r24, r14
     898:	b8 01       	movw	r22, r16
     89a:	0e 94 f6 05 	call	0xbec	; 0xbec <__fpcmp_parts_f>
     89e:	01 c0       	rjmp	.+2      	; 0x8a2 <__stack+0x43>
     8a0:	81 e0       	ldi	r24, 0x01	; 1
     8a2:	68 96       	adiw	r28, 0x18	; 24
     8a4:	e6 e0       	ldi	r30, 0x06	; 6
     8a6:	0c 94 e0 2c 	jmp	0x59c0	; 0x59c0 <__epilogue_restores__+0x18>

000008aa <__fixsfsi>:
     8aa:	ac e0       	ldi	r26, 0x0C	; 12
     8ac:	b0 e0       	ldi	r27, 0x00	; 0
     8ae:	eb e5       	ldi	r30, 0x5B	; 91
     8b0:	f4 e0       	ldi	r31, 0x04	; 4
     8b2:	0c 94 c8 2c 	jmp	0x5990	; 0x5990 <__prologue_saves__+0x20>
     8b6:	69 83       	std	Y+1, r22	; 0x01
     8b8:	7a 83       	std	Y+2, r23	; 0x02
     8ba:	8b 83       	std	Y+3, r24	; 0x03
     8bc:	9c 83       	std	Y+4, r25	; 0x04
     8be:	ce 01       	movw	r24, r28
     8c0:	01 96       	adiw	r24, 0x01	; 1
     8c2:	be 01       	movw	r22, r28
     8c4:	6b 5f       	subi	r22, 0xFB	; 251
     8c6:	7f 4f       	sbci	r23, 0xFF	; 255
     8c8:	0e 94 7e 05 	call	0xafc	; 0xafc <__unpack_f>
     8cc:	8d 81       	ldd	r24, Y+5	; 0x05
     8ce:	82 30       	cpi	r24, 0x02	; 2
     8d0:	61 f1       	breq	.+88     	; 0x92a <__fixsfsi+0x80>
     8d2:	82 30       	cpi	r24, 0x02	; 2
     8d4:	50 f1       	brcs	.+84     	; 0x92a <__fixsfsi+0x80>
     8d6:	84 30       	cpi	r24, 0x04	; 4
     8d8:	21 f4       	brne	.+8      	; 0x8e2 <__fixsfsi+0x38>
     8da:	8e 81       	ldd	r24, Y+6	; 0x06
     8dc:	88 23       	and	r24, r24
     8de:	51 f1       	breq	.+84     	; 0x934 <__fixsfsi+0x8a>
     8e0:	2e c0       	rjmp	.+92     	; 0x93e <__fixsfsi+0x94>
     8e2:	2f 81       	ldd	r18, Y+7	; 0x07
     8e4:	38 85       	ldd	r19, Y+8	; 0x08
     8e6:	37 fd       	sbrc	r19, 7
     8e8:	20 c0       	rjmp	.+64     	; 0x92a <__fixsfsi+0x80>
     8ea:	6e 81       	ldd	r22, Y+6	; 0x06
     8ec:	2f 31       	cpi	r18, 0x1F	; 31
     8ee:	31 05       	cpc	r19, r1
     8f0:	1c f0       	brlt	.+6      	; 0x8f8 <__fixsfsi+0x4e>
     8f2:	66 23       	and	r22, r22
     8f4:	f9 f0       	breq	.+62     	; 0x934 <__fixsfsi+0x8a>
     8f6:	23 c0       	rjmp	.+70     	; 0x93e <__fixsfsi+0x94>
     8f8:	8e e1       	ldi	r24, 0x1E	; 30
     8fa:	90 e0       	ldi	r25, 0x00	; 0
     8fc:	82 1b       	sub	r24, r18
     8fe:	93 0b       	sbc	r25, r19
     900:	29 85       	ldd	r18, Y+9	; 0x09
     902:	3a 85       	ldd	r19, Y+10	; 0x0a
     904:	4b 85       	ldd	r20, Y+11	; 0x0b
     906:	5c 85       	ldd	r21, Y+12	; 0x0c
     908:	04 c0       	rjmp	.+8      	; 0x912 <__fixsfsi+0x68>
     90a:	56 95       	lsr	r21
     90c:	47 95       	ror	r20
     90e:	37 95       	ror	r19
     910:	27 95       	ror	r18
     912:	8a 95       	dec	r24
     914:	d2 f7       	brpl	.-12     	; 0x90a <__fixsfsi+0x60>
     916:	66 23       	and	r22, r22
     918:	b1 f0       	breq	.+44     	; 0x946 <__fixsfsi+0x9c>
     91a:	50 95       	com	r21
     91c:	40 95       	com	r20
     91e:	30 95       	com	r19
     920:	21 95       	neg	r18
     922:	3f 4f       	sbci	r19, 0xFF	; 255
     924:	4f 4f       	sbci	r20, 0xFF	; 255
     926:	5f 4f       	sbci	r21, 0xFF	; 255
     928:	0e c0       	rjmp	.+28     	; 0x946 <__fixsfsi+0x9c>
     92a:	20 e0       	ldi	r18, 0x00	; 0
     92c:	30 e0       	ldi	r19, 0x00	; 0
     92e:	40 e0       	ldi	r20, 0x00	; 0
     930:	50 e0       	ldi	r21, 0x00	; 0
     932:	09 c0       	rjmp	.+18     	; 0x946 <__fixsfsi+0x9c>
     934:	2f ef       	ldi	r18, 0xFF	; 255
     936:	3f ef       	ldi	r19, 0xFF	; 255
     938:	4f ef       	ldi	r20, 0xFF	; 255
     93a:	5f e7       	ldi	r21, 0x7F	; 127
     93c:	04 c0       	rjmp	.+8      	; 0x946 <__fixsfsi+0x9c>
     93e:	20 e0       	ldi	r18, 0x00	; 0
     940:	30 e0       	ldi	r19, 0x00	; 0
     942:	40 e0       	ldi	r20, 0x00	; 0
     944:	50 e8       	ldi	r21, 0x80	; 128
     946:	b9 01       	movw	r22, r18
     948:	ca 01       	movw	r24, r20
     94a:	2c 96       	adiw	r28, 0x0c	; 12
     94c:	e2 e0       	ldi	r30, 0x02	; 2
     94e:	0c 94 e4 2c 	jmp	0x59c8	; 0x59c8 <__epilogue_restores__+0x20>

00000952 <__pack_f>:
     952:	df 92       	push	r13
     954:	ef 92       	push	r14
     956:	ff 92       	push	r15
     958:	0f 93       	push	r16
     95a:	1f 93       	push	r17
     95c:	fc 01       	movw	r30, r24
     95e:	e4 80       	ldd	r14, Z+4	; 0x04
     960:	f5 80       	ldd	r15, Z+5	; 0x05
     962:	06 81       	ldd	r16, Z+6	; 0x06
     964:	17 81       	ldd	r17, Z+7	; 0x07
     966:	d1 80       	ldd	r13, Z+1	; 0x01
     968:	80 81       	ld	r24, Z
     96a:	82 30       	cpi	r24, 0x02	; 2
     96c:	48 f4       	brcc	.+18     	; 0x980 <__pack_f+0x2e>
     96e:	80 e0       	ldi	r24, 0x00	; 0
     970:	90 e0       	ldi	r25, 0x00	; 0
     972:	a0 e1       	ldi	r26, 0x10	; 16
     974:	b0 e0       	ldi	r27, 0x00	; 0
     976:	e8 2a       	or	r14, r24
     978:	f9 2a       	or	r15, r25
     97a:	0a 2b       	or	r16, r26
     97c:	1b 2b       	or	r17, r27
     97e:	a5 c0       	rjmp	.+330    	; 0xaca <__pack_f+0x178>
     980:	84 30       	cpi	r24, 0x04	; 4
     982:	09 f4       	brne	.+2      	; 0x986 <__pack_f+0x34>
     984:	9f c0       	rjmp	.+318    	; 0xac4 <__pack_f+0x172>
     986:	82 30       	cpi	r24, 0x02	; 2
     988:	21 f4       	brne	.+8      	; 0x992 <__pack_f+0x40>
     98a:	ee 24       	eor	r14, r14
     98c:	ff 24       	eor	r15, r15
     98e:	87 01       	movw	r16, r14
     990:	05 c0       	rjmp	.+10     	; 0x99c <__pack_f+0x4a>
     992:	e1 14       	cp	r14, r1
     994:	f1 04       	cpc	r15, r1
     996:	01 05       	cpc	r16, r1
     998:	11 05       	cpc	r17, r1
     99a:	19 f4       	brne	.+6      	; 0x9a2 <__pack_f+0x50>
     99c:	e0 e0       	ldi	r30, 0x00	; 0
     99e:	f0 e0       	ldi	r31, 0x00	; 0
     9a0:	96 c0       	rjmp	.+300    	; 0xace <__pack_f+0x17c>
     9a2:	62 81       	ldd	r22, Z+2	; 0x02
     9a4:	73 81       	ldd	r23, Z+3	; 0x03
     9a6:	9f ef       	ldi	r25, 0xFF	; 255
     9a8:	62 38       	cpi	r22, 0x82	; 130
     9aa:	79 07       	cpc	r23, r25
     9ac:	0c f0       	brlt	.+2      	; 0x9b0 <__pack_f+0x5e>
     9ae:	5b c0       	rjmp	.+182    	; 0xa66 <__pack_f+0x114>
     9b0:	22 e8       	ldi	r18, 0x82	; 130
     9b2:	3f ef       	ldi	r19, 0xFF	; 255
     9b4:	26 1b       	sub	r18, r22
     9b6:	37 0b       	sbc	r19, r23
     9b8:	2a 31       	cpi	r18, 0x1A	; 26
     9ba:	31 05       	cpc	r19, r1
     9bc:	2c f0       	brlt	.+10     	; 0x9c8 <__pack_f+0x76>
     9be:	20 e0       	ldi	r18, 0x00	; 0
     9c0:	30 e0       	ldi	r19, 0x00	; 0
     9c2:	40 e0       	ldi	r20, 0x00	; 0
     9c4:	50 e0       	ldi	r21, 0x00	; 0
     9c6:	2a c0       	rjmp	.+84     	; 0xa1c <__pack_f+0xca>
     9c8:	b8 01       	movw	r22, r16
     9ca:	a7 01       	movw	r20, r14
     9cc:	02 2e       	mov	r0, r18
     9ce:	04 c0       	rjmp	.+8      	; 0x9d8 <__pack_f+0x86>
     9d0:	76 95       	lsr	r23
     9d2:	67 95       	ror	r22
     9d4:	57 95       	ror	r21
     9d6:	47 95       	ror	r20
     9d8:	0a 94       	dec	r0
     9da:	d2 f7       	brpl	.-12     	; 0x9d0 <__pack_f+0x7e>
     9dc:	81 e0       	ldi	r24, 0x01	; 1
     9de:	90 e0       	ldi	r25, 0x00	; 0
     9e0:	a0 e0       	ldi	r26, 0x00	; 0
     9e2:	b0 e0       	ldi	r27, 0x00	; 0
     9e4:	04 c0       	rjmp	.+8      	; 0x9ee <__pack_f+0x9c>
     9e6:	88 0f       	add	r24, r24
     9e8:	99 1f       	adc	r25, r25
     9ea:	aa 1f       	adc	r26, r26
     9ec:	bb 1f       	adc	r27, r27
     9ee:	2a 95       	dec	r18
     9f0:	d2 f7       	brpl	.-12     	; 0x9e6 <__pack_f+0x94>
     9f2:	01 97       	sbiw	r24, 0x01	; 1
     9f4:	a1 09       	sbc	r26, r1
     9f6:	b1 09       	sbc	r27, r1
     9f8:	8e 21       	and	r24, r14
     9fa:	9f 21       	and	r25, r15
     9fc:	a0 23       	and	r26, r16
     9fe:	b1 23       	and	r27, r17
     a00:	00 97       	sbiw	r24, 0x00	; 0
     a02:	a1 05       	cpc	r26, r1
     a04:	b1 05       	cpc	r27, r1
     a06:	21 f0       	breq	.+8      	; 0xa10 <__pack_f+0xbe>
     a08:	81 e0       	ldi	r24, 0x01	; 1
     a0a:	90 e0       	ldi	r25, 0x00	; 0
     a0c:	a0 e0       	ldi	r26, 0x00	; 0
     a0e:	b0 e0       	ldi	r27, 0x00	; 0
     a10:	9a 01       	movw	r18, r20
     a12:	ab 01       	movw	r20, r22
     a14:	28 2b       	or	r18, r24
     a16:	39 2b       	or	r19, r25
     a18:	4a 2b       	or	r20, r26
     a1a:	5b 2b       	or	r21, r27
     a1c:	da 01       	movw	r26, r20
     a1e:	c9 01       	movw	r24, r18
     a20:	8f 77       	andi	r24, 0x7F	; 127
     a22:	90 70       	andi	r25, 0x00	; 0
     a24:	a0 70       	andi	r26, 0x00	; 0
     a26:	b0 70       	andi	r27, 0x00	; 0
     a28:	80 34       	cpi	r24, 0x40	; 64
     a2a:	91 05       	cpc	r25, r1
     a2c:	a1 05       	cpc	r26, r1
     a2e:	b1 05       	cpc	r27, r1
     a30:	39 f4       	brne	.+14     	; 0xa40 <__pack_f+0xee>
     a32:	27 ff       	sbrs	r18, 7
     a34:	09 c0       	rjmp	.+18     	; 0xa48 <__pack_f+0xf6>
     a36:	20 5c       	subi	r18, 0xC0	; 192
     a38:	3f 4f       	sbci	r19, 0xFF	; 255
     a3a:	4f 4f       	sbci	r20, 0xFF	; 255
     a3c:	5f 4f       	sbci	r21, 0xFF	; 255
     a3e:	04 c0       	rjmp	.+8      	; 0xa48 <__pack_f+0xf6>
     a40:	21 5c       	subi	r18, 0xC1	; 193
     a42:	3f 4f       	sbci	r19, 0xFF	; 255
     a44:	4f 4f       	sbci	r20, 0xFF	; 255
     a46:	5f 4f       	sbci	r21, 0xFF	; 255
     a48:	e0 e0       	ldi	r30, 0x00	; 0
     a4a:	f0 e0       	ldi	r31, 0x00	; 0
     a4c:	20 30       	cpi	r18, 0x00	; 0
     a4e:	a0 e0       	ldi	r26, 0x00	; 0
     a50:	3a 07       	cpc	r19, r26
     a52:	a0 e0       	ldi	r26, 0x00	; 0
     a54:	4a 07       	cpc	r20, r26
     a56:	a0 e4       	ldi	r26, 0x40	; 64
     a58:	5a 07       	cpc	r21, r26
     a5a:	10 f0       	brcs	.+4      	; 0xa60 <__pack_f+0x10e>
     a5c:	e1 e0       	ldi	r30, 0x01	; 1
     a5e:	f0 e0       	ldi	r31, 0x00	; 0
     a60:	79 01       	movw	r14, r18
     a62:	8a 01       	movw	r16, r20
     a64:	27 c0       	rjmp	.+78     	; 0xab4 <__pack_f+0x162>
     a66:	60 38       	cpi	r22, 0x80	; 128
     a68:	71 05       	cpc	r23, r1
     a6a:	64 f5       	brge	.+88     	; 0xac4 <__pack_f+0x172>
     a6c:	fb 01       	movw	r30, r22
     a6e:	e1 58       	subi	r30, 0x81	; 129
     a70:	ff 4f       	sbci	r31, 0xFF	; 255
     a72:	d8 01       	movw	r26, r16
     a74:	c7 01       	movw	r24, r14
     a76:	8f 77       	andi	r24, 0x7F	; 127
     a78:	90 70       	andi	r25, 0x00	; 0
     a7a:	a0 70       	andi	r26, 0x00	; 0
     a7c:	b0 70       	andi	r27, 0x00	; 0
     a7e:	80 34       	cpi	r24, 0x40	; 64
     a80:	91 05       	cpc	r25, r1
     a82:	a1 05       	cpc	r26, r1
     a84:	b1 05       	cpc	r27, r1
     a86:	39 f4       	brne	.+14     	; 0xa96 <__pack_f+0x144>
     a88:	e7 fe       	sbrs	r14, 7
     a8a:	0d c0       	rjmp	.+26     	; 0xaa6 <__pack_f+0x154>
     a8c:	80 e4       	ldi	r24, 0x40	; 64
     a8e:	90 e0       	ldi	r25, 0x00	; 0
     a90:	a0 e0       	ldi	r26, 0x00	; 0
     a92:	b0 e0       	ldi	r27, 0x00	; 0
     a94:	04 c0       	rjmp	.+8      	; 0xa9e <__pack_f+0x14c>
     a96:	8f e3       	ldi	r24, 0x3F	; 63
     a98:	90 e0       	ldi	r25, 0x00	; 0
     a9a:	a0 e0       	ldi	r26, 0x00	; 0
     a9c:	b0 e0       	ldi	r27, 0x00	; 0
     a9e:	e8 0e       	add	r14, r24
     aa0:	f9 1e       	adc	r15, r25
     aa2:	0a 1f       	adc	r16, r26
     aa4:	1b 1f       	adc	r17, r27
     aa6:	17 ff       	sbrs	r17, 7
     aa8:	05 c0       	rjmp	.+10     	; 0xab4 <__pack_f+0x162>
     aaa:	16 95       	lsr	r17
     aac:	07 95       	ror	r16
     aae:	f7 94       	ror	r15
     ab0:	e7 94       	ror	r14
     ab2:	31 96       	adiw	r30, 0x01	; 1
     ab4:	87 e0       	ldi	r24, 0x07	; 7
     ab6:	16 95       	lsr	r17
     ab8:	07 95       	ror	r16
     aba:	f7 94       	ror	r15
     abc:	e7 94       	ror	r14
     abe:	8a 95       	dec	r24
     ac0:	d1 f7       	brne	.-12     	; 0xab6 <__pack_f+0x164>
     ac2:	05 c0       	rjmp	.+10     	; 0xace <__pack_f+0x17c>
     ac4:	ee 24       	eor	r14, r14
     ac6:	ff 24       	eor	r15, r15
     ac8:	87 01       	movw	r16, r14
     aca:	ef ef       	ldi	r30, 0xFF	; 255
     acc:	f0 e0       	ldi	r31, 0x00	; 0
     ace:	6e 2f       	mov	r22, r30
     ad0:	67 95       	ror	r22
     ad2:	66 27       	eor	r22, r22
     ad4:	67 95       	ror	r22
     ad6:	90 2f       	mov	r25, r16
     ad8:	9f 77       	andi	r25, 0x7F	; 127
     ada:	d7 94       	ror	r13
     adc:	dd 24       	eor	r13, r13
     ade:	d7 94       	ror	r13
     ae0:	8e 2f       	mov	r24, r30
     ae2:	86 95       	lsr	r24
     ae4:	49 2f       	mov	r20, r25
     ae6:	46 2b       	or	r20, r22
     ae8:	58 2f       	mov	r21, r24
     aea:	5d 29       	or	r21, r13
     aec:	b7 01       	movw	r22, r14
     aee:	ca 01       	movw	r24, r20
     af0:	1f 91       	pop	r17
     af2:	0f 91       	pop	r16
     af4:	ff 90       	pop	r15
     af6:	ef 90       	pop	r14
     af8:	df 90       	pop	r13
     afa:	08 95       	ret

00000afc <__unpack_f>:
     afc:	fc 01       	movw	r30, r24
     afe:	db 01       	movw	r26, r22
     b00:	40 81       	ld	r20, Z
     b02:	51 81       	ldd	r21, Z+1	; 0x01
     b04:	22 81       	ldd	r18, Z+2	; 0x02
     b06:	62 2f       	mov	r22, r18
     b08:	6f 77       	andi	r22, 0x7F	; 127
     b0a:	70 e0       	ldi	r23, 0x00	; 0
     b0c:	22 1f       	adc	r18, r18
     b0e:	22 27       	eor	r18, r18
     b10:	22 1f       	adc	r18, r18
     b12:	93 81       	ldd	r25, Z+3	; 0x03
     b14:	89 2f       	mov	r24, r25
     b16:	88 0f       	add	r24, r24
     b18:	82 2b       	or	r24, r18
     b1a:	28 2f       	mov	r18, r24
     b1c:	30 e0       	ldi	r19, 0x00	; 0
     b1e:	99 1f       	adc	r25, r25
     b20:	99 27       	eor	r25, r25
     b22:	99 1f       	adc	r25, r25
     b24:	11 96       	adiw	r26, 0x01	; 1
     b26:	9c 93       	st	X, r25
     b28:	11 97       	sbiw	r26, 0x01	; 1
     b2a:	21 15       	cp	r18, r1
     b2c:	31 05       	cpc	r19, r1
     b2e:	a9 f5       	brne	.+106    	; 0xb9a <__unpack_f+0x9e>
     b30:	41 15       	cp	r20, r1
     b32:	51 05       	cpc	r21, r1
     b34:	61 05       	cpc	r22, r1
     b36:	71 05       	cpc	r23, r1
     b38:	11 f4       	brne	.+4      	; 0xb3e <__unpack_f+0x42>
     b3a:	82 e0       	ldi	r24, 0x02	; 2
     b3c:	37 c0       	rjmp	.+110    	; 0xbac <__unpack_f+0xb0>
     b3e:	82 e8       	ldi	r24, 0x82	; 130
     b40:	9f ef       	ldi	r25, 0xFF	; 255
     b42:	13 96       	adiw	r26, 0x03	; 3
     b44:	9c 93       	st	X, r25
     b46:	8e 93       	st	-X, r24
     b48:	12 97       	sbiw	r26, 0x02	; 2
     b4a:	9a 01       	movw	r18, r20
     b4c:	ab 01       	movw	r20, r22
     b4e:	67 e0       	ldi	r22, 0x07	; 7
     b50:	22 0f       	add	r18, r18
     b52:	33 1f       	adc	r19, r19
     b54:	44 1f       	adc	r20, r20
     b56:	55 1f       	adc	r21, r21
     b58:	6a 95       	dec	r22
     b5a:	d1 f7       	brne	.-12     	; 0xb50 <__unpack_f+0x54>
     b5c:	83 e0       	ldi	r24, 0x03	; 3
     b5e:	8c 93       	st	X, r24
     b60:	0d c0       	rjmp	.+26     	; 0xb7c <__unpack_f+0x80>
     b62:	22 0f       	add	r18, r18
     b64:	33 1f       	adc	r19, r19
     b66:	44 1f       	adc	r20, r20
     b68:	55 1f       	adc	r21, r21
     b6a:	12 96       	adiw	r26, 0x02	; 2
     b6c:	8d 91       	ld	r24, X+
     b6e:	9c 91       	ld	r25, X
     b70:	13 97       	sbiw	r26, 0x03	; 3
     b72:	01 97       	sbiw	r24, 0x01	; 1
     b74:	13 96       	adiw	r26, 0x03	; 3
     b76:	9c 93       	st	X, r25
     b78:	8e 93       	st	-X, r24
     b7a:	12 97       	sbiw	r26, 0x02	; 2
     b7c:	20 30       	cpi	r18, 0x00	; 0
     b7e:	80 e0       	ldi	r24, 0x00	; 0
     b80:	38 07       	cpc	r19, r24
     b82:	80 e0       	ldi	r24, 0x00	; 0
     b84:	48 07       	cpc	r20, r24
     b86:	80 e4       	ldi	r24, 0x40	; 64
     b88:	58 07       	cpc	r21, r24
     b8a:	58 f3       	brcs	.-42     	; 0xb62 <__unpack_f+0x66>
     b8c:	14 96       	adiw	r26, 0x04	; 4
     b8e:	2d 93       	st	X+, r18
     b90:	3d 93       	st	X+, r19
     b92:	4d 93       	st	X+, r20
     b94:	5c 93       	st	X, r21
     b96:	17 97       	sbiw	r26, 0x07	; 7
     b98:	08 95       	ret
     b9a:	2f 3f       	cpi	r18, 0xFF	; 255
     b9c:	31 05       	cpc	r19, r1
     b9e:	79 f4       	brne	.+30     	; 0xbbe <__unpack_f+0xc2>
     ba0:	41 15       	cp	r20, r1
     ba2:	51 05       	cpc	r21, r1
     ba4:	61 05       	cpc	r22, r1
     ba6:	71 05       	cpc	r23, r1
     ba8:	19 f4       	brne	.+6      	; 0xbb0 <__unpack_f+0xb4>
     baa:	84 e0       	ldi	r24, 0x04	; 4
     bac:	8c 93       	st	X, r24
     bae:	08 95       	ret
     bb0:	64 ff       	sbrs	r22, 4
     bb2:	03 c0       	rjmp	.+6      	; 0xbba <__unpack_f+0xbe>
     bb4:	81 e0       	ldi	r24, 0x01	; 1
     bb6:	8c 93       	st	X, r24
     bb8:	12 c0       	rjmp	.+36     	; 0xbde <__unpack_f+0xe2>
     bba:	1c 92       	st	X, r1
     bbc:	10 c0       	rjmp	.+32     	; 0xbde <__unpack_f+0xe2>
     bbe:	2f 57       	subi	r18, 0x7F	; 127
     bc0:	30 40       	sbci	r19, 0x00	; 0
     bc2:	13 96       	adiw	r26, 0x03	; 3
     bc4:	3c 93       	st	X, r19
     bc6:	2e 93       	st	-X, r18
     bc8:	12 97       	sbiw	r26, 0x02	; 2
     bca:	83 e0       	ldi	r24, 0x03	; 3
     bcc:	8c 93       	st	X, r24
     bce:	87 e0       	ldi	r24, 0x07	; 7
     bd0:	44 0f       	add	r20, r20
     bd2:	55 1f       	adc	r21, r21
     bd4:	66 1f       	adc	r22, r22
     bd6:	77 1f       	adc	r23, r23
     bd8:	8a 95       	dec	r24
     bda:	d1 f7       	brne	.-12     	; 0xbd0 <__unpack_f+0xd4>
     bdc:	70 64       	ori	r23, 0x40	; 64
     bde:	14 96       	adiw	r26, 0x04	; 4
     be0:	4d 93       	st	X+, r20
     be2:	5d 93       	st	X+, r21
     be4:	6d 93       	st	X+, r22
     be6:	7c 93       	st	X, r23
     be8:	17 97       	sbiw	r26, 0x07	; 7
     bea:	08 95       	ret

00000bec <__fpcmp_parts_f>:
     bec:	1f 93       	push	r17
     bee:	dc 01       	movw	r26, r24
     bf0:	fb 01       	movw	r30, r22
     bf2:	9c 91       	ld	r25, X
     bf4:	92 30       	cpi	r25, 0x02	; 2
     bf6:	08 f4       	brcc	.+2      	; 0xbfa <__fpcmp_parts_f+0xe>
     bf8:	47 c0       	rjmp	.+142    	; 0xc88 <__fpcmp_parts_f+0x9c>
     bfa:	80 81       	ld	r24, Z
     bfc:	82 30       	cpi	r24, 0x02	; 2
     bfe:	08 f4       	brcc	.+2      	; 0xc02 <__fpcmp_parts_f+0x16>
     c00:	43 c0       	rjmp	.+134    	; 0xc88 <__fpcmp_parts_f+0x9c>
     c02:	94 30       	cpi	r25, 0x04	; 4
     c04:	51 f4       	brne	.+20     	; 0xc1a <__fpcmp_parts_f+0x2e>
     c06:	11 96       	adiw	r26, 0x01	; 1
     c08:	1c 91       	ld	r17, X
     c0a:	84 30       	cpi	r24, 0x04	; 4
     c0c:	99 f5       	brne	.+102    	; 0xc74 <__fpcmp_parts_f+0x88>
     c0e:	81 81       	ldd	r24, Z+1	; 0x01
     c10:	68 2f       	mov	r22, r24
     c12:	70 e0       	ldi	r23, 0x00	; 0
     c14:	61 1b       	sub	r22, r17
     c16:	71 09       	sbc	r23, r1
     c18:	3f c0       	rjmp	.+126    	; 0xc98 <__fpcmp_parts_f+0xac>
     c1a:	84 30       	cpi	r24, 0x04	; 4
     c1c:	21 f0       	breq	.+8      	; 0xc26 <__fpcmp_parts_f+0x3a>
     c1e:	92 30       	cpi	r25, 0x02	; 2
     c20:	31 f4       	brne	.+12     	; 0xc2e <__fpcmp_parts_f+0x42>
     c22:	82 30       	cpi	r24, 0x02	; 2
     c24:	b9 f1       	breq	.+110    	; 0xc94 <__fpcmp_parts_f+0xa8>
     c26:	81 81       	ldd	r24, Z+1	; 0x01
     c28:	88 23       	and	r24, r24
     c2a:	89 f1       	breq	.+98     	; 0xc8e <__fpcmp_parts_f+0xa2>
     c2c:	2d c0       	rjmp	.+90     	; 0xc88 <__fpcmp_parts_f+0x9c>
     c2e:	11 96       	adiw	r26, 0x01	; 1
     c30:	1c 91       	ld	r17, X
     c32:	11 97       	sbiw	r26, 0x01	; 1
     c34:	82 30       	cpi	r24, 0x02	; 2
     c36:	f1 f0       	breq	.+60     	; 0xc74 <__fpcmp_parts_f+0x88>
     c38:	81 81       	ldd	r24, Z+1	; 0x01
     c3a:	18 17       	cp	r17, r24
     c3c:	d9 f4       	brne	.+54     	; 0xc74 <__fpcmp_parts_f+0x88>
     c3e:	12 96       	adiw	r26, 0x02	; 2
     c40:	2d 91       	ld	r18, X+
     c42:	3c 91       	ld	r19, X
     c44:	13 97       	sbiw	r26, 0x03	; 3
     c46:	82 81       	ldd	r24, Z+2	; 0x02
     c48:	93 81       	ldd	r25, Z+3	; 0x03
     c4a:	82 17       	cp	r24, r18
     c4c:	93 07       	cpc	r25, r19
     c4e:	94 f0       	brlt	.+36     	; 0xc74 <__fpcmp_parts_f+0x88>
     c50:	28 17       	cp	r18, r24
     c52:	39 07       	cpc	r19, r25
     c54:	bc f0       	brlt	.+46     	; 0xc84 <__fpcmp_parts_f+0x98>
     c56:	14 96       	adiw	r26, 0x04	; 4
     c58:	8d 91       	ld	r24, X+
     c5a:	9d 91       	ld	r25, X+
     c5c:	0d 90       	ld	r0, X+
     c5e:	bc 91       	ld	r27, X
     c60:	a0 2d       	mov	r26, r0
     c62:	24 81       	ldd	r18, Z+4	; 0x04
     c64:	35 81       	ldd	r19, Z+5	; 0x05
     c66:	46 81       	ldd	r20, Z+6	; 0x06
     c68:	57 81       	ldd	r21, Z+7	; 0x07
     c6a:	28 17       	cp	r18, r24
     c6c:	39 07       	cpc	r19, r25
     c6e:	4a 07       	cpc	r20, r26
     c70:	5b 07       	cpc	r21, r27
     c72:	18 f4       	brcc	.+6      	; 0xc7a <__fpcmp_parts_f+0x8e>
     c74:	11 23       	and	r17, r17
     c76:	41 f0       	breq	.+16     	; 0xc88 <__fpcmp_parts_f+0x9c>
     c78:	0a c0       	rjmp	.+20     	; 0xc8e <__fpcmp_parts_f+0xa2>
     c7a:	82 17       	cp	r24, r18
     c7c:	93 07       	cpc	r25, r19
     c7e:	a4 07       	cpc	r26, r20
     c80:	b5 07       	cpc	r27, r21
     c82:	40 f4       	brcc	.+16     	; 0xc94 <__fpcmp_parts_f+0xa8>
     c84:	11 23       	and	r17, r17
     c86:	19 f0       	breq	.+6      	; 0xc8e <__fpcmp_parts_f+0xa2>
     c88:	61 e0       	ldi	r22, 0x01	; 1
     c8a:	70 e0       	ldi	r23, 0x00	; 0
     c8c:	05 c0       	rjmp	.+10     	; 0xc98 <__fpcmp_parts_f+0xac>
     c8e:	6f ef       	ldi	r22, 0xFF	; 255
     c90:	7f ef       	ldi	r23, 0xFF	; 255
     c92:	02 c0       	rjmp	.+4      	; 0xc98 <__fpcmp_parts_f+0xac>
     c94:	60 e0       	ldi	r22, 0x00	; 0
     c96:	70 e0       	ldi	r23, 0x00	; 0
     c98:	cb 01       	movw	r24, r22
     c9a:	1f 91       	pop	r17
     c9c:	08 95       	ret

00000c9e <TWI_waitForInterrupt>:
#include "twi_private.h"

#include "../../config.h"

static uint8 TWI_waitForInterrupt(void)
{
     c9e:	df 93       	push	r29
     ca0:	cf 93       	push	r28
     ca2:	00 d0       	rcall	.+0      	; 0xca4 <TWI_waitForInterrupt+0x6>
     ca4:	0f 92       	push	r0
     ca6:	cd b7       	in	r28, 0x3d	; 61
     ca8:	de b7       	in	r29, 0x3e	; 62
    uint16 timeout = 60000U;
     caa:	80 e6       	ldi	r24, 0x60	; 96
     cac:	9a ee       	ldi	r25, 0xEA	; 234
     cae:	9a 83       	std	Y+2, r25	; 0x02
     cb0:	89 83       	std	Y+1, r24	; 0x01
     cb2:	05 c0       	rjmp	.+10     	; 0xcbe <TWI_waitForInterrupt+0x20>

    while ((BIT_IS_CLEAR(TWCR, TWINT) != 0U) && (timeout > 0U))
    {
        timeout--;
     cb4:	89 81       	ldd	r24, Y+1	; 0x01
     cb6:	9a 81       	ldd	r25, Y+2	; 0x02
     cb8:	01 97       	sbiw	r24, 0x01	; 1
     cba:	9a 83       	std	Y+2, r25	; 0x02
     cbc:	89 83       	std	Y+1, r24	; 0x01

static uint8 TWI_waitForInterrupt(void)
{
    uint16 timeout = 60000U;

    while ((BIT_IS_CLEAR(TWCR, TWINT) != 0U) && (timeout > 0U))
     cbe:	e6 e5       	ldi	r30, 0x56	; 86
     cc0:	f0 e0       	ldi	r31, 0x00	; 0
     cc2:	80 81       	ld	r24, Z
     cc4:	88 23       	and	r24, r24
     cc6:	24 f0       	brlt	.+8      	; 0xcd0 <TWI_waitForInterrupt+0x32>
     cc8:	89 81       	ldd	r24, Y+1	; 0x01
     cca:	9a 81       	ldd	r25, Y+2	; 0x02
     ccc:	00 97       	sbiw	r24, 0x00	; 0
     cce:	91 f7       	brne	.-28     	; 0xcb4 <TWI_waitForInterrupt+0x16>
    {
        timeout--;
    }

    return (timeout > 0U) ? 1U : 0U;
     cd0:	89 81       	ldd	r24, Y+1	; 0x01
     cd2:	9a 81       	ldd	r25, Y+2	; 0x02
     cd4:	00 97       	sbiw	r24, 0x00	; 0
     cd6:	19 f0       	breq	.+6      	; 0xcde <TWI_waitForInterrupt+0x40>
     cd8:	81 e0       	ldi	r24, 0x01	; 1
     cda:	8b 83       	std	Y+3, r24	; 0x03
     cdc:	01 c0       	rjmp	.+2      	; 0xce0 <TWI_waitForInterrupt+0x42>
     cde:	1b 82       	std	Y+3, r1	; 0x03
     ce0:	8b 81       	ldd	r24, Y+3	; 0x03
}
     ce2:	0f 90       	pop	r0
     ce4:	0f 90       	pop	r0
     ce6:	0f 90       	pop	r0
     ce8:	cf 91       	pop	r28
     cea:	df 91       	pop	r29
     cec:	08 95       	ret

00000cee <TWI_init>:

void TWI_init(uint32 bitRate)
{
     cee:	0f 93       	push	r16
     cf0:	1f 93       	push	r17
     cf2:	df 93       	push	r29
     cf4:	cf 93       	push	r28
     cf6:	00 d0       	rcall	.+0      	; 0xcf8 <TWI_init+0xa>
     cf8:	00 d0       	rcall	.+0      	; 0xcfa <TWI_init+0xc>
     cfa:	cd b7       	in	r28, 0x3d	; 61
     cfc:	de b7       	in	r29, 0x3e	; 62
     cfe:	69 83       	std	Y+1, r22	; 0x01
     d00:	7a 83       	std	Y+2, r23	; 0x02
     d02:	8b 83       	std	Y+3, r24	; 0x03
     d04:	9c 83       	std	Y+4, r25	; 0x04
    CLRBIT(DDRC, PC0);
     d06:	a4 e3       	ldi	r26, 0x34	; 52
     d08:	b0 e0       	ldi	r27, 0x00	; 0
     d0a:	e4 e3       	ldi	r30, 0x34	; 52
     d0c:	f0 e0       	ldi	r31, 0x00	; 0
     d0e:	80 81       	ld	r24, Z
     d10:	8e 7f       	andi	r24, 0xFE	; 254
     d12:	8c 93       	st	X, r24
    CLRBIT(DDRC, PC1);
     d14:	a4 e3       	ldi	r26, 0x34	; 52
     d16:	b0 e0       	ldi	r27, 0x00	; 0
     d18:	e4 e3       	ldi	r30, 0x34	; 52
     d1a:	f0 e0       	ldi	r31, 0x00	; 0
     d1c:	80 81       	ld	r24, Z
     d1e:	8d 7f       	andi	r24, 0xFD	; 253
     d20:	8c 93       	st	X, r24
    SETBIT(PORTC, PC0);
     d22:	a5 e3       	ldi	r26, 0x35	; 53
     d24:	b0 e0       	ldi	r27, 0x00	; 0
     d26:	e5 e3       	ldi	r30, 0x35	; 53
     d28:	f0 e0       	ldi	r31, 0x00	; 0
     d2a:	80 81       	ld	r24, Z
     d2c:	81 60       	ori	r24, 0x01	; 1
     d2e:	8c 93       	st	X, r24
    SETBIT(PORTC, PC1);
     d30:	a5 e3       	ldi	r26, 0x35	; 53
     d32:	b0 e0       	ldi	r27, 0x00	; 0
     d34:	e5 e3       	ldi	r30, 0x35	; 53
     d36:	f0 e0       	ldi	r31, 0x00	; 0
     d38:	80 81       	ld	r24, Z
     d3a:	82 60       	ori	r24, 0x02	; 2
     d3c:	8c 93       	st	X, r24
    CLRBIT(TWSR, TWPS1);
     d3e:	a1 e2       	ldi	r26, 0x21	; 33
     d40:	b0 e0       	ldi	r27, 0x00	; 0
     d42:	e1 e2       	ldi	r30, 0x21	; 33
     d44:	f0 e0       	ldi	r31, 0x00	; 0
     d46:	80 81       	ld	r24, Z
     d48:	8d 7f       	andi	r24, 0xFD	; 253
     d4a:	8c 93       	st	X, r24
    CLRBIT(TWSR, TWPS0);
     d4c:	a1 e2       	ldi	r26, 0x21	; 33
     d4e:	b0 e0       	ldi	r27, 0x00	; 0
     d50:	e1 e2       	ldi	r30, 0x21	; 33
     d52:	f0 e0       	ldi	r31, 0x00	; 0
     d54:	80 81       	ld	r24, Z
     d56:	8e 7f       	andi	r24, 0xFE	; 254
     d58:	8c 93       	st	X, r24
    WRITE_REG(TWBR, (uint8)(((F_CPU / bitRate) - 16UL) / 2UL));
     d5a:	00 e2       	ldi	r16, 0x20	; 32
     d5c:	10 e0       	ldi	r17, 0x00	; 0
     d5e:	80 e0       	ldi	r24, 0x00	; 0
     d60:	92 e1       	ldi	r25, 0x12	; 18
     d62:	aa e7       	ldi	r26, 0x7A	; 122
     d64:	b0 e0       	ldi	r27, 0x00	; 0
     d66:	29 81       	ldd	r18, Y+1	; 0x01
     d68:	3a 81       	ldd	r19, Y+2	; 0x02
     d6a:	4b 81       	ldd	r20, Y+3	; 0x03
     d6c:	5c 81       	ldd	r21, Y+4	; 0x04
     d6e:	bc 01       	movw	r22, r24
     d70:	cd 01       	movw	r24, r26
     d72:	0e 94 96 2c 	call	0x592c	; 0x592c <__udivmodsi4>
     d76:	da 01       	movw	r26, r20
     d78:	c9 01       	movw	r24, r18
     d7a:	40 97       	sbiw	r24, 0x10	; 16
     d7c:	a1 09       	sbc	r26, r1
     d7e:	b1 09       	sbc	r27, r1
     d80:	b6 95       	lsr	r27
     d82:	a7 95       	ror	r26
     d84:	97 95       	ror	r25
     d86:	87 95       	ror	r24
     d88:	f8 01       	movw	r30, r16
     d8a:	80 83       	st	Z, r24
    SETBIT(TWCR, TWEN);
     d8c:	a6 e5       	ldi	r26, 0x56	; 86
     d8e:	b0 e0       	ldi	r27, 0x00	; 0
     d90:	e6 e5       	ldi	r30, 0x56	; 86
     d92:	f0 e0       	ldi	r31, 0x00	; 0
     d94:	80 81       	ld	r24, Z
     d96:	84 60       	ori	r24, 0x04	; 4
     d98:	8c 93       	st	X, r24
}
     d9a:	0f 90       	pop	r0
     d9c:	0f 90       	pop	r0
     d9e:	0f 90       	pop	r0
     da0:	0f 90       	pop	r0
     da2:	cf 91       	pop	r28
     da4:	df 91       	pop	r29
     da6:	1f 91       	pop	r17
     da8:	0f 91       	pop	r16
     daa:	08 95       	ret

00000dac <TWI_start>:

uint8 TWI_start(uint8 address)
{
     dac:	df 93       	push	r29
     dae:	cf 93       	push	r28
     db0:	00 d0       	rcall	.+0      	; 0xdb2 <TWI_start+0x6>
     db2:	cd b7       	in	r28, 0x3d	; 61
     db4:	de b7       	in	r29, 0x3e	; 62
     db6:	89 83       	std	Y+1, r24	; 0x01
    WRITE_REG(TWCR, (1U << TWINT) | (1U << TWSTA) | (1U << TWEN));
     db8:	e6 e5       	ldi	r30, 0x56	; 86
     dba:	f0 e0       	ldi	r31, 0x00	; 0
     dbc:	84 ea       	ldi	r24, 0xA4	; 164
     dbe:	80 83       	st	Z, r24

    if (TWI_waitForInterrupt() == 0U)
     dc0:	0e 94 4f 06 	call	0xc9e	; 0xc9e <TWI_waitForInterrupt>
     dc4:	88 23       	and	r24, r24
     dc6:	21 f4       	brne	.+8      	; 0xdd0 <TWI_start+0x24>
    {
        TWI_stop();
     dc8:	0e 94 3b 07 	call	0xe76	; 0xe76 <TWI_stop>
        return 0U;
     dcc:	1a 82       	std	Y+2, r1	; 0x02
     dce:	4d c0       	rjmp	.+154    	; 0xe6a <TWI_start+0xbe>
    }

    if ((TWSR & TWI_STATUS_MASK) != TWI_STATUS_START && (TWSR & TWI_STATUS_MASK) != TWI_STATUS_REPEATED_START)
     dd0:	e1 e2       	ldi	r30, 0x21	; 33
     dd2:	f0 e0       	ldi	r31, 0x00	; 0
     dd4:	80 81       	ld	r24, Z
     dd6:	88 2f       	mov	r24, r24
     dd8:	90 e0       	ldi	r25, 0x00	; 0
     dda:	88 7f       	andi	r24, 0xF8	; 248
     ddc:	90 70       	andi	r25, 0x00	; 0
     dde:	88 30       	cpi	r24, 0x08	; 8
     de0:	91 05       	cpc	r25, r1
     de2:	71 f0       	breq	.+28     	; 0xe00 <TWI_start+0x54>
     de4:	e1 e2       	ldi	r30, 0x21	; 33
     de6:	f0 e0       	ldi	r31, 0x00	; 0
     de8:	80 81       	ld	r24, Z
     dea:	88 2f       	mov	r24, r24
     dec:	90 e0       	ldi	r25, 0x00	; 0
     dee:	88 7f       	andi	r24, 0xF8	; 248
     df0:	90 70       	andi	r25, 0x00	; 0
     df2:	80 31       	cpi	r24, 0x10	; 16
     df4:	91 05       	cpc	r25, r1
     df6:	21 f0       	breq	.+8      	; 0xe00 <TWI_start+0x54>
    {
        TWI_stop();
     df8:	0e 94 3b 07 	call	0xe76	; 0xe76 <TWI_stop>
        return 0U;
     dfc:	1a 82       	std	Y+2, r1	; 0x02
     dfe:	35 c0       	rjmp	.+106    	; 0xe6a <TWI_start+0xbe>
    }

    WRITE_REG(TWDR, address);
     e00:	e3 e2       	ldi	r30, 0x23	; 35
     e02:	f0 e0       	ldi	r31, 0x00	; 0
     e04:	89 81       	ldd	r24, Y+1	; 0x01
     e06:	80 83       	st	Z, r24
    WRITE_REG(TWCR, (1U << TWINT) | (1U << TWEN));
     e08:	e6 e5       	ldi	r30, 0x56	; 86
     e0a:	f0 e0       	ldi	r31, 0x00	; 0
     e0c:	84 e8       	ldi	r24, 0x84	; 132
     e0e:	80 83       	st	Z, r24

    if (TWI_waitForInterrupt() == 0U)
     e10:	0e 94 4f 06 	call	0xc9e	; 0xc9e <TWI_waitForInterrupt>
     e14:	88 23       	and	r24, r24
     e16:	21 f4       	brne	.+8      	; 0xe20 <TWI_start+0x74>
    {
        TWI_stop();
     e18:	0e 94 3b 07 	call	0xe76	; 0xe76 <TWI_stop>
        return 0U;
     e1c:	1a 82       	std	Y+2, r1	; 0x02
     e1e:	25 c0       	rjmp	.+74     	; 0xe6a <TWI_start+0xbe>
    }

    if ((address & 1U) == 0U)
     e20:	89 81       	ldd	r24, Y+1	; 0x01
     e22:	88 2f       	mov	r24, r24
     e24:	90 e0       	ldi	r25, 0x00	; 0
     e26:	81 70       	andi	r24, 0x01	; 1
     e28:	90 70       	andi	r25, 0x00	; 0
     e2a:	00 97       	sbiw	r24, 0x00	; 0
     e2c:	71 f4       	brne	.+28     	; 0xe4a <TWI_start+0x9e>
    {
        if ((TWSR & TWI_STATUS_MASK) != TWI_STATUS_SLA_W_ACK)
     e2e:	e1 e2       	ldi	r30, 0x21	; 33
     e30:	f0 e0       	ldi	r31, 0x00	; 0
     e32:	80 81       	ld	r24, Z
     e34:	88 2f       	mov	r24, r24
     e36:	90 e0       	ldi	r25, 0x00	; 0
     e38:	88 7f       	andi	r24, 0xF8	; 248
     e3a:	90 70       	andi	r25, 0x00	; 0
     e3c:	88 31       	cpi	r24, 0x18	; 24
     e3e:	91 05       	cpc	r25, r1
     e40:	91 f0       	breq	.+36     	; 0xe66 <TWI_start+0xba>
        {
            TWI_stop();
     e42:	0e 94 3b 07 	call	0xe76	; 0xe76 <TWI_stop>
            return 0U;
     e46:	1a 82       	std	Y+2, r1	; 0x02
     e48:	10 c0       	rjmp	.+32     	; 0xe6a <TWI_start+0xbe>
        }
    }
    else if ((TWSR & TWI_STATUS_MASK) != TWI_STATUS_SLA_R_ACK)
     e4a:	e1 e2       	ldi	r30, 0x21	; 33
     e4c:	f0 e0       	ldi	r31, 0x00	; 0
     e4e:	80 81       	ld	r24, Z
     e50:	88 2f       	mov	r24, r24
     e52:	90 e0       	ldi	r25, 0x00	; 0
     e54:	88 7f       	andi	r24, 0xF8	; 248
     e56:	90 70       	andi	r25, 0x00	; 0
     e58:	80 34       	cpi	r24, 0x40	; 64
     e5a:	91 05       	cpc	r25, r1
     e5c:	21 f0       	breq	.+8      	; 0xe66 <TWI_start+0xba>
    {
        TWI_stop();
     e5e:	0e 94 3b 07 	call	0xe76	; 0xe76 <TWI_stop>
        return 0U;
     e62:	1a 82       	std	Y+2, r1	; 0x02
     e64:	02 c0       	rjmp	.+4      	; 0xe6a <TWI_start+0xbe>
    }

    return 1U;
     e66:	81 e0       	ldi	r24, 0x01	; 1
     e68:	8a 83       	std	Y+2, r24	; 0x02
     e6a:	8a 81       	ldd	r24, Y+2	; 0x02
}
     e6c:	0f 90       	pop	r0
     e6e:	0f 90       	pop	r0
     e70:	cf 91       	pop	r28
     e72:	df 91       	pop	r29
     e74:	08 95       	ret

00000e76 <TWI_stop>:

void TWI_stop(void)
{
     e76:	df 93       	push	r29
     e78:	cf 93       	push	r28
     e7a:	cd b7       	in	r28, 0x3d	; 61
     e7c:	de b7       	in	r29, 0x3e	; 62
    WRITE_REG(TWCR, (1U << TWINT) | (1U << TWSTO) | (1U << TWEN));
     e7e:	e6 e5       	ldi	r30, 0x56	; 86
     e80:	f0 e0       	ldi	r31, 0x00	; 0
     e82:	84 e9       	ldi	r24, 0x94	; 148
     e84:	80 83       	st	Z, r24
}
     e86:	cf 91       	pop	r28
     e88:	df 91       	pop	r29
     e8a:	08 95       	ret

00000e8c <TWI_write>:

uint8 TWI_write(uint8 data)
{
     e8c:	df 93       	push	r29
     e8e:	cf 93       	push	r28
     e90:	00 d0       	rcall	.+0      	; 0xe92 <TWI_write+0x6>
     e92:	0f 92       	push	r0
     e94:	cd b7       	in	r28, 0x3d	; 61
     e96:	de b7       	in	r29, 0x3e	; 62
     e98:	89 83       	std	Y+1, r24	; 0x01
    WRITE_REG(TWDR, data);
     e9a:	e3 e2       	ldi	r30, 0x23	; 35
     e9c:	f0 e0       	ldi	r31, 0x00	; 0
     e9e:	89 81       	ldd	r24, Y+1	; 0x01
     ea0:	80 83       	st	Z, r24
    WRITE_REG(TWCR, (1U << TWINT) | (1U << TWEN));
     ea2:	e6 e5       	ldi	r30, 0x56	; 86
     ea4:	f0 e0       	ldi	r31, 0x00	; 0
     ea6:	84 e8       	ldi	r24, 0x84	; 132
     ea8:	80 83       	st	Z, r24

    if (TWI_waitForInterrupt() == 0U)
     eaa:	0e 94 4f 06 	call	0xc9e	; 0xc9e <TWI_waitForInterrupt>
     eae:	88 23       	and	r24, r24
     eb0:	11 f4       	brne	.+4      	; 0xeb6 <TWI_write+0x2a>
    {
        return 0U;
     eb2:	1b 82       	std	Y+3, r1	; 0x03
     eb4:	10 c0       	rjmp	.+32     	; 0xed6 <TWI_write+0x4a>
    }

    return ((TWSR & TWI_STATUS_MASK) == TWI_STATUS_DATA_W_ACK) ? 1U : 0U;
     eb6:	e1 e2       	ldi	r30, 0x21	; 33
     eb8:	f0 e0       	ldi	r31, 0x00	; 0
     eba:	80 81       	ld	r24, Z
     ebc:	88 2f       	mov	r24, r24
     ebe:	90 e0       	ldi	r25, 0x00	; 0
     ec0:	88 7f       	andi	r24, 0xF8	; 248
     ec2:	90 70       	andi	r25, 0x00	; 0
     ec4:	88 32       	cpi	r24, 0x28	; 40
     ec6:	91 05       	cpc	r25, r1
     ec8:	19 f4       	brne	.+6      	; 0xed0 <TWI_write+0x44>
     eca:	81 e0       	ldi	r24, 0x01	; 1
     ecc:	8a 83       	std	Y+2, r24	; 0x02
     ece:	01 c0       	rjmp	.+2      	; 0xed2 <TWI_write+0x46>
     ed0:	1a 82       	std	Y+2, r1	; 0x02
     ed2:	8a 81       	ldd	r24, Y+2	; 0x02
     ed4:	8b 83       	std	Y+3, r24	; 0x03
     ed6:	8b 81       	ldd	r24, Y+3	; 0x03
}
     ed8:	0f 90       	pop	r0
     eda:	0f 90       	pop	r0
     edc:	0f 90       	pop	r0
     ede:	cf 91       	pop	r28
     ee0:	df 91       	pop	r29
     ee2:	08 95       	ret

00000ee4 <TWI_readAck>:

uint8 TWI_readAck(uint8 *data)
{
     ee4:	df 93       	push	r29
     ee6:	cf 93       	push	r28
     ee8:	00 d0       	rcall	.+0      	; 0xeea <TWI_readAck+0x6>
     eea:	00 d0       	rcall	.+0      	; 0xeec <TWI_readAck+0x8>
     eec:	cd b7       	in	r28, 0x3d	; 61
     eee:	de b7       	in	r29, 0x3e	; 62
     ef0:	9a 83       	std	Y+2, r25	; 0x02
     ef2:	89 83       	std	Y+1, r24	; 0x01
    WRITE_REG(TWCR, (1U << TWINT) | (1U << TWEN) | (1U << TWEA));
     ef4:	e6 e5       	ldi	r30, 0x56	; 86
     ef6:	f0 e0       	ldi	r31, 0x00	; 0
     ef8:	84 ec       	ldi	r24, 0xC4	; 196
     efa:	80 83       	st	Z, r24

    if (TWI_waitForInterrupt() == 0U)
     efc:	0e 94 4f 06 	call	0xc9e	; 0xc9e <TWI_waitForInterrupt>
     f00:	88 23       	and	r24, r24
     f02:	11 f4       	brne	.+4      	; 0xf08 <TWI_readAck+0x24>
    {
        return 0U;
     f04:	1c 82       	std	Y+4, r1	; 0x04
     f06:	16 c0       	rjmp	.+44     	; 0xf34 <TWI_readAck+0x50>
    }

    *data = TWDR;
     f08:	e3 e2       	ldi	r30, 0x23	; 35
     f0a:	f0 e0       	ldi	r31, 0x00	; 0
     f0c:	80 81       	ld	r24, Z
     f0e:	e9 81       	ldd	r30, Y+1	; 0x01
     f10:	fa 81       	ldd	r31, Y+2	; 0x02
     f12:	80 83       	st	Z, r24
    return ((TWSR & TWI_STATUS_MASK) == TWI_STATUS_DATA_R_ACK) ? 1U : 0U;
     f14:	e1 e2       	ldi	r30, 0x21	; 33
     f16:	f0 e0       	ldi	r31, 0x00	; 0
     f18:	80 81       	ld	r24, Z
     f1a:	88 2f       	mov	r24, r24
     f1c:	90 e0       	ldi	r25, 0x00	; 0
     f1e:	88 7f       	andi	r24, 0xF8	; 248
     f20:	90 70       	andi	r25, 0x00	; 0
     f22:	80 35       	cpi	r24, 0x50	; 80
     f24:	91 05       	cpc	r25, r1
     f26:	19 f4       	brne	.+6      	; 0xf2e <TWI_readAck+0x4a>
     f28:	81 e0       	ldi	r24, 0x01	; 1
     f2a:	8b 83       	std	Y+3, r24	; 0x03
     f2c:	01 c0       	rjmp	.+2      	; 0xf30 <TWI_readAck+0x4c>
     f2e:	1b 82       	std	Y+3, r1	; 0x03
     f30:	8b 81       	ldd	r24, Y+3	; 0x03
     f32:	8c 83       	std	Y+4, r24	; 0x04
     f34:	8c 81       	ldd	r24, Y+4	; 0x04
}
     f36:	0f 90       	pop	r0
     f38:	0f 90       	pop	r0
     f3a:	0f 90       	pop	r0
     f3c:	0f 90       	pop	r0
     f3e:	cf 91       	pop	r28
     f40:	df 91       	pop	r29
     f42:	08 95       	ret

00000f44 <TWI_readNack>:

uint8 TWI_readNack(uint8 *data)
{
     f44:	df 93       	push	r29
     f46:	cf 93       	push	r28
     f48:	00 d0       	rcall	.+0      	; 0xf4a <TWI_readNack+0x6>
     f4a:	00 d0       	rcall	.+0      	; 0xf4c <TWI_readNack+0x8>
     f4c:	cd b7       	in	r28, 0x3d	; 61
     f4e:	de b7       	in	r29, 0x3e	; 62
     f50:	9a 83       	std	Y+2, r25	; 0x02
     f52:	89 83       	std	Y+1, r24	; 0x01
    WRITE_REG(TWCR, (1U << TWINT) | (1U << TWEN));
     f54:	e6 e5       	ldi	r30, 0x56	; 86
     f56:	f0 e0       	ldi	r31, 0x00	; 0
     f58:	84 e8       	ldi	r24, 0x84	; 132
     f5a:	80 83       	st	Z, r24

    if (TWI_waitForInterrupt() == 0U)
     f5c:	0e 94 4f 06 	call	0xc9e	; 0xc9e <TWI_waitForInterrupt>
     f60:	88 23       	and	r24, r24
     f62:	11 f4       	brne	.+4      	; 0xf68 <TWI_readNack+0x24>
    {
        return 0U;
     f64:	1c 82       	std	Y+4, r1	; 0x04
     f66:	16 c0       	rjmp	.+44     	; 0xf94 <TWI_readNack+0x50>
    }

    *data = TWDR;
     f68:	e3 e2       	ldi	r30, 0x23	; 35
     f6a:	f0 e0       	ldi	r31, 0x00	; 0
     f6c:	80 81       	ld	r24, Z
     f6e:	e9 81       	ldd	r30, Y+1	; 0x01
     f70:	fa 81       	ldd	r31, Y+2	; 0x02
     f72:	80 83       	st	Z, r24
    return ((TWSR & TWI_STATUS_MASK) == TWI_STATUS_DATA_R_NACK) ? 1U : 0U;
     f74:	e1 e2       	ldi	r30, 0x21	; 33
     f76:	f0 e0       	ldi	r31, 0x00	; 0
     f78:	80 81       	ld	r24, Z
     f7a:	88 2f       	mov	r24, r24
     f7c:	90 e0       	ldi	r25, 0x00	; 0
     f7e:	88 7f       	andi	r24, 0xF8	; 248
     f80:	90 70       	andi	r25, 0x00	; 0
     f82:	88 35       	cpi	r24, 0x58	; 88
     f84:	91 05       	cpc	r25, r1
     f86:	19 f4       	brne	.+6      	; 0xf8e <TWI_readNack+0x4a>
     f88:	81 e0       	ldi	r24, 0x01	; 1
     f8a:	8b 83       	std	Y+3, r24	; 0x03
     f8c:	01 c0       	rjmp	.+2      	; 0xf90 <TWI_readNack+0x4c>
     f8e:	1b 82       	std	Y+3, r1	; 0x03
     f90:	8b 81       	ldd	r24, Y+3	; 0x03
     f92:	8c 83       	std	Y+4, r24	; 0x04
     f94:	8c 81       	ldd	r24, Y+4	; 0x04
     f96:	0f 90       	pop	r0
     f98:	0f 90       	pop	r0
     f9a:	0f 90       	pop	r0
     f9c:	0f 90       	pop	r0
     f9e:	cf 91       	pop	r28
     fa0:	df 91       	pop	r29
     fa2:	08 95       	ret

00000fa4 <Timer0_init1ms>:
#include "../../config.h"

static volatile uint32 g_millis = 0U;

void Timer0_init1ms(void)
{
     fa4:	df 93       	push	r29
     fa6:	cf 93       	push	r28
     fa8:	cd b7       	in	r28, 0x3d	; 61
     faa:	de b7       	in	r29, 0x3e	; 62
    WRITE_REG(TIFR, (uint8)(1U << OCF0));
     fac:	e8 e5       	ldi	r30, 0x58	; 88
     fae:	f0 e0       	ldi	r31, 0x00	; 0
     fb0:	82 e0       	ldi	r24, 0x02	; 2
     fb2:	80 83       	st	Z, r24
    WRITE_REG(TIMSK, 0U);
     fb4:	e9 e5       	ldi	r30, 0x59	; 89
     fb6:	f0 e0       	ldi	r31, 0x00	; 0
     fb8:	10 82       	st	Z, r1
    WRITE_REG(TCCR0, 0U);
     fba:	e3 e5       	ldi	r30, 0x53	; 83
     fbc:	f0 e0       	ldi	r31, 0x00	; 0
     fbe:	10 82       	st	Z, r1
    SETBIT(TCCR0, WGM01);
     fc0:	a3 e5       	ldi	r26, 0x53	; 83
     fc2:	b0 e0       	ldi	r27, 0x00	; 0
     fc4:	e3 e5       	ldi	r30, 0x53	; 83
     fc6:	f0 e0       	ldi	r31, 0x00	; 0
     fc8:	80 81       	ld	r24, Z
     fca:	88 60       	ori	r24, 0x08	; 8
     fcc:	8c 93       	st	X, r24
    SETBIT(TCCR0, CS01);
     fce:	a3 e5       	ldi	r26, 0x53	; 83
     fd0:	b0 e0       	ldi	r27, 0x00	; 0
     fd2:	e3 e5       	ldi	r30, 0x53	; 83
     fd4:	f0 e0       	ldi	r31, 0x00	; 0
     fd6:	80 81       	ld	r24, Z
     fd8:	82 60       	ori	r24, 0x02	; 2
     fda:	8c 93       	st	X, r24
    SETBIT(TCCR0, CS00);
     fdc:	a3 e5       	ldi	r26, 0x53	; 83
     fde:	b0 e0       	ldi	r27, 0x00	; 0
     fe0:	e3 e5       	ldi	r30, 0x53	; 83
     fe2:	f0 e0       	ldi	r31, 0x00	; 0
     fe4:	80 81       	ld	r24, Z
     fe6:	81 60       	ori	r24, 0x01	; 1
     fe8:	8c 93       	st	X, r24
    WRITE_REG(OCR0, (uint8)(((F_CPU / 64UL) / 1000UL) - 1UL));
     fea:	ec e5       	ldi	r30, 0x5C	; 92
     fec:	f0 e0       	ldi	r31, 0x00	; 0
     fee:	8c e7       	ldi	r24, 0x7C	; 124
     ff0:	80 83       	st	Z, r24
    SETBIT(TIMSK, OCIE0);
     ff2:	a9 e5       	ldi	r26, 0x59	; 89
     ff4:	b0 e0       	ldi	r27, 0x00	; 0
     ff6:	e9 e5       	ldi	r30, 0x59	; 89
     ff8:	f0 e0       	ldi	r31, 0x00	; 0
     ffa:	80 81       	ld	r24, Z
     ffc:	82 60       	ori	r24, 0x02	; 2
     ffe:	8c 93       	st	X, r24
}
    1000:	cf 91       	pop	r28
    1002:	df 91       	pop	r29
    1004:	08 95       	ret

00001006 <Timer0_getMillis>:

uint32 Timer0_getMillis(void)
{
    1006:	df 93       	push	r29
    1008:	cf 93       	push	r28
    100a:	00 d0       	rcall	.+0      	; 0x100c <Timer0_getMillis+0x6>
    100c:	00 d0       	rcall	.+0      	; 0x100e <Timer0_getMillis+0x8>
    100e:	cd b7       	in	r28, 0x3d	; 61
    1010:	de b7       	in	r29, 0x3e	; 62
    uint32 millis;

    cli();
    1012:	f8 94       	cli
    millis = g_millis;
    1014:	80 91 6a 01 	lds	r24, 0x016A
    1018:	90 91 6b 01 	lds	r25, 0x016B
    101c:	a0 91 6c 01 	lds	r26, 0x016C
    1020:	b0 91 6d 01 	lds	r27, 0x016D
    1024:	89 83       	std	Y+1, r24	; 0x01
    1026:	9a 83       	std	Y+2, r25	; 0x02
    1028:	ab 83       	std	Y+3, r26	; 0x03
    102a:	bc 83       	std	Y+4, r27	; 0x04
    sei();
    102c:	78 94       	sei

    return millis;
    102e:	89 81       	ldd	r24, Y+1	; 0x01
    1030:	9a 81       	ldd	r25, Y+2	; 0x02
    1032:	ab 81       	ldd	r26, Y+3	; 0x03
    1034:	bc 81       	ldd	r27, Y+4	; 0x04
}
    1036:	bc 01       	movw	r22, r24
    1038:	cd 01       	movw	r24, r26
    103a:	0f 90       	pop	r0
    103c:	0f 90       	pop	r0
    103e:	0f 90       	pop	r0
    1040:	0f 90       	pop	r0
    1042:	cf 91       	pop	r28
    1044:	df 91       	pop	r29
    1046:	08 95       	ret

00001048 <__vector_default>:

ISR(BADISR_vect)
{
    1048:	1f 92       	push	r1
    104a:	0f 92       	push	r0
    104c:	0f b6       	in	r0, 0x3f	; 63
    104e:	0f 92       	push	r0
    1050:	11 24       	eor	r1, r1
    1052:	df 93       	push	r29
    1054:	cf 93       	push	r28
    1056:	cd b7       	in	r28, 0x3d	; 61
    1058:	de b7       	in	r29, 0x3e	; 62
    105a:	ff cf       	rjmp	.-2      	; 0x105a <__vector_default+0x12>

0000105c <__vector_10>:
        ;
    }
}

ISR(TIMER0_COMP_vect)
{
    105c:	1f 92       	push	r1
    105e:	0f 92       	push	r0
    1060:	0f b6       	in	r0, 0x3f	; 63
    1062:	0f 92       	push	r0
    1064:	11 24       	eor	r1, r1
    1066:	8f 93       	push	r24
    1068:	9f 93       	push	r25
    106a:	af 93       	push	r26
    106c:	bf 93       	push	r27
    106e:	df 93       	push	r29
    1070:	cf 93       	push	r28
    1072:	cd b7       	in	r28, 0x3d	; 61
    1074:	de b7       	in	r29, 0x3e	; 62
    g_millis++;
    1076:	80 91 6a 01 	lds	r24, 0x016A
    107a:	90 91 6b 01 	lds	r25, 0x016B
    107e:	a0 91 6c 01 	lds	r26, 0x016C
    1082:	b0 91 6d 01 	lds	r27, 0x016D
    1086:	01 96       	adiw	r24, 0x01	; 1
    1088:	a1 1d       	adc	r26, r1
    108a:	b1 1d       	adc	r27, r1
    108c:	80 93 6a 01 	sts	0x016A, r24
    1090:	90 93 6b 01 	sts	0x016B, r25
    1094:	a0 93 6c 01 	sts	0x016C, r26
    1098:	b0 93 6d 01 	sts	0x016D, r27
    109c:	cf 91       	pop	r28
    109e:	df 91       	pop	r29
    10a0:	bf 91       	pop	r27
    10a2:	af 91       	pop	r26
    10a4:	9f 91       	pop	r25
    10a6:	8f 91       	pop	r24
    10a8:	0f 90       	pop	r0
    10aa:	0f be       	out	0x3f, r0	; 63
    10ac:	0f 90       	pop	r0
    10ae:	1f 90       	pop	r1
    10b0:	18 95       	reti

000010b2 <DIO_getDDR>:
#include <avr/io.h>

#include "dio_private.h"

static volatile uint8_t *DIO_getDDR(uint8_t PortId)
{
    10b2:	df 93       	push	r29
    10b4:	cf 93       	push	r28
    10b6:	00 d0       	rcall	.+0      	; 0x10b8 <DIO_getDDR+0x6>
    10b8:	00 d0       	rcall	.+0      	; 0x10ba <DIO_getDDR+0x8>
    10ba:	0f 92       	push	r0
    10bc:	cd b7       	in	r28, 0x3d	; 61
    10be:	de b7       	in	r29, 0x3e	; 62
    10c0:	89 83       	std	Y+1, r24	; 0x01
    switch (PortId)
    10c2:	89 81       	ldd	r24, Y+1	; 0x01
    10c4:	28 2f       	mov	r18, r24
    10c6:	30 e0       	ldi	r19, 0x00	; 0
    10c8:	3d 83       	std	Y+5, r19	; 0x05
    10ca:	2c 83       	std	Y+4, r18	; 0x04
    10cc:	8c 81       	ldd	r24, Y+4	; 0x04
    10ce:	9d 81       	ldd	r25, Y+5	; 0x05
    10d0:	81 30       	cpi	r24, 0x01	; 1
    10d2:	91 05       	cpc	r25, r1
    10d4:	d1 f0       	breq	.+52     	; 0x110a <DIO_getDDR+0x58>
    10d6:	2c 81       	ldd	r18, Y+4	; 0x04
    10d8:	3d 81       	ldd	r19, Y+5	; 0x05
    10da:	22 30       	cpi	r18, 0x02	; 2
    10dc:	31 05       	cpc	r19, r1
    10de:	2c f4       	brge	.+10     	; 0x10ea <DIO_getDDR+0x38>
    10e0:	8c 81       	ldd	r24, Y+4	; 0x04
    10e2:	9d 81       	ldd	r25, Y+5	; 0x05
    10e4:	00 97       	sbiw	r24, 0x00	; 0
    10e6:	61 f0       	breq	.+24     	; 0x1100 <DIO_getDDR+0x4e>
    10e8:	1f c0       	rjmp	.+62     	; 0x1128 <DIO_getDDR+0x76>
    10ea:	2c 81       	ldd	r18, Y+4	; 0x04
    10ec:	3d 81       	ldd	r19, Y+5	; 0x05
    10ee:	22 30       	cpi	r18, 0x02	; 2
    10f0:	31 05       	cpc	r19, r1
    10f2:	81 f0       	breq	.+32     	; 0x1114 <DIO_getDDR+0x62>
    10f4:	8c 81       	ldd	r24, Y+4	; 0x04
    10f6:	9d 81       	ldd	r25, Y+5	; 0x05
    10f8:	83 30       	cpi	r24, 0x03	; 3
    10fa:	91 05       	cpc	r25, r1
    10fc:	81 f0       	breq	.+32     	; 0x111e <DIO_getDDR+0x6c>
    10fe:	14 c0       	rjmp	.+40     	; 0x1128 <DIO_getDDR+0x76>
    {
    case DIO_PORTA_ID: return &DDRA;
    1100:	2a e3       	ldi	r18, 0x3A	; 58
    1102:	30 e0       	ldi	r19, 0x00	; 0
    1104:	3b 83       	std	Y+3, r19	; 0x03
    1106:	2a 83       	std	Y+2, r18	; 0x02
    1108:	13 c0       	rjmp	.+38     	; 0x1130 <DIO_getDDR+0x7e>
    case DIO_PORTB_ID: return &DDRB;
    110a:	87 e3       	ldi	r24, 0x37	; 55
    110c:	90 e0       	ldi	r25, 0x00	; 0
    110e:	9b 83       	std	Y+3, r25	; 0x03
    1110:	8a 83       	std	Y+2, r24	; 0x02
    1112:	0e c0       	rjmp	.+28     	; 0x1130 <DIO_getDDR+0x7e>
    case DIO_PORTC_ID: return &DDRC;
    1114:	24 e3       	ldi	r18, 0x34	; 52
    1116:	30 e0       	ldi	r19, 0x00	; 0
    1118:	3b 83       	std	Y+3, r19	; 0x03
    111a:	2a 83       	std	Y+2, r18	; 0x02
    111c:	09 c0       	rjmp	.+18     	; 0x1130 <DIO_getDDR+0x7e>
    case DIO_PORTD_ID: return &DDRD;
    111e:	81 e3       	ldi	r24, 0x31	; 49
    1120:	90 e0       	ldi	r25, 0x00	; 0
    1122:	9b 83       	std	Y+3, r25	; 0x03
    1124:	8a 83       	std	Y+2, r24	; 0x02
    1126:	04 c0       	rjmp	.+8      	; 0x1130 <DIO_getDDR+0x7e>
    default: return &DDRA;
    1128:	2a e3       	ldi	r18, 0x3A	; 58
    112a:	30 e0       	ldi	r19, 0x00	; 0
    112c:	3b 83       	std	Y+3, r19	; 0x03
    112e:	2a 83       	std	Y+2, r18	; 0x02
    1130:	8a 81       	ldd	r24, Y+2	; 0x02
    1132:	9b 81       	ldd	r25, Y+3	; 0x03
    }
}
    1134:	0f 90       	pop	r0
    1136:	0f 90       	pop	r0
    1138:	0f 90       	pop	r0
    113a:	0f 90       	pop	r0
    113c:	0f 90       	pop	r0
    113e:	cf 91       	pop	r28
    1140:	df 91       	pop	r29
    1142:	08 95       	ret

00001144 <DIO_getPORT>:

static volatile uint8_t *DIO_getPORT(uint8_t PortId)
{
    1144:	df 93       	push	r29
    1146:	cf 93       	push	r28
    1148:	00 d0       	rcall	.+0      	; 0x114a <DIO_getPORT+0x6>
    114a:	00 d0       	rcall	.+0      	; 0x114c <DIO_getPORT+0x8>
    114c:	0f 92       	push	r0
    114e:	cd b7       	in	r28, 0x3d	; 61
    1150:	de b7       	in	r29, 0x3e	; 62
    1152:	89 83       	std	Y+1, r24	; 0x01
    switch (PortId)
    1154:	89 81       	ldd	r24, Y+1	; 0x01
    1156:	28 2f       	mov	r18, r24
    1158:	30 e0       	ldi	r19, 0x00	; 0
    115a:	3d 83       	std	Y+5, r19	; 0x05
    115c:	2c 83       	std	Y+4, r18	; 0x04
    115e:	8c 81       	ldd	r24, Y+4	; 0x04
    1160:	9d 81       	ldd	r25, Y+5	; 0x05
    1162:	81 30       	cpi	r24, 0x01	; 1
    1164:	91 05       	cpc	r25, r1
    1166:	d1 f0       	breq	.+52     	; 0x119c <DIO_getPORT+0x58>
    1168:	2c 81       	ldd	r18, Y+4	; 0x04
    116a:	3d 81       	ldd	r19, Y+5	; 0x05
    116c:	22 30       	cpi	r18, 0x02	; 2
    116e:	31 05       	cpc	r19, r1
    1170:	2c f4       	brge	.+10     	; 0x117c <DIO_getPORT+0x38>
    1172:	8c 81       	ldd	r24, Y+4	; 0x04
    1174:	9d 81       	ldd	r25, Y+5	; 0x05
    1176:	00 97       	sbiw	r24, 0x00	; 0
    1178:	61 f0       	breq	.+24     	; 0x1192 <DIO_getPORT+0x4e>
    117a:	1f c0       	rjmp	.+62     	; 0x11ba <DIO_getPORT+0x76>
    117c:	2c 81       	ldd	r18, Y+4	; 0x04
    117e:	3d 81       	ldd	r19, Y+5	; 0x05
    1180:	22 30       	cpi	r18, 0x02	; 2
    1182:	31 05       	cpc	r19, r1
    1184:	81 f0       	breq	.+32     	; 0x11a6 <DIO_getPORT+0x62>
    1186:	8c 81       	ldd	r24, Y+4	; 0x04
    1188:	9d 81       	ldd	r25, Y+5	; 0x05
    118a:	83 30       	cpi	r24, 0x03	; 3
    118c:	91 05       	cpc	r25, r1
    118e:	81 f0       	breq	.+32     	; 0x11b0 <DIO_getPORT+0x6c>
    1190:	14 c0       	rjmp	.+40     	; 0x11ba <DIO_getPORT+0x76>
    {
    case DIO_PORTA_ID: return &PORTA;
    1192:	2b e3       	ldi	r18, 0x3B	; 59
    1194:	30 e0       	ldi	r19, 0x00	; 0
    1196:	3b 83       	std	Y+3, r19	; 0x03
    1198:	2a 83       	std	Y+2, r18	; 0x02
    119a:	13 c0       	rjmp	.+38     	; 0x11c2 <DIO_getPORT+0x7e>
    case DIO_PORTB_ID: return &PORTB;
    119c:	88 e3       	ldi	r24, 0x38	; 56
    119e:	90 e0       	ldi	r25, 0x00	; 0
    11a0:	9b 83       	std	Y+3, r25	; 0x03
    11a2:	8a 83       	std	Y+2, r24	; 0x02
    11a4:	0e c0       	rjmp	.+28     	; 0x11c2 <DIO_getPORT+0x7e>
    case DIO_PORTC_ID: return &PORTC;
    11a6:	25 e3       	ldi	r18, 0x35	; 53
    11a8:	30 e0       	ldi	r19, 0x00	; 0
    11aa:	3b 83       	std	Y+3, r19	; 0x03
    11ac:	2a 83       	std	Y+2, r18	; 0x02
    11ae:	09 c0       	rjmp	.+18     	; 0x11c2 <DIO_getPORT+0x7e>
    case DIO_PORTD_ID: return &PORTD;
    11b0:	82 e3       	ldi	r24, 0x32	; 50
    11b2:	90 e0       	ldi	r25, 0x00	; 0
    11b4:	9b 83       	std	Y+3, r25	; 0x03
    11b6:	8a 83       	std	Y+2, r24	; 0x02
    11b8:	04 c0       	rjmp	.+8      	; 0x11c2 <DIO_getPORT+0x7e>
    default: return &PORTA;
    11ba:	2b e3       	ldi	r18, 0x3B	; 59
    11bc:	30 e0       	ldi	r19, 0x00	; 0
    11be:	3b 83       	std	Y+3, r19	; 0x03
    11c0:	2a 83       	std	Y+2, r18	; 0x02
    11c2:	8a 81       	ldd	r24, Y+2	; 0x02
    11c4:	9b 81       	ldd	r25, Y+3	; 0x03
    }
}
    11c6:	0f 90       	pop	r0
    11c8:	0f 90       	pop	r0
    11ca:	0f 90       	pop	r0
    11cc:	0f 90       	pop	r0
    11ce:	0f 90       	pop	r0
    11d0:	cf 91       	pop	r28
    11d2:	df 91       	pop	r29
    11d4:	08 95       	ret

000011d6 <DIO_getPIN>:

static volatile uint8_t *DIO_getPIN(uint8_t PortId)
{
    11d6:	df 93       	push	r29
    11d8:	cf 93       	push	r28
    11da:	00 d0       	rcall	.+0      	; 0x11dc <DIO_getPIN+0x6>
    11dc:	00 d0       	rcall	.+0      	; 0x11de <DIO_getPIN+0x8>
    11de:	0f 92       	push	r0
    11e0:	cd b7       	in	r28, 0x3d	; 61
    11e2:	de b7       	in	r29, 0x3e	; 62
    11e4:	89 83       	std	Y+1, r24	; 0x01
    switch (PortId)
    11e6:	89 81       	ldd	r24, Y+1	; 0x01
    11e8:	28 2f       	mov	r18, r24
    11ea:	30 e0       	ldi	r19, 0x00	; 0
    11ec:	3d 83       	std	Y+5, r19	; 0x05
    11ee:	2c 83       	std	Y+4, r18	; 0x04
    11f0:	8c 81       	ldd	r24, Y+4	; 0x04
    11f2:	9d 81       	ldd	r25, Y+5	; 0x05
    11f4:	81 30       	cpi	r24, 0x01	; 1
    11f6:	91 05       	cpc	r25, r1
    11f8:	d1 f0       	breq	.+52     	; 0x122e <DIO_getPIN+0x58>
    11fa:	2c 81       	ldd	r18, Y+4	; 0x04
    11fc:	3d 81       	ldd	r19, Y+5	; 0x05
    11fe:	22 30       	cpi	r18, 0x02	; 2
    1200:	31 05       	cpc	r19, r1
    1202:	2c f4       	brge	.+10     	; 0x120e <DIO_getPIN+0x38>
    1204:	8c 81       	ldd	r24, Y+4	; 0x04
    1206:	9d 81       	ldd	r25, Y+5	; 0x05
    1208:	00 97       	sbiw	r24, 0x00	; 0
    120a:	61 f0       	breq	.+24     	; 0x1224 <DIO_getPIN+0x4e>
    120c:	1f c0       	rjmp	.+62     	; 0x124c <DIO_getPIN+0x76>
    120e:	2c 81       	ldd	r18, Y+4	; 0x04
    1210:	3d 81       	ldd	r19, Y+5	; 0x05
    1212:	22 30       	cpi	r18, 0x02	; 2
    1214:	31 05       	cpc	r19, r1
    1216:	81 f0       	breq	.+32     	; 0x1238 <DIO_getPIN+0x62>
    1218:	8c 81       	ldd	r24, Y+4	; 0x04
    121a:	9d 81       	ldd	r25, Y+5	; 0x05
    121c:	83 30       	cpi	r24, 0x03	; 3
    121e:	91 05       	cpc	r25, r1
    1220:	81 f0       	breq	.+32     	; 0x1242 <DIO_getPIN+0x6c>
    1222:	14 c0       	rjmp	.+40     	; 0x124c <DIO_getPIN+0x76>
    {
    case DIO_PORTA_ID: return &PINA;
    1224:	29 e3       	ldi	r18, 0x39	; 57
    1226:	30 e0       	ldi	r19, 0x00	; 0
    1228:	3b 83       	std	Y+3, r19	; 0x03
    122a:	2a 83       	std	Y+2, r18	; 0x02
    122c:	13 c0       	rjmp	.+38     	; 0x1254 <DIO_getPIN+0x7e>
    case DIO_PORTB_ID: return &PINB;
    122e:	86 e3       	ldi	r24, 0x36	; 54
    1230:	90 e0       	ldi	r25, 0x00	; 0
    1232:	9b 83       	std	Y+3, r25	; 0x03
    1234:	8a 83       	std	Y+2, r24	; 0x02
    1236:	0e c0       	rjmp	.+28     	; 0x1254 <DIO_getPIN+0x7e>
    case DIO_PORTC_ID: return &PINC;
    1238:	23 e3       	ldi	r18, 0x33	; 51
    123a:	30 e0       	ldi	r19, 0x00	; 0
    123c:	3b 83       	std	Y+3, r19	; 0x03
    123e:	2a 83       	std	Y+2, r18	; 0x02
    1240:	09 c0       	rjmp	.+18     	; 0x1254 <DIO_getPIN+0x7e>
    case DIO_PORTD_ID: return &PIND;
    1242:	80 e3       	ldi	r24, 0x30	; 48
    1244:	90 e0       	ldi	r25, 0x00	; 0
    1246:	9b 83       	std	Y+3, r25	; 0x03
    1248:	8a 83       	std	Y+2, r24	; 0x02
    124a:	04 c0       	rjmp	.+8      	; 0x1254 <DIO_getPIN+0x7e>
    default: return &PINA;
    124c:	29 e3       	ldi	r18, 0x39	; 57
    124e:	30 e0       	ldi	r19, 0x00	; 0
    1250:	3b 83       	std	Y+3, r19	; 0x03
    1252:	2a 83       	std	Y+2, r18	; 0x02
    1254:	8a 81       	ldd	r24, Y+2	; 0x02
    1256:	9b 81       	ldd	r25, Y+3	; 0x03
    }
}
    1258:	0f 90       	pop	r0
    125a:	0f 90       	pop	r0
    125c:	0f 90       	pop	r0
    125e:	0f 90       	pop	r0
    1260:	0f 90       	pop	r0
    1262:	cf 91       	pop	r28
    1264:	df 91       	pop	r29
    1266:	08 95       	ret

00001268 <DIO_setPinDirection>:

void DIO_setPinDirection(uint8_t PortId, uint8_t PinId, uint8_t PinDirection)
{
    1268:	df 93       	push	r29
    126a:	cf 93       	push	r28
    126c:	00 d0       	rcall	.+0      	; 0x126e <DIO_setPinDirection+0x6>
    126e:	0f 92       	push	r0
    1270:	cd b7       	in	r28, 0x3d	; 61
    1272:	de b7       	in	r29, 0x3e	; 62
    1274:	89 83       	std	Y+1, r24	; 0x01
    1276:	6a 83       	std	Y+2, r22	; 0x02
    1278:	4b 83       	std	Y+3, r20	; 0x03
    if (PinDirection != 0U)
    127a:	8b 81       	ldd	r24, Y+3	; 0x03
    127c:	88 23       	and	r24, r24
    127e:	99 f0       	breq	.+38     	; 0x12a6 <DIO_setPinDirection+0x3e>
    {
        SETBIT(*DIO_getDDR(PortId), PinId);
    1280:	89 81       	ldd	r24, Y+1	; 0x01
    1282:	0e 94 59 08 	call	0x10b2	; 0x10b2 <DIO_getDDR>
    1286:	fc 01       	movw	r30, r24
    1288:	40 81       	ld	r20, Z
    128a:	8a 81       	ldd	r24, Y+2	; 0x02
    128c:	28 2f       	mov	r18, r24
    128e:	30 e0       	ldi	r19, 0x00	; 0
    1290:	81 e0       	ldi	r24, 0x01	; 1
    1292:	90 e0       	ldi	r25, 0x00	; 0
    1294:	02 2e       	mov	r0, r18
    1296:	02 c0       	rjmp	.+4      	; 0x129c <DIO_setPinDirection+0x34>
    1298:	88 0f       	add	r24, r24
    129a:	99 1f       	adc	r25, r25
    129c:	0a 94       	dec	r0
    129e:	e2 f7       	brpl	.-8      	; 0x1298 <DIO_setPinDirection+0x30>
    12a0:	84 2b       	or	r24, r20
    12a2:	80 83       	st	Z, r24
    12a4:	13 c0       	rjmp	.+38     	; 0x12cc <DIO_setPinDirection+0x64>
    }
    else
    {
        CLRBIT(*DIO_getDDR(PortId), PinId);
    12a6:	89 81       	ldd	r24, Y+1	; 0x01
    12a8:	0e 94 59 08 	call	0x10b2	; 0x10b2 <DIO_getDDR>
    12ac:	fc 01       	movw	r30, r24
    12ae:	40 81       	ld	r20, Z
    12b0:	8a 81       	ldd	r24, Y+2	; 0x02
    12b2:	28 2f       	mov	r18, r24
    12b4:	30 e0       	ldi	r19, 0x00	; 0
    12b6:	81 e0       	ldi	r24, 0x01	; 1
    12b8:	90 e0       	ldi	r25, 0x00	; 0
    12ba:	02 2e       	mov	r0, r18
    12bc:	02 c0       	rjmp	.+4      	; 0x12c2 <DIO_setPinDirection+0x5a>
    12be:	88 0f       	add	r24, r24
    12c0:	99 1f       	adc	r25, r25
    12c2:	0a 94       	dec	r0
    12c4:	e2 f7       	brpl	.-8      	; 0x12be <DIO_setPinDirection+0x56>
    12c6:	80 95       	com	r24
    12c8:	84 23       	and	r24, r20
    12ca:	80 83       	st	Z, r24
    }
}
    12cc:	0f 90       	pop	r0
    12ce:	0f 90       	pop	r0
    12d0:	0f 90       	pop	r0
    12d2:	cf 91       	pop	r28
    12d4:	df 91       	pop	r29
    12d6:	08 95       	ret

000012d8 <DIO_setPinValue>:

void DIO_setPinValue(uint8_t PortId, uint8_t PinId, uint8_t PinValue)
{
    12d8:	df 93       	push	r29
    12da:	cf 93       	push	r28
    12dc:	00 d0       	rcall	.+0      	; 0x12de <DIO_setPinValue+0x6>
    12de:	0f 92       	push	r0
    12e0:	cd b7       	in	r28, 0x3d	; 61
    12e2:	de b7       	in	r29, 0x3e	; 62
    12e4:	89 83       	std	Y+1, r24	; 0x01
    12e6:	6a 83       	std	Y+2, r22	; 0x02
    12e8:	4b 83       	std	Y+3, r20	; 0x03
    if (PinValue != 0U)
    12ea:	8b 81       	ldd	r24, Y+3	; 0x03
    12ec:	88 23       	and	r24, r24
    12ee:	99 f0       	breq	.+38     	; 0x1316 <DIO_setPinValue+0x3e>
    {
        SETBIT(*DIO_getPORT(PortId), PinId);
    12f0:	89 81       	ldd	r24, Y+1	; 0x01
    12f2:	0e 94 a2 08 	call	0x1144	; 0x1144 <DIO_getPORT>
    12f6:	fc 01       	movw	r30, r24
    12f8:	40 81       	ld	r20, Z
    12fa:	8a 81       	ldd	r24, Y+2	; 0x02
    12fc:	28 2f       	mov	r18, r24
    12fe:	30 e0       	ldi	r19, 0x00	; 0
    1300:	81 e0       	ldi	r24, 0x01	; 1
    1302:	90 e0       	ldi	r25, 0x00	; 0
    1304:	02 2e       	mov	r0, r18
    1306:	02 c0       	rjmp	.+4      	; 0x130c <DIO_setPinValue+0x34>
    1308:	88 0f       	add	r24, r24
    130a:	99 1f       	adc	r25, r25
    130c:	0a 94       	dec	r0
    130e:	e2 f7       	brpl	.-8      	; 0x1308 <DIO_setPinValue+0x30>
    1310:	84 2b       	or	r24, r20
    1312:	80 83       	st	Z, r24
    1314:	13 c0       	rjmp	.+38     	; 0x133c <DIO_setPinValue+0x64>
    }
    else
    {
        CLRBIT(*DIO_getPORT(PortId), PinId);
    1316:	89 81       	ldd	r24, Y+1	; 0x01
    1318:	0e 94 a2 08 	call	0x1144	; 0x1144 <DIO_getPORT>
    131c:	fc 01       	movw	r30, r24
    131e:	40 81       	ld	r20, Z
    1320:	8a 81       	ldd	r24, Y+2	; 0x02
    1322:	28 2f       	mov	r18, r24
    1324:	30 e0       	ldi	r19, 0x00	; 0
    1326:	81 e0       	ldi	r24, 0x01	; 1
    1328:	90 e0       	ldi	r25, 0x00	; 0
    132a:	02 2e       	mov	r0, r18
    132c:	02 c0       	rjmp	.+4      	; 0x1332 <DIO_setPinValue+0x5a>
    132e:	88 0f       	add	r24, r24
    1330:	99 1f       	adc	r25, r25
    1332:	0a 94       	dec	r0
    1334:	e2 f7       	brpl	.-8      	; 0x132e <DIO_setPinValue+0x56>
    1336:	80 95       	com	r24
    1338:	84 23       	and	r24, r20
    133a:	80 83       	st	Z, r24
    }
}
    133c:	0f 90       	pop	r0
    133e:	0f 90       	pop	r0
    1340:	0f 90       	pop	r0
    1342:	cf 91       	pop	r28
    1344:	df 91       	pop	r29
    1346:	08 95       	ret

00001348 <DIO_getPinValue>:

void DIO_getPinValue(uint8_t PortId, uint8_t PinId, uint8_t *PinValue)
{
    1348:	df 93       	push	r29
    134a:	cf 93       	push	r28
    134c:	00 d0       	rcall	.+0      	; 0x134e <DIO_getPinValue+0x6>
    134e:	00 d0       	rcall	.+0      	; 0x1350 <DIO_getPinValue+0x8>
    1350:	cd b7       	in	r28, 0x3d	; 61
    1352:	de b7       	in	r29, 0x3e	; 62
    1354:	89 83       	std	Y+1, r24	; 0x01
    1356:	6a 83       	std	Y+2, r22	; 0x02
    1358:	5c 83       	std	Y+4, r21	; 0x04
    135a:	4b 83       	std	Y+3, r20	; 0x03
    *PinValue = GETBIT(*DIO_getPIN(PortId), PinId);
    135c:	89 81       	ldd	r24, Y+1	; 0x01
    135e:	0e 94 eb 08 	call	0x11d6	; 0x11d6 <DIO_getPIN>
    1362:	fc 01       	movw	r30, r24
    1364:	80 81       	ld	r24, Z
    1366:	28 2f       	mov	r18, r24
    1368:	30 e0       	ldi	r19, 0x00	; 0
    136a:	8a 81       	ldd	r24, Y+2	; 0x02
    136c:	88 2f       	mov	r24, r24
    136e:	90 e0       	ldi	r25, 0x00	; 0
    1370:	a9 01       	movw	r20, r18
    1372:	02 c0       	rjmp	.+4      	; 0x1378 <DIO_getPinValue+0x30>
    1374:	55 95       	asr	r21
    1376:	47 95       	ror	r20
    1378:	8a 95       	dec	r24
    137a:	e2 f7       	brpl	.-8      	; 0x1374 <DIO_getPinValue+0x2c>
    137c:	ca 01       	movw	r24, r20
    137e:	81 70       	andi	r24, 0x01	; 1
    1380:	eb 81       	ldd	r30, Y+3	; 0x03
    1382:	fc 81       	ldd	r31, Y+4	; 0x04
    1384:	80 83       	st	Z, r24
}
    1386:	0f 90       	pop	r0
    1388:	0f 90       	pop	r0
    138a:	0f 90       	pop	r0
    138c:	0f 90       	pop	r0
    138e:	cf 91       	pop	r28
    1390:	df 91       	pop	r29
    1392:	08 95       	ret

00001394 <DIO_togglePinValue>:

void DIO_togglePinValue(uint8_t PortId, uint8_t PinId)
{
    1394:	df 93       	push	r29
    1396:	cf 93       	push	r28
    1398:	00 d0       	rcall	.+0      	; 0x139a <DIO_togglePinValue+0x6>
    139a:	cd b7       	in	r28, 0x3d	; 61
    139c:	de b7       	in	r29, 0x3e	; 62
    139e:	89 83       	std	Y+1, r24	; 0x01
    13a0:	6a 83       	std	Y+2, r22	; 0x02
    TGLBIT(*DIO_getPORT(PortId), PinId);
    13a2:	89 81       	ldd	r24, Y+1	; 0x01
    13a4:	0e 94 a2 08 	call	0x1144	; 0x1144 <DIO_getPORT>
    13a8:	fc 01       	movw	r30, r24
    13aa:	40 81       	ld	r20, Z
    13ac:	8a 81       	ldd	r24, Y+2	; 0x02
    13ae:	28 2f       	mov	r18, r24
    13b0:	30 e0       	ldi	r19, 0x00	; 0
    13b2:	81 e0       	ldi	r24, 0x01	; 1
    13b4:	90 e0       	ldi	r25, 0x00	; 0
    13b6:	02 2e       	mov	r0, r18
    13b8:	02 c0       	rjmp	.+4      	; 0x13be <DIO_togglePinValue+0x2a>
    13ba:	88 0f       	add	r24, r24
    13bc:	99 1f       	adc	r25, r25
    13be:	0a 94       	dec	r0
    13c0:	e2 f7       	brpl	.-8      	; 0x13ba <DIO_togglePinValue+0x26>
    13c2:	84 27       	eor	r24, r20
    13c4:	80 83       	st	Z, r24
}
    13c6:	0f 90       	pop	r0
    13c8:	0f 90       	pop	r0
    13ca:	cf 91       	pop	r28
    13cc:	df 91       	pop	r29
    13ce:	08 95       	ret

000013d0 <DIO_activePullUpResistance>:

void DIO_activePullUpResistance(uint8_t PortId, uint8_t PinId)
{
    13d0:	df 93       	push	r29
    13d2:	cf 93       	push	r28
    13d4:	00 d0       	rcall	.+0      	; 0x13d6 <DIO_activePullUpResistance+0x6>
    13d6:	cd b7       	in	r28, 0x3d	; 61
    13d8:	de b7       	in	r29, 0x3e	; 62
    13da:	89 83       	std	Y+1, r24	; 0x01
    13dc:	6a 83       	std	Y+2, r22	; 0x02
    SETBIT(*DIO_getPORT(PortId), PinId);
    13de:	89 81       	ldd	r24, Y+1	; 0x01
    13e0:	0e 94 a2 08 	call	0x1144	; 0x1144 <DIO_getPORT>
    13e4:	fc 01       	movw	r30, r24
    13e6:	40 81       	ld	r20, Z
    13e8:	8a 81       	ldd	r24, Y+2	; 0x02
    13ea:	28 2f       	mov	r18, r24
    13ec:	30 e0       	ldi	r19, 0x00	; 0
    13ee:	81 e0       	ldi	r24, 0x01	; 1
    13f0:	90 e0       	ldi	r25, 0x00	; 0
    13f2:	02 2e       	mov	r0, r18
    13f4:	02 c0       	rjmp	.+4      	; 0x13fa <DIO_activePullUpResistance+0x2a>
    13f6:	88 0f       	add	r24, r24
    13f8:	99 1f       	adc	r25, r25
    13fa:	0a 94       	dec	r0
    13fc:	e2 f7       	brpl	.-8      	; 0x13f6 <DIO_activePullUpResistance+0x26>
    13fe:	84 2b       	or	r24, r20
    1400:	80 83       	st	Z, r24
}
    1402:	0f 90       	pop	r0
    1404:	0f 90       	pop	r0
    1406:	cf 91       	pop	r28
    1408:	df 91       	pop	r29
    140a:	08 95       	ret

0000140c <DIO_setPortDirection>:

void DIO_setPortDirection(uint8_t PortId, uint8_t PortDirection)
{
    140c:	df 93       	push	r29
    140e:	cf 93       	push	r28
    1410:	00 d0       	rcall	.+0      	; 0x1412 <DIO_setPortDirection+0x6>
    1412:	cd b7       	in	r28, 0x3d	; 61
    1414:	de b7       	in	r29, 0x3e	; 62
    1416:	89 83       	std	Y+1, r24	; 0x01
    1418:	6a 83       	std	Y+2, r22	; 0x02
    WRITE_REG(*DIO_getDDR(PortId), PortDirection);
    141a:	89 81       	ldd	r24, Y+1	; 0x01
    141c:	0e 94 59 08 	call	0x10b2	; 0x10b2 <DIO_getDDR>
    1420:	fc 01       	movw	r30, r24
    1422:	8a 81       	ldd	r24, Y+2	; 0x02
    1424:	80 83       	st	Z, r24
}
    1426:	0f 90       	pop	r0
    1428:	0f 90       	pop	r0
    142a:	cf 91       	pop	r28
    142c:	df 91       	pop	r29
    142e:	08 95       	ret

00001430 <DIO_setPortValue>:

void DIO_setPortValue(uint8_t PortId, uint8_t PortValue)
{
    1430:	df 93       	push	r29
    1432:	cf 93       	push	r28
    1434:	00 d0       	rcall	.+0      	; 0x1436 <DIO_setPortValue+0x6>
    1436:	cd b7       	in	r28, 0x3d	; 61
    1438:	de b7       	in	r29, 0x3e	; 62
    143a:	89 83       	std	Y+1, r24	; 0x01
    143c:	6a 83       	std	Y+2, r22	; 0x02
    WRITE_REG(*DIO_getPORT(PortId), PortValue);
    143e:	89 81       	ldd	r24, Y+1	; 0x01
    1440:	0e 94 a2 08 	call	0x1144	; 0x1144 <DIO_getPORT>
    1444:	fc 01       	movw	r30, r24
    1446:	8a 81       	ldd	r24, Y+2	; 0x02
    1448:	80 83       	st	Z, r24
}
    144a:	0f 90       	pop	r0
    144c:	0f 90       	pop	r0
    144e:	cf 91       	pop	r28
    1450:	df 91       	pop	r29
    1452:	08 95       	ret

00001454 <DIO_getPortValue>:

void DIO_getPortValue(uint8_t PortId, uint8_t *PortValue)
{
    1454:	df 93       	push	r29
    1456:	cf 93       	push	r28
    1458:	00 d0       	rcall	.+0      	; 0x145a <DIO_getPortValue+0x6>
    145a:	0f 92       	push	r0
    145c:	cd b7       	in	r28, 0x3d	; 61
    145e:	de b7       	in	r29, 0x3e	; 62
    1460:	89 83       	std	Y+1, r24	; 0x01
    1462:	7b 83       	std	Y+3, r23	; 0x03
    1464:	6a 83       	std	Y+2, r22	; 0x02
    *PortValue = *DIO_getPIN(PortId);
    1466:	89 81       	ldd	r24, Y+1	; 0x01
    1468:	0e 94 eb 08 	call	0x11d6	; 0x11d6 <DIO_getPIN>
    146c:	fc 01       	movw	r30, r24
    146e:	80 81       	ld	r24, Z
    1470:	ea 81       	ldd	r30, Y+2	; 0x02
    1472:	fb 81       	ldd	r31, Y+3	; 0x03
    1474:	80 83       	st	Z, r24
}
    1476:	0f 90       	pop	r0
    1478:	0f 90       	pop	r0
    147a:	0f 90       	pop	r0
    147c:	cf 91       	pop	r28
    147e:	df 91       	pop	r29
    1480:	08 95       	ret

00001482 <DIO_togglePortValue>:

void DIO_togglePortValue(uint8_t PortId)
{
    1482:	0f 93       	push	r16
    1484:	1f 93       	push	r17
    1486:	df 93       	push	r29
    1488:	cf 93       	push	r28
    148a:	0f 92       	push	r0
    148c:	cd b7       	in	r28, 0x3d	; 61
    148e:	de b7       	in	r29, 0x3e	; 62
    1490:	89 83       	std	Y+1, r24	; 0x01
    WRITE_REG(*DIO_getPORT(PortId), (uint8_t)~(*DIO_getPORT(PortId)));
    1492:	89 81       	ldd	r24, Y+1	; 0x01
    1494:	0e 94 a2 08 	call	0x1144	; 0x1144 <DIO_getPORT>
    1498:	8c 01       	movw	r16, r24
    149a:	89 81       	ldd	r24, Y+1	; 0x01
    149c:	0e 94 a2 08 	call	0x1144	; 0x1144 <DIO_getPORT>
    14a0:	fc 01       	movw	r30, r24
    14a2:	80 81       	ld	r24, Z
    14a4:	80 95       	com	r24
    14a6:	f8 01       	movw	r30, r16
    14a8:	80 83       	st	Z, r24
    14aa:	0f 90       	pop	r0
    14ac:	cf 91       	pop	r28
    14ae:	df 91       	pop	r29
    14b0:	1f 91       	pop	r17
    14b2:	0f 91       	pop	r16
    14b4:	08 95       	ret

000014b6 <Ds3231_bcdToDecimal>:

#include "../../mcal/twi/twi_interface.h"
#include "../../config.h"

static uint8 Ds3231_bcdToDecimal(uint8 value)
{
    14b6:	df 93       	push	r29
    14b8:	cf 93       	push	r28
    14ba:	0f 92       	push	r0
    14bc:	cd b7       	in	r28, 0x3d	; 61
    14be:	de b7       	in	r29, 0x3e	; 62
    14c0:	89 83       	std	Y+1, r24	; 0x01
    return (uint8)(((value >> 4) * 10U) + (value & 0x0FU));
    14c2:	89 81       	ldd	r24, Y+1	; 0x01
    14c4:	82 95       	swap	r24
    14c6:	8f 70       	andi	r24, 0x0F	; 15
    14c8:	88 2f       	mov	r24, r24
    14ca:	90 e0       	ldi	r25, 0x00	; 0
    14cc:	9c 01       	movw	r18, r24
    14ce:	22 0f       	add	r18, r18
    14d0:	33 1f       	adc	r19, r19
    14d2:	c9 01       	movw	r24, r18
    14d4:	88 0f       	add	r24, r24
    14d6:	99 1f       	adc	r25, r25
    14d8:	88 0f       	add	r24, r24
    14da:	99 1f       	adc	r25, r25
    14dc:	82 0f       	add	r24, r18
    14de:	93 1f       	adc	r25, r19
    14e0:	98 2f       	mov	r25, r24
    14e2:	89 81       	ldd	r24, Y+1	; 0x01
    14e4:	8f 70       	andi	r24, 0x0F	; 15
    14e6:	89 0f       	add	r24, r25
}
    14e8:	0f 90       	pop	r0
    14ea:	cf 91       	pop	r28
    14ec:	df 91       	pop	r29
    14ee:	08 95       	ret

000014f0 <Ds3231_decimalToBcd>:

static uint8 Ds3231_decimalToBcd(uint8 value)
{
    14f0:	df 93       	push	r29
    14f2:	cf 93       	push	r28
    14f4:	0f 92       	push	r0
    14f6:	cd b7       	in	r28, 0x3d	; 61
    14f8:	de b7       	in	r29, 0x3e	; 62
    14fa:	89 83       	std	Y+1, r24	; 0x01
    return (uint8)(((value / 10U) << 4) | (value % 10U));
    14fc:	89 81       	ldd	r24, Y+1	; 0x01
    14fe:	9a e0       	ldi	r25, 0x0A	; 10
    1500:	69 2f       	mov	r22, r25
    1502:	0e 94 76 2c 	call	0x58ec	; 0x58ec <__udivmodqi4>
    1506:	28 2f       	mov	r18, r24
    1508:	22 95       	swap	r18
    150a:	20 7f       	andi	r18, 0xF0	; 240
    150c:	89 81       	ldd	r24, Y+1	; 0x01
    150e:	9a e0       	ldi	r25, 0x0A	; 10
    1510:	69 2f       	mov	r22, r25
    1512:	0e 94 76 2c 	call	0x58ec	; 0x58ec <__udivmodqi4>
    1516:	89 2f       	mov	r24, r25
    1518:	82 2b       	or	r24, r18
}
    151a:	0f 90       	pop	r0
    151c:	cf 91       	pop	r28
    151e:	df 91       	pop	r29
    1520:	08 95       	ret

00001522 <Ds3231_init>:

void Ds3231_init(void)
{
    1522:	df 93       	push	r29
    1524:	cf 93       	push	r28
    1526:	cd b7       	in	r28, 0x3d	; 61
    1528:	de b7       	in	r29, 0x3e	; 62
    TWI_init(TWI_BIT_RATE);
    152a:	60 ea       	ldi	r22, 0xA0	; 160
    152c:	76 e8       	ldi	r23, 0x86	; 134
    152e:	81 e0       	ldi	r24, 0x01	; 1
    1530:	90 e0       	ldi	r25, 0x00	; 0
    1532:	0e 94 77 06 	call	0xcee	; 0xcee <TWI_init>
}
    1536:	cf 91       	pop	r28
    1538:	df 91       	pop	r29
    153a:	08 95       	ret

0000153c <Ds3231_getDateTime>:

uint8 Ds3231_getDateTime(Ds3231DateTime *dateTime)
{
    153c:	df 93       	push	r29
    153e:	cf 93       	push	r28
    1540:	cd b7       	in	r28, 0x3d	; 61
    1542:	de b7       	in	r29, 0x3e	; 62
    1544:	2f 97       	sbiw	r28, 0x0f	; 15
    1546:	0f b6       	in	r0, 0x3f	; 63
    1548:	f8 94       	cli
    154a:	de bf       	out	0x3e, r29	; 62
    154c:	0f be       	out	0x3f, r0	; 63
    154e:	cd bf       	out	0x3d, r28	; 61
    1550:	9c 87       	std	Y+12, r25	; 0x0c
    1552:	8b 87       	std	Y+11, r24	; 0x0b
    uint8 buffer[7];
    uint8 index;

    if (TWI_start(DS3231_ADDRESS_WRITE) == 0U)
    1554:	80 ed       	ldi	r24, 0xD0	; 208
    1556:	0e 94 d6 06 	call	0xdac	; 0xdac <TWI_start>
    155a:	88 23       	and	r24, r24
    155c:	11 f4       	brne	.+4      	; 0x1562 <Ds3231_getDateTime+0x26>
    {
        return 0U;
    155e:	1f 86       	std	Y+15, r1	; 0x0f
    1560:	a1 c0       	rjmp	.+322    	; 0x16a4 <Ds3231_getDateTime+0x168>
    }

    if (TWI_write(DS3231_REG_SECONDS) == 0U)
    1562:	80 e0       	ldi	r24, 0x00	; 0
    1564:	0e 94 46 07 	call	0xe8c	; 0xe8c <TWI_write>
    1568:	88 23       	and	r24, r24
    156a:	21 f4       	brne	.+8      	; 0x1574 <Ds3231_getDateTime+0x38>
    {
        TWI_stop();
    156c:	0e 94 3b 07 	call	0xe76	; 0xe76 <TWI_stop>
        return 0U;
    1570:	1f 86       	std	Y+15, r1	; 0x0f
    1572:	98 c0       	rjmp	.+304    	; 0x16a4 <Ds3231_getDateTime+0x168>
    }

    if (TWI_start(DS3231_ADDRESS_READ) == 0U)
    1574:	81 ed       	ldi	r24, 0xD1	; 209
    1576:	0e 94 d6 06 	call	0xdac	; 0xdac <TWI_start>
    157a:	88 23       	and	r24, r24
    157c:	21 f4       	brne	.+8      	; 0x1586 <Ds3231_getDateTime+0x4a>
    {
        TWI_stop();
    157e:	0e 94 3b 07 	call	0xe76	; 0xe76 <TWI_stop>
        return 0U;
    1582:	1f 86       	std	Y+15, r1	; 0x0f
    1584:	8f c0       	rjmp	.+286    	; 0x16a4 <Ds3231_getDateTime+0x168>
    }

    for (index = 0U; index < 6U; index++)
    1586:	1b 82       	std	Y+3, r1	; 0x03
    1588:	12 c0       	rjmp	.+36     	; 0x15ae <Ds3231_getDateTime+0x72>
    {
        if (TWI_readAck(&buffer[index]) == 0U)
    158a:	8b 81       	ldd	r24, Y+3	; 0x03
    158c:	28 2f       	mov	r18, r24
    158e:	30 e0       	ldi	r19, 0x00	; 0
    1590:	ce 01       	movw	r24, r28
    1592:	04 96       	adiw	r24, 0x04	; 4
    1594:	82 0f       	add	r24, r18
    1596:	93 1f       	adc	r25, r19
    1598:	0e 94 72 07 	call	0xee4	; 0xee4 <TWI_readAck>
    159c:	88 23       	and	r24, r24
    159e:	21 f4       	brne	.+8      	; 0x15a8 <Ds3231_getDateTime+0x6c>
        {
            TWI_stop();
    15a0:	0e 94 3b 07 	call	0xe76	; 0xe76 <TWI_stop>
            return 0U;
    15a4:	1f 86       	std	Y+15, r1	; 0x0f
    15a6:	7e c0       	rjmp	.+252    	; 0x16a4 <Ds3231_getDateTime+0x168>
    {
        TWI_stop();
        return 0U;
    }

    for (index = 0U; index < 6U; index++)
    15a8:	8b 81       	ldd	r24, Y+3	; 0x03
    15aa:	8f 5f       	subi	r24, 0xFF	; 255
    15ac:	8b 83       	std	Y+3, r24	; 0x03
    15ae:	8b 81       	ldd	r24, Y+3	; 0x03
    15b0:	86 30       	cpi	r24, 0x06	; 6
    15b2:	58 f3       	brcs	.-42     	; 0x158a <Ds3231_getDateTime+0x4e>
            TWI_stop();
            return 0U;
        }
    }

    if (TWI_readNack(&buffer[6]) == 0U)
    15b4:	ce 01       	movw	r24, r28
    15b6:	04 96       	adiw	r24, 0x04	; 4
    15b8:	06 96       	adiw	r24, 0x06	; 6
    15ba:	0e 94 a2 07 	call	0xf44	; 0xf44 <TWI_readNack>
    15be:	88 23       	and	r24, r24
    15c0:	21 f4       	brne	.+8      	; 0x15ca <Ds3231_getDateTime+0x8e>
    {
        TWI_stop();
    15c2:	0e 94 3b 07 	call	0xe76	; 0xe76 <TWI_stop>
        return 0U;
    15c6:	1f 86       	std	Y+15, r1	; 0x0f
    15c8:	6d c0       	rjmp	.+218    	; 0x16a4 <Ds3231_getDateTime+0x168>
    }

    TWI_stop();
    15ca:	0e 94 3b 07 	call	0xe76	; 0xe76 <TWI_stop>

    dateTime->second = Ds3231_bcdToDecimal((uint8)(buffer[0] & 0x7FU));
    15ce:	8c 81       	ldd	r24, Y+4	; 0x04
    15d0:	8f 77       	andi	r24, 0x7F	; 127
    15d2:	0e 94 5b 0a 	call	0x14b6	; 0x14b6 <Ds3231_bcdToDecimal>
    15d6:	eb 85       	ldd	r30, Y+11	; 0x0b
    15d8:	fc 85       	ldd	r31, Y+12	; 0x0c
    15da:	80 83       	st	Z, r24
    dateTime->minute = Ds3231_bcdToDecimal((uint8)(buffer[1] & 0x7FU));
    15dc:	8d 81       	ldd	r24, Y+5	; 0x05
    15de:	8f 77       	andi	r24, 0x7F	; 127
    15e0:	0e 94 5b 0a 	call	0x14b6	; 0x14b6 <Ds3231_bcdToDecimal>
    15e4:	eb 85       	ldd	r30, Y+11	; 0x0b
    15e6:	fc 85       	ldd	r31, Y+12	; 0x0c
    15e8:	81 83       	std	Z+1, r24	; 0x01

    if ((buffer[2] & 0x40U) != 0U)
    15ea:	8e 81       	ldd	r24, Y+6	; 0x06
    15ec:	88 2f       	mov	r24, r24
    15ee:	90 e0       	ldi	r25, 0x00	; 0
    15f0:	80 74       	andi	r24, 0x40	; 64
    15f2:	90 70       	andi	r25, 0x00	; 0
    15f4:	00 97       	sbiw	r24, 0x00	; 0
    15f6:	69 f1       	breq	.+90     	; 0x1652 <Ds3231_getDateTime+0x116>
    {
        uint8 hour = Ds3231_bcdToDecimal((uint8)(buffer[2] & 0x1FU));
    15f8:	8e 81       	ldd	r24, Y+6	; 0x06
    15fa:	8f 71       	andi	r24, 0x1F	; 31
    15fc:	0e 94 5b 0a 	call	0x14b6	; 0x14b6 <Ds3231_bcdToDecimal>
    1600:	8a 83       	std	Y+2, r24	; 0x02
        uint8 pm = (uint8)((buffer[2] & 0x20U) != 0U);
    1602:	8e 81       	ldd	r24, Y+6	; 0x06
    1604:	88 2f       	mov	r24, r24
    1606:	90 e0       	ldi	r25, 0x00	; 0
    1608:	80 72       	andi	r24, 0x20	; 32
    160a:	90 70       	andi	r25, 0x00	; 0
    160c:	19 82       	std	Y+1, r1	; 0x01
    160e:	00 97       	sbiw	r24, 0x00	; 0
    1610:	11 f0       	breq	.+4      	; 0x1616 <Ds3231_getDateTime+0xda>
    1612:	81 e0       	ldi	r24, 0x01	; 1
    1614:	89 83       	std	Y+1, r24	; 0x01

        if (hour == 12U)
    1616:	8a 81       	ldd	r24, Y+2	; 0x02
    1618:	8c 30       	cpi	r24, 0x0C	; 12
    161a:	61 f4       	brne	.+24     	; 0x1634 <Ds3231_getDateTime+0xf8>
        {
            dateTime->hour = pm ? 12U : 0U;
    161c:	89 81       	ldd	r24, Y+1	; 0x01
    161e:	88 23       	and	r24, r24
    1620:	19 f0       	breq	.+6      	; 0x1628 <Ds3231_getDateTime+0xec>
    1622:	8c e0       	ldi	r24, 0x0C	; 12
    1624:	8e 87       	std	Y+14, r24	; 0x0e
    1626:	01 c0       	rjmp	.+2      	; 0x162a <Ds3231_getDateTime+0xee>
    1628:	1e 86       	std	Y+14, r1	; 0x0e
    162a:	eb 85       	ldd	r30, Y+11	; 0x0b
    162c:	fc 85       	ldd	r31, Y+12	; 0x0c
    162e:	9e 85       	ldd	r25, Y+14	; 0x0e
    1630:	92 83       	std	Z+2, r25	; 0x02
    1632:	16 c0       	rjmp	.+44     	; 0x1660 <Ds3231_getDateTime+0x124>
        }
        else
        {
            dateTime->hour = pm ? (uint8)(hour + 12U) : hour;
    1634:	89 81       	ldd	r24, Y+1	; 0x01
    1636:	88 23       	and	r24, r24
    1638:	29 f0       	breq	.+10     	; 0x1644 <Ds3231_getDateTime+0x108>
    163a:	8a 81       	ldd	r24, Y+2	; 0x02
    163c:	98 2f       	mov	r25, r24
    163e:	94 5f       	subi	r25, 0xF4	; 244
    1640:	9d 87       	std	Y+13, r25	; 0x0d
    1642:	02 c0       	rjmp	.+4      	; 0x1648 <Ds3231_getDateTime+0x10c>
    1644:	8a 81       	ldd	r24, Y+2	; 0x02
    1646:	8d 87       	std	Y+13, r24	; 0x0d
    1648:	eb 85       	ldd	r30, Y+11	; 0x0b
    164a:	fc 85       	ldd	r31, Y+12	; 0x0c
    164c:	9d 85       	ldd	r25, Y+13	; 0x0d
    164e:	92 83       	std	Z+2, r25	; 0x02
    1650:	07 c0       	rjmp	.+14     	; 0x1660 <Ds3231_getDateTime+0x124>
        }
    }
    else
    {
        dateTime->hour = Ds3231_bcdToDecimal((uint8)(buffer[2] & 0x3FU));
    1652:	8e 81       	ldd	r24, Y+6	; 0x06
    1654:	8f 73       	andi	r24, 0x3F	; 63
    1656:	0e 94 5b 0a 	call	0x14b6	; 0x14b6 <Ds3231_bcdToDecimal>
    165a:	eb 85       	ldd	r30, Y+11	; 0x0b
    165c:	fc 85       	ldd	r31, Y+12	; 0x0c
    165e:	82 83       	std	Z+2, r24	; 0x02
    }

    dateTime->dayOfWeek = Ds3231_bcdToDecimal((uint8)(buffer[3] & 0x07U));
    1660:	8f 81       	ldd	r24, Y+7	; 0x07
    1662:	87 70       	andi	r24, 0x07	; 7
    1664:	0e 94 5b 0a 	call	0x14b6	; 0x14b6 <Ds3231_bcdToDecimal>
    1668:	eb 85       	ldd	r30, Y+11	; 0x0b
    166a:	fc 85       	ldd	r31, Y+12	; 0x0c
    166c:	83 83       	std	Z+3, r24	; 0x03
    dateTime->date = Ds3231_bcdToDecimal((uint8)(buffer[4] & 0x3FU));
    166e:	88 85       	ldd	r24, Y+8	; 0x08
    1670:	8f 73       	andi	r24, 0x3F	; 63
    1672:	0e 94 5b 0a 	call	0x14b6	; 0x14b6 <Ds3231_bcdToDecimal>
    1676:	eb 85       	ldd	r30, Y+11	; 0x0b
    1678:	fc 85       	ldd	r31, Y+12	; 0x0c
    167a:	84 83       	std	Z+4, r24	; 0x04
    dateTime->month = Ds3231_bcdToDecimal((uint8)(buffer[5] & 0x1FU));
    167c:	89 85       	ldd	r24, Y+9	; 0x09
    167e:	8f 71       	andi	r24, 0x1F	; 31
    1680:	0e 94 5b 0a 	call	0x14b6	; 0x14b6 <Ds3231_bcdToDecimal>
    1684:	eb 85       	ldd	r30, Y+11	; 0x0b
    1686:	fc 85       	ldd	r31, Y+12	; 0x0c
    1688:	85 83       	std	Z+5, r24	; 0x05
    dateTime->year = (uint16)(2000U + Ds3231_bcdToDecimal(buffer[6]));
    168a:	8a 85       	ldd	r24, Y+10	; 0x0a
    168c:	0e 94 5b 0a 	call	0x14b6	; 0x14b6 <Ds3231_bcdToDecimal>
    1690:	88 2f       	mov	r24, r24
    1692:	90 e0       	ldi	r25, 0x00	; 0
    1694:	80 53       	subi	r24, 0x30	; 48
    1696:	98 4f       	sbci	r25, 0xF8	; 248
    1698:	eb 85       	ldd	r30, Y+11	; 0x0b
    169a:	fc 85       	ldd	r31, Y+12	; 0x0c
    169c:	97 83       	std	Z+7, r25	; 0x07
    169e:	86 83       	std	Z+6, r24	; 0x06

    return 1U;
    16a0:	81 e0       	ldi	r24, 0x01	; 1
    16a2:	8f 87       	std	Y+15, r24	; 0x0f
    16a4:	8f 85       	ldd	r24, Y+15	; 0x0f
}
    16a6:	2f 96       	adiw	r28, 0x0f	; 15
    16a8:	0f b6       	in	r0, 0x3f	; 63
    16aa:	f8 94       	cli
    16ac:	de bf       	out	0x3e, r29	; 62
    16ae:	0f be       	out	0x3f, r0	; 63
    16b0:	cd bf       	out	0x3d, r28	; 61
    16b2:	cf 91       	pop	r28
    16b4:	df 91       	pop	r29
    16b6:	08 95       	ret

000016b8 <Ds3231_setDateTime>:

uint8 Ds3231_setDateTime(const Ds3231DateTime *dateTime)
{
    16b8:	df 93       	push	r29
    16ba:	cf 93       	push	r28
    16bc:	00 d0       	rcall	.+0      	; 0x16be <Ds3231_setDateTime+0x6>
    16be:	0f 92       	push	r0
    16c0:	cd b7       	in	r28, 0x3d	; 61
    16c2:	de b7       	in	r29, 0x3e	; 62
    16c4:	9a 83       	std	Y+2, r25	; 0x02
    16c6:	89 83       	std	Y+1, r24	; 0x01
    if (TWI_start(DS3231_ADDRESS_WRITE) == 0U)
    16c8:	80 ed       	ldi	r24, 0xD0	; 208
    16ca:	0e 94 d6 06 	call	0xdac	; 0xdac <TWI_start>
    16ce:	88 23       	and	r24, r24
    16d0:	11 f4       	brne	.+4      	; 0x16d6 <Ds3231_setDateTime+0x1e>
    {
        return 0U;
    16d2:	1b 82       	std	Y+3, r1	; 0x03
    16d4:	74 c0       	rjmp	.+232    	; 0x17be <Ds3231_setDateTime+0x106>
    }

    if (TWI_write(DS3231_REG_SECONDS) == 0U)
    16d6:	80 e0       	ldi	r24, 0x00	; 0
    16d8:	0e 94 46 07 	call	0xe8c	; 0xe8c <TWI_write>
    16dc:	88 23       	and	r24, r24
    16de:	21 f4       	brne	.+8      	; 0x16e8 <Ds3231_setDateTime+0x30>
    {
        TWI_stop();
    16e0:	0e 94 3b 07 	call	0xe76	; 0xe76 <TWI_stop>
        return 0U;
    16e4:	1b 82       	std	Y+3, r1	; 0x03
    16e6:	6b c0       	rjmp	.+214    	; 0x17be <Ds3231_setDateTime+0x106>
    }

    if (TWI_write(Ds3231_decimalToBcd(dateTime->second) & 0x7FU) == 0U)
    16e8:	e9 81       	ldd	r30, Y+1	; 0x01
    16ea:	fa 81       	ldd	r31, Y+2	; 0x02
    16ec:	80 81       	ld	r24, Z
    16ee:	0e 94 78 0a 	call	0x14f0	; 0x14f0 <Ds3231_decimalToBcd>
    16f2:	8f 77       	andi	r24, 0x7F	; 127
    16f4:	0e 94 46 07 	call	0xe8c	; 0xe8c <TWI_write>
    16f8:	88 23       	and	r24, r24
    16fa:	21 f4       	brne	.+8      	; 0x1704 <Ds3231_setDateTime+0x4c>
    {
        TWI_stop();
    16fc:	0e 94 3b 07 	call	0xe76	; 0xe76 <TWI_stop>
        return 0U;
    1700:	1b 82       	std	Y+3, r1	; 0x03
    1702:	5d c0       	rjmp	.+186    	; 0x17be <Ds3231_setDateTime+0x106>
    }

    if (TWI_write(Ds3231_decimalToBcd(dateTime->minute) & 0x7FU) == 0U)
    1704:	e9 81       	ldd	r30, Y+1	; 0x01
    1706:	fa 81       	ldd	r31, Y+2	; 0x02
    1708:	81 81       	ldd	r24, Z+1	; 0x01
    170a:	0e 94 78 0a 	call	0x14f0	; 0x14f0 <Ds3231_decimalToBcd>
    170e:	8f 77       	andi	r24, 0x7F	; 127
    1710:	0e 94 46 07 	call	0xe8c	; 0xe8c <TWI_write>
    1714:	88 23       	and	r24, r24
    1716:	21 f4       	brne	.+8      	; 0x1720 <Ds3231_setDateTime+0x68>
    {
        TWI_stop();
    1718:	0e 94 3b 07 	call	0xe76	; 0xe76 <TWI_stop>
        return 0U;
    171c:	1b 82       	std	Y+3, r1	; 0x03
    171e:	4f c0       	rjmp	.+158    	; 0x17be <Ds3231_setDateTime+0x106>
    }

    if (TWI_write(Ds3231_decimalToBcd(dateTime->hour) & 0x3FU) == 0U)
    1720:	e9 81       	ldd	r30, Y+1	; 0x01
    1722:	fa 81       	ldd	r31, Y+2	; 0x02
    1724:	82 81       	ldd	r24, Z+2	; 0x02
    1726:	0e 94 78 0a 	call	0x14f0	; 0x14f0 <Ds3231_decimalToBcd>
    172a:	8f 73       	andi	r24, 0x3F	; 63
    172c:	0e 94 46 07 	call	0xe8c	; 0xe8c <TWI_write>
    1730:	88 23       	and	r24, r24
    1732:	21 f4       	brne	.+8      	; 0x173c <Ds3231_setDateTime+0x84>
    {
        TWI_stop();
    1734:	0e 94 3b 07 	call	0xe76	; 0xe76 <TWI_stop>
        return 0U;
    1738:	1b 82       	std	Y+3, r1	; 0x03
    173a:	41 c0       	rjmp	.+130    	; 0x17be <Ds3231_setDateTime+0x106>
    }

    if (TWI_write(Ds3231_decimalToBcd(dateTime->dayOfWeek) & 0x07U) == 0U)
    173c:	e9 81       	ldd	r30, Y+1	; 0x01
    173e:	fa 81       	ldd	r31, Y+2	; 0x02
    1740:	83 81       	ldd	r24, Z+3	; 0x03
    1742:	0e 94 78 0a 	call	0x14f0	; 0x14f0 <Ds3231_decimalToBcd>
    1746:	87 70       	andi	r24, 0x07	; 7
    1748:	0e 94 46 07 	call	0xe8c	; 0xe8c <TWI_write>
    174c:	88 23       	and	r24, r24
    174e:	21 f4       	brne	.+8      	; 0x1758 <Ds3231_setDateTime+0xa0>
    {
        TWI_stop();
    1750:	0e 94 3b 07 	call	0xe76	; 0xe76 <TWI_stop>
        return 0U;
    1754:	1b 82       	std	Y+3, r1	; 0x03
    1756:	33 c0       	rjmp	.+102    	; 0x17be <Ds3231_setDateTime+0x106>
    }

    if (TWI_write(Ds3231_decimalToBcd(dateTime->date) & 0x3FU) == 0U)
    1758:	e9 81       	ldd	r30, Y+1	; 0x01
    175a:	fa 81       	ldd	r31, Y+2	; 0x02
    175c:	84 81       	ldd	r24, Z+4	; 0x04
    175e:	0e 94 78 0a 	call	0x14f0	; 0x14f0 <Ds3231_decimalToBcd>
    1762:	8f 73       	andi	r24, 0x3F	; 63
    1764:	0e 94 46 07 	call	0xe8c	; 0xe8c <TWI_write>
    1768:	88 23       	and	r24, r24
    176a:	21 f4       	brne	.+8      	; 0x1774 <Ds3231_setDateTime+0xbc>
    {
        TWI_stop();
    176c:	0e 94 3b 07 	call	0xe76	; 0xe76 <TWI_stop>
        return 0U;
    1770:	1b 82       	std	Y+3, r1	; 0x03
    1772:	25 c0       	rjmp	.+74     	; 0x17be <Ds3231_setDateTime+0x106>
    }

    if (TWI_write(Ds3231_decimalToBcd(dateTime->month) & 0x1FU) == 0U)
    1774:	e9 81       	ldd	r30, Y+1	; 0x01
    1776:	fa 81       	ldd	r31, Y+2	; 0x02
    1778:	85 81       	ldd	r24, Z+5	; 0x05
    177a:	0e 94 78 0a 	call	0x14f0	; 0x14f0 <Ds3231_decimalToBcd>
    177e:	8f 71       	andi	r24, 0x1F	; 31
    1780:	0e 94 46 07 	call	0xe8c	; 0xe8c <TWI_write>
    1784:	88 23       	and	r24, r24
    1786:	21 f4       	brne	.+8      	; 0x1790 <Ds3231_setDateTime+0xd8>
    {
        TWI_stop();
    1788:	0e 94 3b 07 	call	0xe76	; 0xe76 <TWI_stop>
        return 0U;
    178c:	1b 82       	std	Y+3, r1	; 0x03
    178e:	17 c0       	rjmp	.+46     	; 0x17be <Ds3231_setDateTime+0x106>
    }

    if (TWI_write(Ds3231_decimalToBcd((uint8)(dateTime->year % 100U))) == 0U)
    1790:	e9 81       	ldd	r30, Y+1	; 0x01
    1792:	fa 81       	ldd	r31, Y+2	; 0x02
    1794:	86 81       	ldd	r24, Z+6	; 0x06
    1796:	97 81       	ldd	r25, Z+7	; 0x07
    1798:	24 e6       	ldi	r18, 0x64	; 100
    179a:	30 e0       	ldi	r19, 0x00	; 0
    179c:	b9 01       	movw	r22, r18
    179e:	0e 94 82 2c 	call	0x5904	; 0x5904 <__udivmodhi4>
    17a2:	0e 94 78 0a 	call	0x14f0	; 0x14f0 <Ds3231_decimalToBcd>
    17a6:	0e 94 46 07 	call	0xe8c	; 0xe8c <TWI_write>
    17aa:	88 23       	and	r24, r24
    17ac:	21 f4       	brne	.+8      	; 0x17b6 <Ds3231_setDateTime+0xfe>
    {
        TWI_stop();
    17ae:	0e 94 3b 07 	call	0xe76	; 0xe76 <TWI_stop>
        return 0U;
    17b2:	1b 82       	std	Y+3, r1	; 0x03
    17b4:	04 c0       	rjmp	.+8      	; 0x17be <Ds3231_setDateTime+0x106>
    }

    TWI_stop();
    17b6:	0e 94 3b 07 	call	0xe76	; 0xe76 <TWI_stop>
    return 1U;
    17ba:	81 e0       	ldi	r24, 0x01	; 1
    17bc:	8b 83       	std	Y+3, r24	; 0x03
    17be:	8b 81       	ldd	r24, Y+3	; 0x03
}
    17c0:	0f 90       	pop	r0
    17c2:	0f 90       	pop	r0
    17c4:	0f 90       	pop	r0
    17c6:	cf 91       	pop	r28
    17c8:	df 91       	pop	r29
    17ca:	08 95       	ret

000017cc <Ds3231_isOscillatorStopped>:

uint8 Ds3231_isOscillatorStopped(uint8 *stopped)
{
    17cc:	df 93       	push	r29
    17ce:	cf 93       	push	r28
    17d0:	00 d0       	rcall	.+0      	; 0x17d2 <Ds3231_isOscillatorStopped+0x6>
    17d2:	00 d0       	rcall	.+0      	; 0x17d4 <Ds3231_isOscillatorStopped+0x8>
    17d4:	0f 92       	push	r0
    17d6:	cd b7       	in	r28, 0x3d	; 61
    17d8:	de b7       	in	r29, 0x3e	; 62
    17da:	9b 83       	std	Y+3, r25	; 0x03
    17dc:	8a 83       	std	Y+2, r24	; 0x02
    uint8 status;

    if (TWI_start(DS3231_ADDRESS_WRITE) == 0U)
    17de:	80 ed       	ldi	r24, 0xD0	; 208
    17e0:	0e 94 d6 06 	call	0xdac	; 0xdac <TWI_start>
    17e4:	88 23       	and	r24, r24
    17e6:	11 f4       	brne	.+4      	; 0x17ec <Ds3231_isOscillatorStopped+0x20>
    {
        return 0U;
    17e8:	1d 82       	std	Y+5, r1	; 0x05
    17ea:	2b c0       	rjmp	.+86     	; 0x1842 <Ds3231_isOscillatorStopped+0x76>
    }

    if (TWI_write(DS3231_REG_STATUS) == 0U)
    17ec:	8f e0       	ldi	r24, 0x0F	; 15
    17ee:	0e 94 46 07 	call	0xe8c	; 0xe8c <TWI_write>
    17f2:	88 23       	and	r24, r24
    17f4:	21 f4       	brne	.+8      	; 0x17fe <Ds3231_isOscillatorStopped+0x32>
    {
        TWI_stop();
    17f6:	0e 94 3b 07 	call	0xe76	; 0xe76 <TWI_stop>
        return 0U;
    17fa:	1d 82       	std	Y+5, r1	; 0x05
    17fc:	22 c0       	rjmp	.+68     	; 0x1842 <Ds3231_isOscillatorStopped+0x76>
    }

    if (TWI_start(DS3231_ADDRESS_READ) == 0U)
    17fe:	81 ed       	ldi	r24, 0xD1	; 209
    1800:	0e 94 d6 06 	call	0xdac	; 0xdac <TWI_start>
    1804:	88 23       	and	r24, r24
    1806:	21 f4       	brne	.+8      	; 0x1810 <Ds3231_isOscillatorStopped+0x44>
    {
        TWI_stop();
    1808:	0e 94 3b 07 	call	0xe76	; 0xe76 <TWI_stop>
        return 0U;
    180c:	1d 82       	std	Y+5, r1	; 0x05
    180e:	19 c0       	rjmp	.+50     	; 0x1842 <Ds3231_isOscillatorStopped+0x76>
    }

    if (TWI_readNack(&status) == 0U)
    1810:	ce 01       	movw	r24, r28
    1812:	01 96       	adiw	r24, 0x01	; 1
    1814:	0e 94 a2 07 	call	0xf44	; 0xf44 <TWI_readNack>
    1818:	88 23       	and	r24, r24
    181a:	21 f4       	brne	.+8      	; 0x1824 <Ds3231_isOscillatorStopped+0x58>
    {
        TWI_stop();
    181c:	0e 94 3b 07 	call	0xe76	; 0xe76 <TWI_stop>
        return 0U;
    1820:	1d 82       	std	Y+5, r1	; 0x05
    1822:	0f c0       	rjmp	.+30     	; 0x1842 <Ds3231_isOscillatorStopped+0x76>
    }

    TWI_stop();
    1824:	0e 94 3b 07 	call	0xe76	; 0xe76 <TWI_stop>
    *stopped = ((status & 0x80U) != 0U) ? 1U : 0U;
    1828:	89 81       	ldd	r24, Y+1	; 0x01
    182a:	88 23       	and	r24, r24
    182c:	1c f4       	brge	.+6      	; 0x1834 <Ds3231_isOscillatorStopped+0x68>
    182e:	81 e0       	ldi	r24, 0x01	; 1
    1830:	8c 83       	std	Y+4, r24	; 0x04
    1832:	01 c0       	rjmp	.+2      	; 0x1836 <Ds3231_isOscillatorStopped+0x6a>
    1834:	1c 82       	std	Y+4, r1	; 0x04
    1836:	ea 81       	ldd	r30, Y+2	; 0x02
    1838:	fb 81       	ldd	r31, Y+3	; 0x03
    183a:	8c 81       	ldd	r24, Y+4	; 0x04
    183c:	80 83       	st	Z, r24
    return 1U;
    183e:	81 e0       	ldi	r24, 0x01	; 1
    1840:	8d 83       	std	Y+5, r24	; 0x05
    1842:	8d 81       	ldd	r24, Y+5	; 0x05
}
    1844:	0f 90       	pop	r0
    1846:	0f 90       	pop	r0
    1848:	0f 90       	pop	r0
    184a:	0f 90       	pop	r0
    184c:	0f 90       	pop	r0
    184e:	cf 91       	pop	r28
    1850:	df 91       	pop	r29
    1852:	08 95       	ret

00001854 <Ds3231_clearOscillatorStop>:

uint8 Ds3231_clearOscillatorStop(void)
{
    1854:	df 93       	push	r29
    1856:	cf 93       	push	r28
    1858:	00 d0       	rcall	.+0      	; 0x185a <Ds3231_clearOscillatorStop+0x6>
    185a:	cd b7       	in	r28, 0x3d	; 61
    185c:	de b7       	in	r29, 0x3e	; 62
    uint8 status;

    if (TWI_start(DS3231_ADDRESS_WRITE) == 0U)
    185e:	80 ed       	ldi	r24, 0xD0	; 208
    1860:	0e 94 d6 06 	call	0xdac	; 0xdac <TWI_start>
    1864:	88 23       	and	r24, r24
    1866:	11 f4       	brne	.+4      	; 0x186c <Ds3231_clearOscillatorStop+0x18>
    {
        return 0U;
    1868:	1a 82       	std	Y+2, r1	; 0x02
    186a:	3e c0       	rjmp	.+124    	; 0x18e8 <Ds3231_clearOscillatorStop+0x94>
    }

    if (TWI_write(DS3231_REG_STATUS) == 0U)
    186c:	8f e0       	ldi	r24, 0x0F	; 15
    186e:	0e 94 46 07 	call	0xe8c	; 0xe8c <TWI_write>
    1872:	88 23       	and	r24, r24
    1874:	21 f4       	brne	.+8      	; 0x187e <Ds3231_clearOscillatorStop+0x2a>
    {
        TWI_stop();
    1876:	0e 94 3b 07 	call	0xe76	; 0xe76 <TWI_stop>
        return 0U;
    187a:	1a 82       	std	Y+2, r1	; 0x02
    187c:	35 c0       	rjmp	.+106    	; 0x18e8 <Ds3231_clearOscillatorStop+0x94>
    }

    if (TWI_start(DS3231_ADDRESS_READ) == 0U)
    187e:	81 ed       	ldi	r24, 0xD1	; 209
    1880:	0e 94 d6 06 	call	0xdac	; 0xdac <TWI_start>
    1884:	88 23       	and	r24, r24
    1886:	21 f4       	brne	.+8      	; 0x1890 <Ds3231_clearOscillatorStop+0x3c>
    {
        TWI_stop();
    1888:	0e 94 3b 07 	call	0xe76	; 0xe76 <TWI_stop>
        return 0U;
    188c:	1a 82       	std	Y+2, r1	; 0x02
    188e:	2c c0       	rjmp	.+88     	; 0x18e8 <Ds3231_clearOscillatorStop+0x94>
    }

    if (TWI_readNack(&status) == 0U)
    1890:	ce 01       	movw	r24, r28
    1892:	01 96       	adiw	r24, 0x01	; 1
    1894:	0e 94 a2 07 	call	0xf44	; 0xf44 <TWI_readNack>
    1898:	88 23       	and	r24, r24
    189a:	21 f4       	brne	.+8      	; 0x18a4 <Ds3231_clearOscillatorStop+0x50>
    {
        TWI_stop();
    189c:	0e 94 3b 07 	call	0xe76	; 0xe76 <TWI_stop>
        return 0U;
    18a0:	1a 82       	std	Y+2, r1	; 0x02
    18a2:	22 c0       	rjmp	.+68     	; 0x18e8 <Ds3231_clearOscillatorStop+0x94>
    }

    TWI_stop();
    18a4:	0e 94 3b 07 	call	0xe76	; 0xe76 <TWI_stop>

    status &= (uint8)~0x80U;
    18a8:	89 81       	ldd	r24, Y+1	; 0x01
    18aa:	8f 77       	andi	r24, 0x7F	; 127
    18ac:	89 83       	std	Y+1, r24	; 0x01

    if (TWI_start(DS3231_ADDRESS_WRITE) == 0U)
    18ae:	80 ed       	ldi	r24, 0xD0	; 208
    18b0:	0e 94 d6 06 	call	0xdac	; 0xdac <TWI_start>
    18b4:	88 23       	and	r24, r24
    18b6:	11 f4       	brne	.+4      	; 0x18bc <Ds3231_clearOscillatorStop+0x68>
    {
        return 0U;
    18b8:	1a 82       	std	Y+2, r1	; 0x02
    18ba:	16 c0       	rjmp	.+44     	; 0x18e8 <Ds3231_clearOscillatorStop+0x94>
    }

    if (TWI_write(DS3231_REG_STATUS) == 0U)
    18bc:	8f e0       	ldi	r24, 0x0F	; 15
    18be:	0e 94 46 07 	call	0xe8c	; 0xe8c <TWI_write>
    18c2:	88 23       	and	r24, r24
    18c4:	21 f4       	brne	.+8      	; 0x18ce <Ds3231_clearOscillatorStop+0x7a>
    {
        TWI_stop();
    18c6:	0e 94 3b 07 	call	0xe76	; 0xe76 <TWI_stop>
        return 0U;
    18ca:	1a 82       	std	Y+2, r1	; 0x02
    18cc:	0d c0       	rjmp	.+26     	; 0x18e8 <Ds3231_clearOscillatorStop+0x94>
    }

    if (TWI_write(status) == 0U)
    18ce:	89 81       	ldd	r24, Y+1	; 0x01
    18d0:	0e 94 46 07 	call	0xe8c	; 0xe8c <TWI_write>
    18d4:	88 23       	and	r24, r24
    18d6:	21 f4       	brne	.+8      	; 0x18e0 <Ds3231_clearOscillatorStop+0x8c>
    {
        TWI_stop();
    18d8:	0e 94 3b 07 	call	0xe76	; 0xe76 <TWI_stop>
        return 0U;
    18dc:	1a 82       	std	Y+2, r1	; 0x02
    18de:	04 c0       	rjmp	.+8      	; 0x18e8 <Ds3231_clearOscillatorStop+0x94>
    }

    TWI_stop();
    18e0:	0e 94 3b 07 	call	0xe76	; 0xe76 <TWI_stop>
    return 1U;
    18e4:	81 e0       	ldi	r24, 0x01	; 1
    18e6:	8a 83       	std	Y+2, r24	; 0x02
    18e8:	8a 81       	ldd	r24, Y+2	; 0x02
    18ea:	0f 90       	pop	r0
    18ec:	0f 90       	pop	r0
    18ee:	cf 91       	pop	r28
    18f0:	df 91       	pop	r29
    18f2:	08 95       	ret

000018f4 <LCD_disableJtag>:

#include "../../mcal/dio/dio_interface.h"
#include "../../config.h"

static void LCD_disableJtag(void)
{
    18f4:	df 93       	push	r29
    18f6:	cf 93       	push	r28
    18f8:	0f 92       	push	r0
    18fa:	cd b7       	in	r28, 0x3d	; 61
    18fc:	de b7       	in	r29, 0x3e	; 62
    uint8 status = SREG;
    18fe:	ef e5       	ldi	r30, 0x5F	; 95
    1900:	f0 e0       	ldi	r31, 0x00	; 0
    1902:	80 81       	ld	r24, Z
    1904:	89 83       	std	Y+1, r24	; 0x01

    cli();
    1906:	f8 94       	cli
    MCUCSR |= (1U << JTD);
    1908:	a4 e5       	ldi	r26, 0x54	; 84
    190a:	b0 e0       	ldi	r27, 0x00	; 0
    190c:	e4 e5       	ldi	r30, 0x54	; 84
    190e:	f0 e0       	ldi	r31, 0x00	; 0
    1910:	80 81       	ld	r24, Z
    1912:	80 68       	ori	r24, 0x80	; 128
    1914:	8c 93       	st	X, r24
    MCUCSR |= (1U << JTD);
    1916:	a4 e5       	ldi	r26, 0x54	; 84
    1918:	b0 e0       	ldi	r27, 0x00	; 0
    191a:	e4 e5       	ldi	r30, 0x54	; 84
    191c:	f0 e0       	ldi	r31, 0x00	; 0
    191e:	80 81       	ld	r24, Z
    1920:	80 68       	ori	r24, 0x80	; 128
    1922:	8c 93       	st	X, r24
    SREG = status;
    1924:	ef e5       	ldi	r30, 0x5F	; 95
    1926:	f0 e0       	ldi	r31, 0x00	; 0
    1928:	89 81       	ldd	r24, Y+1	; 0x01
    192a:	80 83       	st	Z, r24
}
    192c:	0f 90       	pop	r0
    192e:	cf 91       	pop	r28
    1930:	df 91       	pop	r29
    1932:	08 95       	ret

00001934 <LCD_pulseEnable>:

static void LCD_pulseEnable(void)
{
    1934:	df 93       	push	r29
    1936:	cf 93       	push	r28
    1938:	cd b7       	in	r28, 0x3d	; 61
    193a:	de b7       	in	r29, 0x3e	; 62
    193c:	e0 97       	sbiw	r28, 0x30	; 48
    193e:	0f b6       	in	r0, 0x3f	; 63
    1940:	f8 94       	cli
    1942:	de bf       	out	0x3e, r29	; 62
    1944:	0f be       	out	0x3f, r0	; 63
    1946:	cd bf       	out	0x3d, r28	; 61
    DIO_setPinValue(DIO_PORTA_ID, LCD_E_PIN, 1U);
    1948:	80 e0       	ldi	r24, 0x00	; 0
    194a:	62 e0       	ldi	r22, 0x02	; 2
    194c:	41 e0       	ldi	r20, 0x01	; 1
    194e:	0e 94 6c 09 	call	0x12d8	; 0x12d8 <DIO_setPinValue>
    1952:	80 e0       	ldi	r24, 0x00	; 0
    1954:	90 e0       	ldi	r25, 0x00	; 0
    1956:	a0 e8       	ldi	r26, 0x80	; 128
    1958:	bf e3       	ldi	r27, 0x3F	; 63
    195a:	8d a7       	std	Y+45, r24	; 0x2d
    195c:	9e a7       	std	Y+46, r25	; 0x2e
    195e:	af a7       	std	Y+47, r26	; 0x2f
    1960:	b8 ab       	std	Y+48, r27	; 0x30
 */
void
_delay_us(double __us)
{
	uint8_t __ticks;
	double __tmp = ((F_CPU) / 3e6) * __us;
    1962:	6d a5       	ldd	r22, Y+45	; 0x2d
    1964:	7e a5       	ldd	r23, Y+46	; 0x2e
    1966:	8f a5       	ldd	r24, Y+47	; 0x2f
    1968:	98 a9       	ldd	r25, Y+48	; 0x30
    196a:	2b ea       	ldi	r18, 0xAB	; 171
    196c:	3a ea       	ldi	r19, 0xAA	; 170
    196e:	4a e2       	ldi	r20, 0x2A	; 42
    1970:	50 e4       	ldi	r21, 0x40	; 64
    1972:	0e 94 1f 02 	call	0x43e	; 0x43e <__mulsf3>
    1976:	dc 01       	movw	r26, r24
    1978:	cb 01       	movw	r24, r22
    197a:	89 a7       	std	Y+41, r24	; 0x29
    197c:	9a a7       	std	Y+42, r25	; 0x2a
    197e:	ab a7       	std	Y+43, r26	; 0x2b
    1980:	bc a7       	std	Y+44, r27	; 0x2c
	if (__tmp < 1.0)
    1982:	69 a5       	ldd	r22, Y+41	; 0x29
    1984:	7a a5       	ldd	r23, Y+42	; 0x2a
    1986:	8b a5       	ldd	r24, Y+43	; 0x2b
    1988:	9c a5       	ldd	r25, Y+44	; 0x2c
    198a:	20 e0       	ldi	r18, 0x00	; 0
    198c:	30 e0       	ldi	r19, 0x00	; 0
    198e:	40 e8       	ldi	r20, 0x80	; 128
    1990:	5f e3       	ldi	r21, 0x3F	; 63
    1992:	0e 94 25 04 	call	0x84a	; 0x84a <__ltsf2>
    1996:	88 23       	and	r24, r24
    1998:	1c f4       	brge	.+6      	; 0x19a0 <LCD_pulseEnable+0x6c>
		__ticks = 1;
    199a:	81 e0       	ldi	r24, 0x01	; 1
    199c:	88 a7       	std	Y+40, r24	; 0x28
    199e:	91 c0       	rjmp	.+290    	; 0x1ac2 <LCD_pulseEnable+0x18e>
	else if (__tmp > 255)
    19a0:	69 a5       	ldd	r22, Y+41	; 0x29
    19a2:	7a a5       	ldd	r23, Y+42	; 0x2a
    19a4:	8b a5       	ldd	r24, Y+43	; 0x2b
    19a6:	9c a5       	ldd	r25, Y+44	; 0x2c
    19a8:	20 e0       	ldi	r18, 0x00	; 0
    19aa:	30 e0       	ldi	r19, 0x00	; 0
    19ac:	4f e7       	ldi	r20, 0x7F	; 127
    19ae:	53 e4       	ldi	r21, 0x43	; 67
    19b0:	0e 94 c5 03 	call	0x78a	; 0x78a <__gtsf2>
    19b4:	18 16       	cp	r1, r24
    19b6:	0c f0       	brlt	.+2      	; 0x19ba <LCD_pulseEnable+0x86>
    19b8:	7b c0       	rjmp	.+246    	; 0x1ab0 <LCD_pulseEnable+0x17c>
	{
		_delay_ms(__us / 1000.0);
    19ba:	6d a5       	ldd	r22, Y+45	; 0x2d
    19bc:	7e a5       	ldd	r23, Y+46	; 0x2e
    19be:	8f a5       	ldd	r24, Y+47	; 0x2f
    19c0:	98 a9       	ldd	r25, Y+48	; 0x30
    19c2:	20 e0       	ldi	r18, 0x00	; 0
    19c4:	30 e0       	ldi	r19, 0x00	; 0
    19c6:	4a e7       	ldi	r20, 0x7A	; 122
    19c8:	54 e4       	ldi	r21, 0x44	; 68
    19ca:	0e 94 19 03 	call	0x632	; 0x632 <__divsf3>
    19ce:	dc 01       	movw	r26, r24
    19d0:	cb 01       	movw	r24, r22
    19d2:	8c a3       	std	Y+36, r24	; 0x24
    19d4:	9d a3       	std	Y+37, r25	; 0x25
    19d6:	ae a3       	std	Y+38, r26	; 0x26
    19d8:	bf a3       	std	Y+39, r27	; 0x27
 */
void
_delay_ms(double __ms)
{
	uint16_t __ticks;
	double __tmp = ((F_CPU) / 4e3) * __ms;
    19da:	6c a1       	ldd	r22, Y+36	; 0x24
    19dc:	7d a1       	ldd	r23, Y+37	; 0x25
    19de:	8e a1       	ldd	r24, Y+38	; 0x26
    19e0:	9f a1       	ldd	r25, Y+39	; 0x27
    19e2:	20 e0       	ldi	r18, 0x00	; 0
    19e4:	30 e0       	ldi	r19, 0x00	; 0
    19e6:	4a ef       	ldi	r20, 0xFA	; 250
    19e8:	54 e4       	ldi	r21, 0x44	; 68
    19ea:	0e 94 1f 02 	call	0x43e	; 0x43e <__mulsf3>
    19ee:	dc 01       	movw	r26, r24
    19f0:	cb 01       	movw	r24, r22
    19f2:	88 a3       	std	Y+32, r24	; 0x20
    19f4:	99 a3       	std	Y+33, r25	; 0x21
    19f6:	aa a3       	std	Y+34, r26	; 0x22
    19f8:	bb a3       	std	Y+35, r27	; 0x23
	if (__tmp < 1.0)
    19fa:	68 a1       	ldd	r22, Y+32	; 0x20
    19fc:	79 a1       	ldd	r23, Y+33	; 0x21
    19fe:	8a a1       	ldd	r24, Y+34	; 0x22
    1a00:	9b a1       	ldd	r25, Y+35	; 0x23
    1a02:	20 e0       	ldi	r18, 0x00	; 0
    1a04:	30 e0       	ldi	r19, 0x00	; 0
    1a06:	40 e8       	ldi	r20, 0x80	; 128
    1a08:	5f e3       	ldi	r21, 0x3F	; 63
    1a0a:	0e 94 25 04 	call	0x84a	; 0x84a <__ltsf2>
    1a0e:	88 23       	and	r24, r24
    1a10:	2c f4       	brge	.+10     	; 0x1a1c <LCD_pulseEnable+0xe8>
		__ticks = 1;
    1a12:	81 e0       	ldi	r24, 0x01	; 1
    1a14:	90 e0       	ldi	r25, 0x00	; 0
    1a16:	9f 8f       	std	Y+31, r25	; 0x1f
    1a18:	8e 8f       	std	Y+30, r24	; 0x1e
    1a1a:	3f c0       	rjmp	.+126    	; 0x1a9a <LCD_pulseEnable+0x166>
	else if (__tmp > 65535)
    1a1c:	68 a1       	ldd	r22, Y+32	; 0x20
    1a1e:	79 a1       	ldd	r23, Y+33	; 0x21
    1a20:	8a a1       	ldd	r24, Y+34	; 0x22
    1a22:	9b a1       	ldd	r25, Y+35	; 0x23
    1a24:	20 e0       	ldi	r18, 0x00	; 0
    1a26:	3f ef       	ldi	r19, 0xFF	; 255
    1a28:	4f e7       	ldi	r20, 0x7F	; 127
    1a2a:	57 e4       	ldi	r21, 0x47	; 71
    1a2c:	0e 94 c5 03 	call	0x78a	; 0x78a <__gtsf2>
    1a30:	18 16       	cp	r1, r24
    1a32:	4c f5       	brge	.+82     	; 0x1a86 <LCD_pulseEnable+0x152>
	{
		//	__ticks = requested delay in 1/10 ms
		__ticks = (uint16_t) (__ms * 10.0);
    1a34:	6c a1       	ldd	r22, Y+36	; 0x24
    1a36:	7d a1       	ldd	r23, Y+37	; 0x25
    1a38:	8e a1       	ldd	r24, Y+38	; 0x26
    1a3a:	9f a1       	ldd	r25, Y+39	; 0x27
    1a3c:	20 e0       	ldi	r18, 0x00	; 0
    1a3e:	30 e0       	ldi	r19, 0x00	; 0
    1a40:	40 e2       	ldi	r20, 0x20	; 32
    1a42:	51 e4       	ldi	r21, 0x41	; 65
    1a44:	0e 94 1f 02 	call	0x43e	; 0x43e <__mulsf3>
    1a48:	dc 01       	movw	r26, r24
    1a4a:	cb 01       	movw	r24, r22
    1a4c:	bc 01       	movw	r22, r24
    1a4e:	cd 01       	movw	r24, r26
    1a50:	0e 94 49 00 	call	0x92	; 0x92 <__fixunssfsi>
    1a54:	dc 01       	movw	r26, r24
    1a56:	cb 01       	movw	r24, r22
    1a58:	9f 8f       	std	Y+31, r25	; 0x1f
    1a5a:	8e 8f       	std	Y+30, r24	; 0x1e
    1a5c:	0f c0       	rjmp	.+30     	; 0x1a7c <LCD_pulseEnable+0x148>
    1a5e:	88 ec       	ldi	r24, 0xC8	; 200
    1a60:	90 e0       	ldi	r25, 0x00	; 0
    1a62:	9d 8f       	std	Y+29, r25	; 0x1d
    1a64:	8c 8f       	std	Y+28, r24	; 0x1c
    milliseconds can be achieved.
 */
void
_delay_loop_2(uint16_t __count)
{
	__asm__ volatile (
    1a66:	8c 8d       	ldd	r24, Y+28	; 0x1c
    1a68:	9d 8d       	ldd	r25, Y+29	; 0x1d
    1a6a:	01 97       	sbiw	r24, 0x01	; 1
    1a6c:	f1 f7       	brne	.-4      	; 0x1a6a <LCD_pulseEnable+0x136>
    1a6e:	9d 8f       	std	Y+29, r25	; 0x1d
    1a70:	8c 8f       	std	Y+28, r24	; 0x1c
		while(__ticks)
		{
			// wait 1/10 ms
			_delay_loop_2(((F_CPU) / 4e3) / 10);
			__ticks --;
    1a72:	8e 8d       	ldd	r24, Y+30	; 0x1e
    1a74:	9f 8d       	ldd	r25, Y+31	; 0x1f
    1a76:	01 97       	sbiw	r24, 0x01	; 1
    1a78:	9f 8f       	std	Y+31, r25	; 0x1f
    1a7a:	8e 8f       	std	Y+30, r24	; 0x1e
		__ticks = 1;
	else if (__tmp > 65535)
	{
		//	__ticks = requested delay in 1/10 ms
		__ticks = (uint16_t) (__ms * 10.0);
		while(__ticks)
    1a7c:	8e 8d       	ldd	r24, Y+30	; 0x1e
    1a7e:	9f 8d       	ldd	r25, Y+31	; 0x1f
    1a80:	00 97       	sbiw	r24, 0x00	; 0
    1a82:	69 f7       	brne	.-38     	; 0x1a5e <LCD_pulseEnable+0x12a>
    1a84:	24 c0       	rjmp	.+72     	; 0x1ace <LCD_pulseEnable+0x19a>
			__ticks --;
		}
		return;
	}
	else
		__ticks = (uint16_t)__tmp;
    1a86:	68 a1       	ldd	r22, Y+32	; 0x20
    1a88:	79 a1       	ldd	r23, Y+33	; 0x21
    1a8a:	8a a1       	ldd	r24, Y+34	; 0x22
    1a8c:	9b a1       	ldd	r25, Y+35	; 0x23
    1a8e:	0e 94 49 00 	call	0x92	; 0x92 <__fixunssfsi>
    1a92:	dc 01       	movw	r26, r24
    1a94:	cb 01       	movw	r24, r22
    1a96:	9f 8f       	std	Y+31, r25	; 0x1f
    1a98:	8e 8f       	std	Y+30, r24	; 0x1e
    1a9a:	8e 8d       	ldd	r24, Y+30	; 0x1e
    1a9c:	9f 8d       	ldd	r25, Y+31	; 0x1f
    1a9e:	9b 8f       	std	Y+27, r25	; 0x1b
    1aa0:	8a 8f       	std	Y+26, r24	; 0x1a
    1aa2:	8a 8d       	ldd	r24, Y+26	; 0x1a
    1aa4:	9b 8d       	ldd	r25, Y+27	; 0x1b
    1aa6:	01 97       	sbiw	r24, 0x01	; 1
    1aa8:	f1 f7       	brne	.-4      	; 0x1aa6 <LCD_pulseEnable+0x172>
    1aaa:	9b 8f       	std	Y+27, r25	; 0x1b
    1aac:	8a 8f       	std	Y+26, r24	; 0x1a
    1aae:	0f c0       	rjmp	.+30     	; 0x1ace <LCD_pulseEnable+0x19a>
	{
		_delay_ms(__us / 1000.0);
		return;
	}
	else
		__ticks = (uint8_t)__tmp;
    1ab0:	69 a5       	ldd	r22, Y+41	; 0x29
    1ab2:	7a a5       	ldd	r23, Y+42	; 0x2a
    1ab4:	8b a5       	ldd	r24, Y+43	; 0x2b
    1ab6:	9c a5       	ldd	r25, Y+44	; 0x2c
    1ab8:	0e 94 49 00 	call	0x92	; 0x92 <__fixunssfsi>
    1abc:	dc 01       	movw	r26, r24
    1abe:	cb 01       	movw	r24, r22
    1ac0:	88 a7       	std	Y+40, r24	; 0x28
    1ac2:	88 a5       	ldd	r24, Y+40	; 0x28
    1ac4:	89 8f       	std	Y+25, r24	; 0x19
    can be achieved.
*/
void
_delay_loop_1(uint8_t __count)
{
	__asm__ volatile (
    1ac6:	89 8d       	ldd	r24, Y+25	; 0x19
    1ac8:	8a 95       	dec	r24
    1aca:	f1 f7       	brne	.-4      	; 0x1ac8 <LCD_pulseEnable+0x194>
    1acc:	89 8f       	std	Y+25, r24	; 0x19
    _delay_us(1);
    DIO_setPinValue(DIO_PORTA_ID, LCD_E_PIN, 0U);
    1ace:	80 e0       	ldi	r24, 0x00	; 0
    1ad0:	62 e0       	ldi	r22, 0x02	; 2
    1ad2:	40 e0       	ldi	r20, 0x00	; 0
    1ad4:	0e 94 6c 09 	call	0x12d8	; 0x12d8 <DIO_setPinValue>
    1ad8:	80 e0       	ldi	r24, 0x00	; 0
    1ada:	90 e0       	ldi	r25, 0x00	; 0
    1adc:	a8 ec       	ldi	r26, 0xC8	; 200
    1ade:	b2 e4       	ldi	r27, 0x42	; 66
    1ae0:	8d 8b       	std	Y+21, r24	; 0x15
    1ae2:	9e 8b       	std	Y+22, r25	; 0x16
    1ae4:	af 8b       	std	Y+23, r26	; 0x17
    1ae6:	b8 8f       	std	Y+24, r27	; 0x18
 */
void
_delay_us(double __us)
{
	uint8_t __ticks;
	double __tmp = ((F_CPU) / 3e6) * __us;
    1ae8:	6d 89       	ldd	r22, Y+21	; 0x15
    1aea:	7e 89       	ldd	r23, Y+22	; 0x16
    1aec:	8f 89       	ldd	r24, Y+23	; 0x17
    1aee:	98 8d       	ldd	r25, Y+24	; 0x18
    1af0:	2b ea       	ldi	r18, 0xAB	; 171
    1af2:	3a ea       	ldi	r19, 0xAA	; 170
    1af4:	4a e2       	ldi	r20, 0x2A	; 42
    1af6:	50 e4       	ldi	r21, 0x40	; 64
    1af8:	0e 94 1f 02 	call	0x43e	; 0x43e <__mulsf3>
    1afc:	dc 01       	movw	r26, r24
    1afe:	cb 01       	movw	r24, r22
    1b00:	89 8b       	std	Y+17, r24	; 0x11
    1b02:	9a 8b       	std	Y+18, r25	; 0x12
    1b04:	ab 8b       	std	Y+19, r26	; 0x13
    1b06:	bc 8b       	std	Y+20, r27	; 0x14
	if (__tmp < 1.0)
    1b08:	69 89       	ldd	r22, Y+17	; 0x11
    1b0a:	7a 89       	ldd	r23, Y+18	; 0x12
    1b0c:	8b 89       	ldd	r24, Y+19	; 0x13
    1b0e:	9c 89       	ldd	r25, Y+20	; 0x14
    1b10:	20 e0       	ldi	r18, 0x00	; 0
    1b12:	30 e0       	ldi	r19, 0x00	; 0
    1b14:	40 e8       	ldi	r20, 0x80	; 128
    1b16:	5f e3       	ldi	r21, 0x3F	; 63
    1b18:	0e 94 25 04 	call	0x84a	; 0x84a <__ltsf2>
    1b1c:	88 23       	and	r24, r24
    1b1e:	1c f4       	brge	.+6      	; 0x1b26 <LCD_pulseEnable+0x1f2>
		__ticks = 1;
    1b20:	81 e0       	ldi	r24, 0x01	; 1
    1b22:	88 8b       	std	Y+16, r24	; 0x10
    1b24:	91 c0       	rjmp	.+290    	; 0x1c48 <LCD_pulseEnable+0x314>
	else if (__tmp > 255)
    1b26:	69 89       	ldd	r22, Y+17	; 0x11
    1b28:	7a 89       	ldd	r23, Y+18	; 0x12
    1b2a:	8b 89       	ldd	r24, Y+19	; 0x13
    1b2c:	9c 89       	ldd	r25, Y+20	; 0x14
    1b2e:	20 e0       	ldi	r18, 0x00	; 0
    1b30:	30 e0       	ldi	r19, 0x00	; 0
    1b32:	4f e7       	ldi	r20, 0x7F	; 127
    1b34:	53 e4       	ldi	r21, 0x43	; 67
    1b36:	0e 94 c5 03 	call	0x78a	; 0x78a <__gtsf2>
    1b3a:	18 16       	cp	r1, r24
    1b3c:	0c f0       	brlt	.+2      	; 0x1b40 <LCD_pulseEnable+0x20c>
    1b3e:	7b c0       	rjmp	.+246    	; 0x1c36 <LCD_pulseEnable+0x302>
	{
		_delay_ms(__us / 1000.0);
    1b40:	6d 89       	ldd	r22, Y+21	; 0x15
    1b42:	7e 89       	ldd	r23, Y+22	; 0x16
    1b44:	8f 89       	ldd	r24, Y+23	; 0x17
    1b46:	98 8d       	ldd	r25, Y+24	; 0x18
    1b48:	20 e0       	ldi	r18, 0x00	; 0
    1b4a:	30 e0       	ldi	r19, 0x00	; 0
    1b4c:	4a e7       	ldi	r20, 0x7A	; 122
    1b4e:	54 e4       	ldi	r21, 0x44	; 68
    1b50:	0e 94 19 03 	call	0x632	; 0x632 <__divsf3>
    1b54:	dc 01       	movw	r26, r24
    1b56:	cb 01       	movw	r24, r22
    1b58:	8c 87       	std	Y+12, r24	; 0x0c
    1b5a:	9d 87       	std	Y+13, r25	; 0x0d
    1b5c:	ae 87       	std	Y+14, r26	; 0x0e
    1b5e:	bf 87       	std	Y+15, r27	; 0x0f
 */
void
_delay_ms(double __ms)
{
	uint16_t __ticks;
	double __tmp = ((F_CPU) / 4e3) * __ms;
    1b60:	6c 85       	ldd	r22, Y+12	; 0x0c
    1b62:	7d 85       	ldd	r23, Y+13	; 0x0d
    1b64:	8e 85       	ldd	r24, Y+14	; 0x0e
    1b66:	9f 85       	ldd	r25, Y+15	; 0x0f
    1b68:	20 e0       	ldi	r18, 0x00	; 0
    1b6a:	30 e0       	ldi	r19, 0x00	; 0
    1b6c:	4a ef       	ldi	r20, 0xFA	; 250
    1b6e:	54 e4       	ldi	r21, 0x44	; 68
    1b70:	0e 94 1f 02 	call	0x43e	; 0x43e <__mulsf3>
    1b74:	dc 01       	movw	r26, r24
    1b76:	cb 01       	movw	r24, r22
    1b78:	88 87       	std	Y+8, r24	; 0x08
    1b7a:	99 87       	std	Y+9, r25	; 0x09
    1b7c:	aa 87       	std	Y+10, r26	; 0x0a
    1b7e:	bb 87       	std	Y+11, r27	; 0x0b
	if (__tmp < 1.0)
    1b80:	68 85       	ldd	r22, Y+8	; 0x08
    1b82:	79 85       	ldd	r23, Y+9	; 0x09
    1b84:	8a 85       	ldd	r24, Y+10	; 0x0a
    1b86:	9b 85       	ldd	r25, Y+11	; 0x0b
    1b88:	20 e0       	ldi	r18, 0x00	; 0
    1b8a:	30 e0       	ldi	r19, 0x00	; 0
    1b8c:	40 e8       	ldi	r20, 0x80	; 128
    1b8e:	5f e3       	ldi	r21, 0x3F	; 63
    1b90:	0e 94 25 04 	call	0x84a	; 0x84a <__ltsf2>
    1b94:	88 23       	and	r24, r24
    1b96:	2c f4       	brge	.+10     	; 0x1ba2 <LCD_pulseEnable+0x26e>
		__ticks = 1;
    1b98:	81 e0       	ldi	r24, 0x01	; 1
    1b9a:	90 e0       	ldi	r25, 0x00	; 0
    1b9c:	9f 83       	std	Y+7, r25	; 0x07
    1b9e:	8e 83       	std	Y+6, r24	; 0x06
    1ba0:	3f c0       	rjmp	.+126    	; 0x1c20 <LCD_pulseEnable+0x2ec>
	else if (__tmp > 65535)
    1ba2:	68 85       	ldd	r22, Y+8	; 0x08
    1ba4:	79 85       	ldd	r23, Y+9	; 0x09
    1ba6:	8a 85       	ldd	r24, Y+10	; 0x0a
    1ba8:	9b 85       	ldd	r25, Y+11	; 0x0b
    1baa:	20 e0       	ldi	r18, 0x00	; 0
    1bac:	3f ef       	ldi	r19, 0xFF	; 255
    1bae:	4f e7       	ldi	r20, 0x7F	; 127
    1bb0:	57 e4       	ldi	r21, 0x47	; 71
    1bb2:	0e 94 c5 03 	call	0x78a	; 0x78a <__gtsf2>
    1bb6:	18 16       	cp	r1, r24
    1bb8:	4c f5       	brge	.+82     	; 0x1c0c <LCD_pulseEnable+0x2d8>
	{
		//	__ticks = requested delay in 1/10 ms
		__ticks = (uint16_t) (__ms * 10.0);
    1bba:	6c 85       	ldd	r22, Y+12	; 0x0c
    1bbc:	7d 85       	ldd	r23, Y+13	; 0x0d
    1bbe:	8e 85       	ldd	r24, Y+14	; 0x0e
    1bc0:	9f 85       	ldd	r25, Y+15	; 0x0f
    1bc2:	20 e0       	ldi	r18, 0x00	; 0
    1bc4:	30 e0       	ldi	r19, 0x00	; 0
    1bc6:	40 e2       	ldi	r20, 0x20	; 32
    1bc8:	51 e4       	ldi	r21, 0x41	; 65
    1bca:	0e 94 1f 02 	call	0x43e	; 0x43e <__mulsf3>
    1bce:	dc 01       	movw	r26, r24
    1bd0:	cb 01       	movw	r24, r22
    1bd2:	bc 01       	movw	r22, r24
    1bd4:	cd 01       	movw	r24, r26
    1bd6:	0e 94 49 00 	call	0x92	; 0x92 <__fixunssfsi>
    1bda:	dc 01       	movw	r26, r24
    1bdc:	cb 01       	movw	r24, r22
    1bde:	9f 83       	std	Y+7, r25	; 0x07
    1be0:	8e 83       	std	Y+6, r24	; 0x06
    1be2:	0f c0       	rjmp	.+30     	; 0x1c02 <LCD_pulseEnable+0x2ce>
    1be4:	88 ec       	ldi	r24, 0xC8	; 200
    1be6:	90 e0       	ldi	r25, 0x00	; 0
    1be8:	9d 83       	std	Y+5, r25	; 0x05
    1bea:	8c 83       	std	Y+4, r24	; 0x04
    milliseconds can be achieved.
 */
void
_delay_loop_2(uint16_t __count)
{
	__asm__ volatile (
    1bec:	8c 81       	ldd	r24, Y+4	; 0x04
    1bee:	9d 81       	ldd	r25, Y+5	; 0x05
    1bf0:	01 97       	sbiw	r24, 0x01	; 1
    1bf2:	f1 f7       	brne	.-4      	; 0x1bf0 <LCD_pulseEnable+0x2bc>
    1bf4:	9d 83       	std	Y+5, r25	; 0x05
    1bf6:	8c 83       	std	Y+4, r24	; 0x04
		while(__ticks)
		{
			// wait 1/10 ms
			_delay_loop_2(((F_CPU) / 4e3) / 10);
			__ticks --;
    1bf8:	8e 81       	ldd	r24, Y+6	; 0x06
    1bfa:	9f 81       	ldd	r25, Y+7	; 0x07
    1bfc:	01 97       	sbiw	r24, 0x01	; 1
    1bfe:	9f 83       	std	Y+7, r25	; 0x07
    1c00:	8e 83       	std	Y+6, r24	; 0x06
		__ticks = 1;
	else if (__tmp > 65535)
	{
		//	__ticks = requested delay in 1/10 ms
		__ticks = (uint16_t) (__ms * 10.0);
		while(__ticks)
    1c02:	8e 81       	ldd	r24, Y+6	; 0x06
    1c04:	9f 81       	ldd	r25, Y+7	; 0x07
    1c06:	00 97       	sbiw	r24, 0x00	; 0
    1c08:	69 f7       	brne	.-38     	; 0x1be4 <LCD_pulseEnable+0x2b0>
    1c0a:	24 c0       	rjmp	.+72     	; 0x1c54 <LCD_pulseEnable+0x320>
			__ticks --;
		}
		return;
	}
	else
		__ticks = (uint16_t)__tmp;
    1c0c:	68 85       	ldd	r22, Y+8	; 0x08
    1c0e:	79 85       	ldd	r23, Y+9	; 0x09
    1c10:	8a 85       	ldd	r24, Y+10	; 0x0a
    1c12:	9b 85       	ldd	r25, Y+11	; 0x0b
    1c14:	0e 94 49 00 	call	0x92	; 0x92 <__fixunssfsi>
    1c18:	dc 01       	movw	r26, r24
    1c1a:	cb 01       	movw	r24, r22
    1c1c:	9f 83       	std	Y+7, r25	; 0x07
    1c1e:	8e 83       	std	Y+6, r24	; 0x06
    1c20:	8e 81       	ldd	r24, Y+6	; 0x06
    1c22:	9f 81       	ldd	r25, Y+7	; 0x07
    1c24:	9b 83       	std	Y+3, r25	; 0x03
    1c26:	8a 83       	std	Y+2, r24	; 0x02
    1c28:	8a 81       	ldd	r24, Y+2	; 0x02
    1c2a:	9b 81       	ldd	r25, Y+3	; 0x03
    1c2c:	01 97       	sbiw	r24, 0x01	; 1
    1c2e:	f1 f7       	brne	.-4      	; 0x1c2c <LCD_pulseEnable+0x2f8>
    1c30:	9b 83       	std	Y+3, r25	; 0x03
    1c32:	8a 83       	std	Y+2, r24	; 0x02
    1c34:	0f c0       	rjmp	.+30     	; 0x1c54 <LCD_pulseEnable+0x320>
	{
		_delay_ms(__us / 1000.0);
		return;
	}
	else
		__ticks = (uint8_t)__tmp;
    1c36:	69 89       	ldd	r22, Y+17	; 0x11
    1c38:	7a 89       	ldd	r23, Y+18	; 0x12
    1c3a:	8b 89       	ldd	r24, Y+19	; 0x13
    1c3c:	9c 89       	ldd	r25, Y+20	; 0x14
    1c3e:	0e 94 49 00 	call	0x92	; 0x92 <__fixunssfsi>
    1c42:	dc 01       	movw	r26, r24
    1c44:	cb 01       	movw	r24, r22
    1c46:	88 8b       	std	Y+16, r24	; 0x10
    1c48:	88 89       	ldd	r24, Y+16	; 0x10
    1c4a:	89 83       	std	Y+1, r24	; 0x01
    can be achieved.
*/
void
_delay_loop_1(uint8_t __count)
{
	__asm__ volatile (
    1c4c:	89 81       	ldd	r24, Y+1	; 0x01
    1c4e:	8a 95       	dec	r24
    1c50:	f1 f7       	brne	.-4      	; 0x1c4e <LCD_pulseEnable+0x31a>
    1c52:	89 83       	std	Y+1, r24	; 0x01
    _delay_us(100);
}
    1c54:	e0 96       	adiw	r28, 0x30	; 48
    1c56:	0f b6       	in	r0, 0x3f	; 63
    1c58:	f8 94       	cli
    1c5a:	de bf       	out	0x3e, r29	; 62
    1c5c:	0f be       	out	0x3f, r0	; 63
    1c5e:	cd bf       	out	0x3d, r28	; 61
    1c60:	cf 91       	pop	r28
    1c62:	df 91       	pop	r29
    1c64:	08 95       	ret

00001c66 <LCD_sendNibble>:

static void LCD_sendNibble(uint8 nibble)
{
    1c66:	df 93       	push	r29
    1c68:	cf 93       	push	r28
    1c6a:	0f 92       	push	r0
    1c6c:	cd b7       	in	r28, 0x3d	; 61
    1c6e:	de b7       	in	r29, 0x3e	; 62
    1c70:	89 83       	std	Y+1, r24	; 0x01
    DIO_setPinValue(DIO_PORTC_ID, LCD_DATA_D4_PIN, (uint8)((nibble >> 0U) & 1U));
    1c72:	89 81       	ldd	r24, Y+1	; 0x01
    1c74:	98 2f       	mov	r25, r24
    1c76:	91 70       	andi	r25, 0x01	; 1
    1c78:	82 e0       	ldi	r24, 0x02	; 2
    1c7a:	67 e0       	ldi	r22, 0x07	; 7
    1c7c:	49 2f       	mov	r20, r25
    1c7e:	0e 94 6c 09 	call	0x12d8	; 0x12d8 <DIO_setPinValue>
    DIO_setPinValue(DIO_PORTC_ID, LCD_DATA_D5_PIN, (uint8)((nibble >> 1U) & 1U));
    1c82:	89 81       	ldd	r24, Y+1	; 0x01
    1c84:	86 95       	lsr	r24
    1c86:	98 2f       	mov	r25, r24
    1c88:	91 70       	andi	r25, 0x01	; 1
    1c8a:	82 e0       	ldi	r24, 0x02	; 2
    1c8c:	66 e0       	ldi	r22, 0x06	; 6
    1c8e:	49 2f       	mov	r20, r25
    1c90:	0e 94 6c 09 	call	0x12d8	; 0x12d8 <DIO_setPinValue>
    DIO_setPinValue(DIO_PORTC_ID, LCD_DATA_D6_PIN, (uint8)((nibble >> 2U) & 1U));
    1c94:	89 81       	ldd	r24, Y+1	; 0x01
    1c96:	86 95       	lsr	r24
    1c98:	86 95       	lsr	r24
    1c9a:	98 2f       	mov	r25, r24
    1c9c:	91 70       	andi	r25, 0x01	; 1
    1c9e:	82 e0       	ldi	r24, 0x02	; 2
    1ca0:	65 e0       	ldi	r22, 0x05	; 5
    1ca2:	49 2f       	mov	r20, r25
    1ca4:	0e 94 6c 09 	call	0x12d8	; 0x12d8 <DIO_setPinValue>
    DIO_setPinValue(DIO_PORTC_ID, LCD_DATA_D7_PIN, (uint8)((nibble >> 3U) & 1U));
    1ca8:	89 81       	ldd	r24, Y+1	; 0x01
    1caa:	86 95       	lsr	r24
    1cac:	86 95       	lsr	r24
    1cae:	86 95       	lsr	r24
    1cb0:	98 2f       	mov	r25, r24
    1cb2:	91 70       	andi	r25, 0x01	; 1
    1cb4:	82 e0       	ldi	r24, 0x02	; 2
    1cb6:	64 e0       	ldi	r22, 0x04	; 4
    1cb8:	49 2f       	mov	r20, r25
    1cba:	0e 94 6c 09 	call	0x12d8	; 0x12d8 <DIO_setPinValue>
    LCD_pulseEnable();
    1cbe:	0e 94 9a 0c 	call	0x1934	; 0x1934 <LCD_pulseEnable>
}
    1cc2:	0f 90       	pop	r0
    1cc4:	cf 91       	pop	r28
    1cc6:	df 91       	pop	r29
    1cc8:	08 95       	ret

00001cca <LCD_sendCommand>:

void LCD_sendCommand(uint8 command)
{
    1cca:	df 93       	push	r29
    1ccc:	cf 93       	push	r28
    1cce:	cd b7       	in	r28, 0x3d	; 61
    1cd0:	de b7       	in	r29, 0x3e	; 62
    1cd2:	2f 97       	sbiw	r28, 0x0f	; 15
    1cd4:	0f b6       	in	r0, 0x3f	; 63
    1cd6:	f8 94       	cli
    1cd8:	de bf       	out	0x3e, r29	; 62
    1cda:	0f be       	out	0x3f, r0	; 63
    1cdc:	cd bf       	out	0x3d, r28	; 61
    1cde:	8f 87       	std	Y+15, r24	; 0x0f
    DIO_setPinValue(DIO_PORTA_ID, LCD_RS_PIN, 0U);
    1ce0:	80 e0       	ldi	r24, 0x00	; 0
    1ce2:	60 e0       	ldi	r22, 0x00	; 0
    1ce4:	40 e0       	ldi	r20, 0x00	; 0
    1ce6:	0e 94 6c 09 	call	0x12d8	; 0x12d8 <DIO_setPinValue>
    DIO_setPinValue(DIO_PORTA_ID, LCD_RW_PIN, 0U);
    1cea:	80 e0       	ldi	r24, 0x00	; 0
    1cec:	61 e0       	ldi	r22, 0x01	; 1
    1cee:	40 e0       	ldi	r20, 0x00	; 0
    1cf0:	0e 94 6c 09 	call	0x12d8	; 0x12d8 <DIO_setPinValue>

    LCD_sendNibble(command >> 4);
    1cf4:	8f 85       	ldd	r24, Y+15	; 0x0f
    1cf6:	82 95       	swap	r24
    1cf8:	8f 70       	andi	r24, 0x0F	; 15
    1cfa:	0e 94 33 0e 	call	0x1c66	; 0x1c66 <LCD_sendNibble>
    LCD_sendNibble(command & 0x0FU);
    1cfe:	8f 85       	ldd	r24, Y+15	; 0x0f
    1d00:	8f 70       	andi	r24, 0x0F	; 15
    1d02:	0e 94 33 0e 	call	0x1c66	; 0x1c66 <LCD_sendNibble>

    if (command == 0x01U || command == 0x02U)
    1d06:	8f 85       	ldd	r24, Y+15	; 0x0f
    1d08:	81 30       	cpi	r24, 0x01	; 1
    1d0a:	21 f0       	breq	.+8      	; 0x1d14 <LCD_sendCommand+0x4a>
    1d0c:	8f 85       	ldd	r24, Y+15	; 0x0f
    1d0e:	82 30       	cpi	r24, 0x02	; 2
    1d10:	09 f0       	breq	.+2      	; 0x1d14 <LCD_sendCommand+0x4a>
    1d12:	72 c0       	rjmp	.+228    	; 0x1df8 <LCD_sendCommand+0x12e>
    1d14:	80 e0       	ldi	r24, 0x00	; 0
    1d16:	90 e0       	ldi	r25, 0x00	; 0
    1d18:	a0 e0       	ldi	r26, 0x00	; 0
    1d1a:	b0 e4       	ldi	r27, 0x40	; 64
    1d1c:	8b 87       	std	Y+11, r24	; 0x0b
    1d1e:	9c 87       	std	Y+12, r25	; 0x0c
    1d20:	ad 87       	std	Y+13, r26	; 0x0d
    1d22:	be 87       	std	Y+14, r27	; 0x0e
 */
void
_delay_ms(double __ms)
{
	uint16_t __ticks;
	double __tmp = ((F_CPU) / 4e3) * __ms;
    1d24:	6b 85       	ldd	r22, Y+11	; 0x0b
    1d26:	7c 85       	ldd	r23, Y+12	; 0x0c
    1d28:	8d 85       	ldd	r24, Y+13	; 0x0d
    1d2a:	9e 85       	ldd	r25, Y+14	; 0x0e
    1d2c:	20 e0       	ldi	r18, 0x00	; 0
    1d2e:	30 e0       	ldi	r19, 0x00	; 0
    1d30:	4a ef       	ldi	r20, 0xFA	; 250
    1d32:	54 e4       	ldi	r21, 0x44	; 68
    1d34:	0e 94 1f 02 	call	0x43e	; 0x43e <__mulsf3>
    1d38:	dc 01       	movw	r26, r24
    1d3a:	cb 01       	movw	r24, r22
    1d3c:	8f 83       	std	Y+7, r24	; 0x07
    1d3e:	98 87       	std	Y+8, r25	; 0x08
    1d40:	a9 87       	std	Y+9, r26	; 0x09
    1d42:	ba 87       	std	Y+10, r27	; 0x0a
	if (__tmp < 1.0)
    1d44:	6f 81       	ldd	r22, Y+7	; 0x07
    1d46:	78 85       	ldd	r23, Y+8	; 0x08
    1d48:	89 85       	ldd	r24, Y+9	; 0x09
    1d4a:	9a 85       	ldd	r25, Y+10	; 0x0a
    1d4c:	20 e0       	ldi	r18, 0x00	; 0
    1d4e:	30 e0       	ldi	r19, 0x00	; 0
    1d50:	40 e8       	ldi	r20, 0x80	; 128
    1d52:	5f e3       	ldi	r21, 0x3F	; 63
    1d54:	0e 94 25 04 	call	0x84a	; 0x84a <__ltsf2>
    1d58:	88 23       	and	r24, r24
    1d5a:	2c f4       	brge	.+10     	; 0x1d66 <LCD_sendCommand+0x9c>
		__ticks = 1;
    1d5c:	81 e0       	ldi	r24, 0x01	; 1
    1d5e:	90 e0       	ldi	r25, 0x00	; 0
    1d60:	9e 83       	std	Y+6, r25	; 0x06
    1d62:	8d 83       	std	Y+5, r24	; 0x05
    1d64:	3f c0       	rjmp	.+126    	; 0x1de4 <LCD_sendCommand+0x11a>
	else if (__tmp > 65535)
    1d66:	6f 81       	ldd	r22, Y+7	; 0x07
    1d68:	78 85       	ldd	r23, Y+8	; 0x08
    1d6a:	89 85       	ldd	r24, Y+9	; 0x09
    1d6c:	9a 85       	ldd	r25, Y+10	; 0x0a
    1d6e:	20 e0       	ldi	r18, 0x00	; 0
    1d70:	3f ef       	ldi	r19, 0xFF	; 255
    1d72:	4f e7       	ldi	r20, 0x7F	; 127
    1d74:	57 e4       	ldi	r21, 0x47	; 71
    1d76:	0e 94 c5 03 	call	0x78a	; 0x78a <__gtsf2>
    1d7a:	18 16       	cp	r1, r24
    1d7c:	4c f5       	brge	.+82     	; 0x1dd0 <LCD_sendCommand+0x106>
	{
		//	__ticks = requested delay in 1/10 ms
		__ticks = (uint16_t) (__ms * 10.0);
    1d7e:	6b 85       	ldd	r22, Y+11	; 0x0b
    1d80:	7c 85       	ldd	r23, Y+12	; 0x0c
    1d82:	8d 85       	ldd	r24, Y+13	; 0x0d
    1d84:	9e 85       	ldd	r25, Y+14	; 0x0e
    1d86:	20 e0       	ldi	r18, 0x00	; 0
    1d88:	30 e0       	ldi	r19, 0x00	; 0
    1d8a:	40 e2       	ldi	r20, 0x20	; 32
    1d8c:	51 e4       	ldi	r21, 0x41	; 65
    1d8e:	0e 94 1f 02 	call	0x43e	; 0x43e <__mulsf3>
    1d92:	dc 01       	movw	r26, r24
    1d94:	cb 01       	movw	r24, r22
    1d96:	bc 01       	movw	r22, r24
    1d98:	cd 01       	movw	r24, r26
    1d9a:	0e 94 49 00 	call	0x92	; 0x92 <__fixunssfsi>
    1d9e:	dc 01       	movw	r26, r24
    1da0:	cb 01       	movw	r24, r22
    1da2:	9e 83       	std	Y+6, r25	; 0x06
    1da4:	8d 83       	std	Y+5, r24	; 0x05
    1da6:	0f c0       	rjmp	.+30     	; 0x1dc6 <LCD_sendCommand+0xfc>
    1da8:	88 ec       	ldi	r24, 0xC8	; 200
    1daa:	90 e0       	ldi	r25, 0x00	; 0
    1dac:	9c 83       	std	Y+4, r25	; 0x04
    1dae:	8b 83       	std	Y+3, r24	; 0x03
    milliseconds can be achieved.
 */
void
_delay_loop_2(uint16_t __count)
{
	__asm__ volatile (
    1db0:	8b 81       	ldd	r24, Y+3	; 0x03
    1db2:	9c 81       	ldd	r25, Y+4	; 0x04
    1db4:	01 97       	sbiw	r24, 0x01	; 1
    1db6:	f1 f7       	brne	.-4      	; 0x1db4 <LCD_sendCommand+0xea>
    1db8:	9c 83       	std	Y+4, r25	; 0x04
    1dba:	8b 83       	std	Y+3, r24	; 0x03
		while(__ticks)
		{
			// wait 1/10 ms
			_delay_loop_2(((F_CPU) / 4e3) / 10);
			__ticks --;
    1dbc:	8d 81       	ldd	r24, Y+5	; 0x05
    1dbe:	9e 81       	ldd	r25, Y+6	; 0x06
    1dc0:	01 97       	sbiw	r24, 0x01	; 1
    1dc2:	9e 83       	std	Y+6, r25	; 0x06
    1dc4:	8d 83       	std	Y+5, r24	; 0x05
		__ticks = 1;
	else if (__tmp > 65535)
	{
		//	__ticks = requested delay in 1/10 ms
		__ticks = (uint16_t) (__ms * 10.0);
		while(__ticks)
    1dc6:	8d 81       	ldd	r24, Y+5	; 0x05
    1dc8:	9e 81       	ldd	r25, Y+6	; 0x06
    1dca:	00 97       	sbiw	r24, 0x00	; 0
    1dcc:	69 f7       	brne	.-38     	; 0x1da8 <LCD_sendCommand+0xde>
    1dce:	14 c0       	rjmp	.+40     	; 0x1df8 <LCD_sendCommand+0x12e>
			__ticks --;
		}
		return;
	}
	else
		__ticks = (uint16_t)__tmp;
    1dd0:	6f 81       	ldd	r22, Y+7	; 0x07
    1dd2:	78 85       	ldd	r23, Y+8	; 0x08
    1dd4:	89 85       	ldd	r24, Y+9	; 0x09
    1dd6:	9a 85       	ldd	r25, Y+10	; 0x0a
    1dd8:	0e 94 49 00 	call	0x92	; 0x92 <__fixunssfsi>
    1ddc:	dc 01       	movw	r26, r24
    1dde:	cb 01       	movw	r24, r22
    1de0:	9e 83       	std	Y+6, r25	; 0x06
    1de2:	8d 83       	std	Y+5, r24	; 0x05
    1de4:	8d 81       	ldd	r24, Y+5	; 0x05
    1de6:	9e 81       	ldd	r25, Y+6	; 0x06
    1de8:	9a 83       	std	Y+2, r25	; 0x02
    1dea:	89 83       	std	Y+1, r24	; 0x01
    1dec:	89 81       	ldd	r24, Y+1	; 0x01
    1dee:	9a 81       	ldd	r25, Y+2	; 0x02
    1df0:	01 97       	sbiw	r24, 0x01	; 1
    1df2:	f1 f7       	brne	.-4      	; 0x1df0 <LCD_sendCommand+0x126>
    1df4:	9a 83       	std	Y+2, r25	; 0x02
    1df6:	89 83       	std	Y+1, r24	; 0x01
    {
        _delay_ms(2);
    }
}
    1df8:	2f 96       	adiw	r28, 0x0f	; 15
    1dfa:	0f b6       	in	r0, 0x3f	; 63
    1dfc:	f8 94       	cli
    1dfe:	de bf       	out	0x3e, r29	; 62
    1e00:	0f be       	out	0x3f, r0	; 63
    1e02:	cd bf       	out	0x3d, r28	; 61
    1e04:	cf 91       	pop	r28
    1e06:	df 91       	pop	r29
    1e08:	08 95       	ret

00001e0a <LCD_displayCharacter>:

void LCD_displayCharacter(char data)
{
    1e0a:	df 93       	push	r29
    1e0c:	cf 93       	push	r28
    1e0e:	0f 92       	push	r0
    1e10:	cd b7       	in	r28, 0x3d	; 61
    1e12:	de b7       	in	r29, 0x3e	; 62
    1e14:	89 83       	std	Y+1, r24	; 0x01
    DIO_setPinValue(DIO_PORTA_ID, LCD_RS_PIN, 1U);
    1e16:	80 e0       	ldi	r24, 0x00	; 0
    1e18:	60 e0       	ldi	r22, 0x00	; 0
    1e1a:	41 e0       	ldi	r20, 0x01	; 1
    1e1c:	0e 94 6c 09 	call	0x12d8	; 0x12d8 <DIO_setPinValue>
    DIO_setPinValue(DIO_PORTA_ID, LCD_RW_PIN, 0U);
    1e20:	80 e0       	ldi	r24, 0x00	; 0
    1e22:	61 e0       	ldi	r22, 0x01	; 1
    1e24:	40 e0       	ldi	r20, 0x00	; 0
    1e26:	0e 94 6c 09 	call	0x12d8	; 0x12d8 <DIO_setPinValue>

    LCD_sendNibble((uint8)data >> 4);
    1e2a:	89 81       	ldd	r24, Y+1	; 0x01
    1e2c:	82 95       	swap	r24
    1e2e:	8f 70       	andi	r24, 0x0F	; 15
    1e30:	0e 94 33 0e 	call	0x1c66	; 0x1c66 <LCD_sendNibble>
    LCD_sendNibble((uint8)data & 0x0FU);
    1e34:	89 81       	ldd	r24, Y+1	; 0x01
    1e36:	8f 70       	andi	r24, 0x0F	; 15
    1e38:	0e 94 33 0e 	call	0x1c66	; 0x1c66 <LCD_sendNibble>
}
    1e3c:	0f 90       	pop	r0
    1e3e:	cf 91       	pop	r28
    1e40:	df 91       	pop	r29
    1e42:	08 95       	ret

00001e44 <LCD_displayString>:

void LCD_displayString(const char *string)
{
    1e44:	df 93       	push	r29
    1e46:	cf 93       	push	r28
    1e48:	00 d0       	rcall	.+0      	; 0x1e4a <LCD_displayString+0x6>
    1e4a:	cd b7       	in	r28, 0x3d	; 61
    1e4c:	de b7       	in	r29, 0x3e	; 62
    1e4e:	9a 83       	std	Y+2, r25	; 0x02
    1e50:	89 83       	std	Y+1, r24	; 0x01
    1e52:	0a c0       	rjmp	.+20     	; 0x1e68 <LCD_displayString+0x24>
    while (*string != '\0')
    {
        LCD_displayCharacter(*string);
    1e54:	e9 81       	ldd	r30, Y+1	; 0x01
    1e56:	fa 81       	ldd	r31, Y+2	; 0x02
    1e58:	80 81       	ld	r24, Z
    1e5a:	0e 94 05 0f 	call	0x1e0a	; 0x1e0a <LCD_displayCharacter>
        string++;
    1e5e:	89 81       	ldd	r24, Y+1	; 0x01
    1e60:	9a 81       	ldd	r25, Y+2	; 0x02
    1e62:	01 96       	adiw	r24, 0x01	; 1
    1e64:	9a 83       	std	Y+2, r25	; 0x02
    1e66:	89 83       	std	Y+1, r24	; 0x01
    LCD_sendNibble((uint8)data & 0x0FU);
}

void LCD_displayString(const char *string)
{
    while (*string != '\0')
    1e68:	e9 81       	ldd	r30, Y+1	; 0x01
    1e6a:	fa 81       	ldd	r31, Y+2	; 0x02
    1e6c:	80 81       	ld	r24, Z
    1e6e:	88 23       	and	r24, r24
    1e70:	89 f7       	brne	.-30     	; 0x1e54 <LCD_displayString+0x10>
    {
        LCD_displayCharacter(*string);
        string++;
    }
}
    1e72:	0f 90       	pop	r0
    1e74:	0f 90       	pop	r0
    1e76:	cf 91       	pop	r28
    1e78:	df 91       	pop	r29
    1e7a:	08 95       	ret

00001e7c <LCD_goToRowColumn>:

void LCD_goToRowColumn(uint8 row, uint8 column)
{
    1e7c:	df 93       	push	r29
    1e7e:	cf 93       	push	r28
    1e80:	00 d0       	rcall	.+0      	; 0x1e82 <LCD_goToRowColumn+0x6>
    1e82:	00 d0       	rcall	.+0      	; 0x1e84 <LCD_goToRowColumn+0x8>
    1e84:	cd b7       	in	r28, 0x3d	; 61
    1e86:	de b7       	in	r29, 0x3e	; 62
    1e88:	8a 83       	std	Y+2, r24	; 0x02
    1e8a:	6b 83       	std	Y+3, r22	; 0x03
    uint8 address = (row == 0U) ? 0x80U : 0xC0U;
    1e8c:	8a 81       	ldd	r24, Y+2	; 0x02
    1e8e:	88 23       	and	r24, r24
    1e90:	19 f4       	brne	.+6      	; 0x1e98 <LCD_goToRowColumn+0x1c>
    1e92:	80 e8       	ldi	r24, 0x80	; 128
    1e94:	8c 83       	std	Y+4, r24	; 0x04
    1e96:	02 c0       	rjmp	.+4      	; 0x1e9c <LCD_goToRowColumn+0x20>
    1e98:	80 ec       	ldi	r24, 0xC0	; 192
    1e9a:	8c 83       	std	Y+4, r24	; 0x04
    1e9c:	8c 81       	ldd	r24, Y+4	; 0x04
    1e9e:	89 83       	std	Y+1, r24	; 0x01

    address = (uint8)(address + column);
    1ea0:	89 81       	ldd	r24, Y+1	; 0x01
    1ea2:	9b 81       	ldd	r25, Y+3	; 0x03
    1ea4:	89 0f       	add	r24, r25
    1ea6:	89 83       	std	Y+1, r24	; 0x01
    LCD_sendCommand(address);
    1ea8:	89 81       	ldd	r24, Y+1	; 0x01
    1eaa:	0e 94 65 0e 	call	0x1cca	; 0x1cca <LCD_sendCommand>
}
    1eae:	0f 90       	pop	r0
    1eb0:	0f 90       	pop	r0
    1eb2:	0f 90       	pop	r0
    1eb4:	0f 90       	pop	r0
    1eb6:	cf 91       	pop	r28
    1eb8:	df 91       	pop	r29
    1eba:	08 95       	ret

00001ebc <LCD_displayStringRowColumn>:

void LCD_displayStringRowColumn(uint8 row, uint8 column, const char *string)
{
    1ebc:	df 93       	push	r29
    1ebe:	cf 93       	push	r28
    1ec0:	00 d0       	rcall	.+0      	; 0x1ec2 <LCD_displayStringRowColumn+0x6>
    1ec2:	00 d0       	rcall	.+0      	; 0x1ec4 <LCD_displayStringRowColumn+0x8>
    1ec4:	cd b7       	in	r28, 0x3d	; 61
    1ec6:	de b7       	in	r29, 0x3e	; 62
    1ec8:	89 83       	std	Y+1, r24	; 0x01
    1eca:	6a 83       	std	Y+2, r22	; 0x02
    1ecc:	5c 83       	std	Y+4, r21	; 0x04
    1ece:	4b 83       	std	Y+3, r20	; 0x03
    LCD_goToRowColumn(row, column);
    1ed0:	89 81       	ldd	r24, Y+1	; 0x01
    1ed2:	6a 81       	ldd	r22, Y+2	; 0x02
    1ed4:	0e 94 3e 0f 	call	0x1e7c	; 0x1e7c <LCD_goToRowColumn>
    LCD_displayString(string);
    1ed8:	8b 81       	ldd	r24, Y+3	; 0x03
    1eda:	9c 81       	ldd	r25, Y+4	; 0x04
    1edc:	0e 94 22 0f 	call	0x1e44	; 0x1e44 <LCD_displayString>
}
    1ee0:	0f 90       	pop	r0
    1ee2:	0f 90       	pop	r0
    1ee4:	0f 90       	pop	r0
    1ee6:	0f 90       	pop	r0
    1ee8:	cf 91       	pop	r28
    1eea:	df 91       	pop	r29
    1eec:	08 95       	ret

00001eee <LCD_clear>:

void LCD_clear(void)
{
    1eee:	df 93       	push	r29
    1ef0:	cf 93       	push	r28
    1ef2:	cd b7       	in	r28, 0x3d	; 61
    1ef4:	de b7       	in	r29, 0x3e	; 62
    LCD_sendCommand(0x01U);
    1ef6:	81 e0       	ldi	r24, 0x01	; 1
    1ef8:	0e 94 65 0e 	call	0x1cca	; 0x1cca <LCD_sendCommand>
}
    1efc:	cf 91       	pop	r28
    1efe:	df 91       	pop	r29
    1f00:	08 95       	ret

00001f02 <LCD_home>:

void LCD_home(void)
{
    1f02:	df 93       	push	r29
    1f04:	cf 93       	push	r28
    1f06:	cd b7       	in	r28, 0x3d	; 61
    1f08:	de b7       	in	r29, 0x3e	; 62
    LCD_sendCommand(0x02U);
    1f0a:	82 e0       	ldi	r24, 0x02	; 2
    1f0c:	0e 94 65 0e 	call	0x1cca	; 0x1cca <LCD_sendCommand>
}
    1f10:	cf 91       	pop	r28
    1f12:	df 91       	pop	r29
    1f14:	08 95       	ret

00001f16 <LCD_init>:

void LCD_init(void)
{
    1f16:	0f 93       	push	r16
    1f18:	1f 93       	push	r17
    1f1a:	df 93       	push	r29
    1f1c:	cf 93       	push	r28
    1f1e:	cd b7       	in	r28, 0x3d	; 61
    1f20:	de b7       	in	r29, 0x3e	; 62
    1f22:	cc 54       	subi	r28, 0x4C	; 76
    1f24:	d0 40       	sbci	r29, 0x00	; 0
    1f26:	0f b6       	in	r0, 0x3f	; 63
    1f28:	f8 94       	cli
    1f2a:	de bf       	out	0x3e, r29	; 62
    1f2c:	0f be       	out	0x3f, r0	; 63
    1f2e:	cd bf       	out	0x3d, r28	; 61
    LCD_disableJtag();
    1f30:	0e 94 7a 0c 	call	0x18f4	; 0x18f4 <LCD_disableJtag>
    DIO_setPinDirection(DIO_PORTA_ID, LCD_RS_PIN, 1U);
    1f34:	80 e0       	ldi	r24, 0x00	; 0
    1f36:	60 e0       	ldi	r22, 0x00	; 0
    1f38:	41 e0       	ldi	r20, 0x01	; 1
    1f3a:	0e 94 34 09 	call	0x1268	; 0x1268 <DIO_setPinDirection>
    DIO_setPinDirection(DIO_PORTA_ID, LCD_RW_PIN, 1U);
    1f3e:	80 e0       	ldi	r24, 0x00	; 0
    1f40:	61 e0       	ldi	r22, 0x01	; 1
    1f42:	41 e0       	ldi	r20, 0x01	; 1
    1f44:	0e 94 34 09 	call	0x1268	; 0x1268 <DIO_setPinDirection>
    DIO_setPinDirection(DIO_PORTA_ID, LCD_E_PIN, 1U);
    1f48:	80 e0       	ldi	r24, 0x00	; 0
    1f4a:	62 e0       	ldi	r22, 0x02	; 2
    1f4c:	41 e0       	ldi	r20, 0x01	; 1
    1f4e:	0e 94 34 09 	call	0x1268	; 0x1268 <DIO_setPinDirection>
    DIO_setPortDirection(DIO_PORTC_ID, 0xF0U);
    1f52:	82 e0       	ldi	r24, 0x02	; 2
    1f54:	60 ef       	ldi	r22, 0xF0	; 240
    1f56:	0e 94 06 0a 	call	0x140c	; 0x140c <DIO_setPortDirection>

    DIO_setPinValue(DIO_PORTA_ID, LCD_RS_PIN, 0U);
    1f5a:	80 e0       	ldi	r24, 0x00	; 0
    1f5c:	60 e0       	ldi	r22, 0x00	; 0
    1f5e:	40 e0       	ldi	r20, 0x00	; 0
    1f60:	0e 94 6c 09 	call	0x12d8	; 0x12d8 <DIO_setPinValue>
    DIO_setPinValue(DIO_PORTA_ID, LCD_RW_PIN, 0U);
    1f64:	80 e0       	ldi	r24, 0x00	; 0
    1f66:	61 e0       	ldi	r22, 0x01	; 1
    1f68:	40 e0       	ldi	r20, 0x00	; 0
    1f6a:	0e 94 6c 09 	call	0x12d8	; 0x12d8 <DIO_setPinValue>
    DIO_setPinValue(DIO_PORTA_ID, LCD_E_PIN, 0U);
    1f6e:	80 e0       	ldi	r24, 0x00	; 0
    1f70:	62 e0       	ldi	r22, 0x02	; 2
    1f72:	40 e0       	ldi	r20, 0x00	; 0
    1f74:	0e 94 6c 09 	call	0x12d8	; 0x12d8 <DIO_setPinValue>
    1f78:	fe 01       	movw	r30, r28
    1f7a:	e7 5b       	subi	r30, 0xB7	; 183
    1f7c:	ff 4f       	sbci	r31, 0xFF	; 255
    1f7e:	80 e0       	ldi	r24, 0x00	; 0
    1f80:	90 e0       	ldi	r25, 0x00	; 0
    1f82:	a0 e2       	ldi	r26, 0x20	; 32
    1f84:	b2 e4       	ldi	r27, 0x42	; 66
    1f86:	80 83       	st	Z, r24
    1f88:	91 83       	std	Z+1, r25	; 0x01
    1f8a:	a2 83       	std	Z+2, r26	; 0x02
    1f8c:	b3 83       	std	Z+3, r27	; 0x03
 */
void
_delay_ms(double __ms)
{
	uint16_t __ticks;
	double __tmp = ((F_CPU) / 4e3) * __ms;
    1f8e:	8e 01       	movw	r16, r28
    1f90:	0b 5b       	subi	r16, 0xBB	; 187
    1f92:	1f 4f       	sbci	r17, 0xFF	; 255
    1f94:	fe 01       	movw	r30, r28
    1f96:	e7 5b       	subi	r30, 0xB7	; 183
    1f98:	ff 4f       	sbci	r31, 0xFF	; 255
    1f9a:	60 81       	ld	r22, Z
    1f9c:	71 81       	ldd	r23, Z+1	; 0x01
    1f9e:	82 81       	ldd	r24, Z+2	; 0x02
    1fa0:	93 81       	ldd	r25, Z+3	; 0x03
    1fa2:	20 e0       	ldi	r18, 0x00	; 0
    1fa4:	30 e0       	ldi	r19, 0x00	; 0
    1fa6:	4a ef       	ldi	r20, 0xFA	; 250
    1fa8:	54 e4       	ldi	r21, 0x44	; 68
    1faa:	0e 94 1f 02 	call	0x43e	; 0x43e <__mulsf3>
    1fae:	dc 01       	movw	r26, r24
    1fb0:	cb 01       	movw	r24, r22
    1fb2:	f8 01       	movw	r30, r16
    1fb4:	80 83       	st	Z, r24
    1fb6:	91 83       	std	Z+1, r25	; 0x01
    1fb8:	a2 83       	std	Z+2, r26	; 0x02
    1fba:	b3 83       	std	Z+3, r27	; 0x03
	if (__tmp < 1.0)
    1fbc:	fe 01       	movw	r30, r28
    1fbe:	eb 5b       	subi	r30, 0xBB	; 187
    1fc0:	ff 4f       	sbci	r31, 0xFF	; 255
    1fc2:	60 81       	ld	r22, Z
    1fc4:	71 81       	ldd	r23, Z+1	; 0x01
    1fc6:	82 81       	ldd	r24, Z+2	; 0x02
    1fc8:	93 81       	ldd	r25, Z+3	; 0x03
    1fca:	20 e0       	ldi	r18, 0x00	; 0
    1fcc:	30 e0       	ldi	r19, 0x00	; 0
    1fce:	40 e8       	ldi	r20, 0x80	; 128
    1fd0:	5f e3       	ldi	r21, 0x3F	; 63
    1fd2:	0e 94 25 04 	call	0x84a	; 0x84a <__ltsf2>
    1fd6:	88 23       	and	r24, r24
    1fd8:	44 f4       	brge	.+16     	; 0x1fea <LCD_init+0xd4>
		__ticks = 1;
    1fda:	fe 01       	movw	r30, r28
    1fdc:	ed 5b       	subi	r30, 0xBD	; 189
    1fde:	ff 4f       	sbci	r31, 0xFF	; 255
    1fe0:	81 e0       	ldi	r24, 0x01	; 1
    1fe2:	90 e0       	ldi	r25, 0x00	; 0
    1fe4:	91 83       	std	Z+1, r25	; 0x01
    1fe6:	80 83       	st	Z, r24
    1fe8:	64 c0       	rjmp	.+200    	; 0x20b2 <LCD_init+0x19c>
	else if (__tmp > 65535)
    1fea:	fe 01       	movw	r30, r28
    1fec:	eb 5b       	subi	r30, 0xBB	; 187
    1fee:	ff 4f       	sbci	r31, 0xFF	; 255
    1ff0:	60 81       	ld	r22, Z
    1ff2:	71 81       	ldd	r23, Z+1	; 0x01
    1ff4:	82 81       	ldd	r24, Z+2	; 0x02
    1ff6:	93 81       	ldd	r25, Z+3	; 0x03
    1ff8:	20 e0       	ldi	r18, 0x00	; 0
    1ffa:	3f ef       	ldi	r19, 0xFF	; 255
    1ffc:	4f e7       	ldi	r20, 0x7F	; 127
    1ffe:	57 e4       	ldi	r21, 0x47	; 71
    2000:	0e 94 c5 03 	call	0x78a	; 0x78a <__gtsf2>
    2004:	18 16       	cp	r1, r24
    2006:	0c f0       	brlt	.+2      	; 0x200a <LCD_init+0xf4>
    2008:	43 c0       	rjmp	.+134    	; 0x2090 <LCD_init+0x17a>
	{
		//	__ticks = requested delay in 1/10 ms
		__ticks = (uint16_t) (__ms * 10.0);
    200a:	fe 01       	movw	r30, r28
    200c:	e7 5b       	subi	r30, 0xB7	; 183
    200e:	ff 4f       	sbci	r31, 0xFF	; 255
    2010:	60 81       	ld	r22, Z
    2012:	71 81       	ldd	r23, Z+1	; 0x01
    2014:	82 81       	ldd	r24, Z+2	; 0x02
    2016:	93 81       	ldd	r25, Z+3	; 0x03
    2018:	20 e0       	ldi	r18, 0x00	; 0
    201a:	30 e0       	ldi	r19, 0x00	; 0
    201c:	40 e2       	ldi	r20, 0x20	; 32
    201e:	51 e4       	ldi	r21, 0x41	; 65
    2020:	0e 94 1f 02 	call	0x43e	; 0x43e <__mulsf3>
    2024:	dc 01       	movw	r26, r24
    2026:	cb 01       	movw	r24, r22
    2028:	8e 01       	movw	r16, r28
    202a:	0d 5b       	subi	r16, 0xBD	; 189
    202c:	1f 4f       	sbci	r17, 0xFF	; 255
    202e:	bc 01       	movw	r22, r24
    2030:	cd 01       	movw	r24, r26
    2032:	0e 94 49 00 	call	0x92	; 0x92 <__fixunssfsi>
    2036:	dc 01       	movw	r26, r24
    2038:	cb 01       	movw	r24, r22
    203a:	f8 01       	movw	r30, r16
    203c:	91 83       	std	Z+1, r25	; 0x01
    203e:	80 83       	st	Z, r24
    2040:	1f c0       	rjmp	.+62     	; 0x2080 <LCD_init+0x16a>
    2042:	fe 01       	movw	r30, r28
    2044:	ef 5b       	subi	r30, 0xBF	; 191
    2046:	ff 4f       	sbci	r31, 0xFF	; 255
    2048:	88 ec       	ldi	r24, 0xC8	; 200
    204a:	90 e0       	ldi	r25, 0x00	; 0
    204c:	91 83       	std	Z+1, r25	; 0x01
    204e:	80 83       	st	Z, r24
    2050:	fe 01       	movw	r30, r28
    2052:	ef 5b       	subi	r30, 0xBF	; 191
    2054:	ff 4f       	sbci	r31, 0xFF	; 255
    2056:	80 81       	ld	r24, Z
    2058:	91 81       	ldd	r25, Z+1	; 0x01
    205a:	01 97       	sbiw	r24, 0x01	; 1
    205c:	f1 f7       	brne	.-4      	; 0x205a <LCD_init+0x144>
    205e:	fe 01       	movw	r30, r28
    2060:	ef 5b       	subi	r30, 0xBF	; 191
    2062:	ff 4f       	sbci	r31, 0xFF	; 255
    2064:	91 83       	std	Z+1, r25	; 0x01
    2066:	80 83       	st	Z, r24
		while(__ticks)
		{
			// wait 1/10 ms
			_delay_loop_2(((F_CPU) / 4e3) / 10);
			__ticks --;
    2068:	de 01       	movw	r26, r28
    206a:	ad 5b       	subi	r26, 0xBD	; 189
    206c:	bf 4f       	sbci	r27, 0xFF	; 255
    206e:	fe 01       	movw	r30, r28
    2070:	ed 5b       	subi	r30, 0xBD	; 189
    2072:	ff 4f       	sbci	r31, 0xFF	; 255
    2074:	80 81       	ld	r24, Z
    2076:	91 81       	ldd	r25, Z+1	; 0x01
    2078:	01 97       	sbiw	r24, 0x01	; 1
    207a:	11 96       	adiw	r26, 0x01	; 1
    207c:	9c 93       	st	X, r25
    207e:	8e 93       	st	-X, r24
		__ticks = 1;
	else if (__tmp > 65535)
	{
		//	__ticks = requested delay in 1/10 ms
		__ticks = (uint16_t) (__ms * 10.0);
		while(__ticks)
    2080:	fe 01       	movw	r30, r28
    2082:	ed 5b       	subi	r30, 0xBD	; 189
    2084:	ff 4f       	sbci	r31, 0xFF	; 255
    2086:	80 81       	ld	r24, Z
    2088:	91 81       	ldd	r25, Z+1	; 0x01
    208a:	00 97       	sbiw	r24, 0x00	; 0
    208c:	d1 f6       	brne	.-76     	; 0x2042 <LCD_init+0x12c>
    208e:	24 c0       	rjmp	.+72     	; 0x20d8 <LCD_init+0x1c2>
			__ticks --;
		}
		return;
	}
	else
		__ticks = (uint16_t)__tmp;
    2090:	8e 01       	movw	r16, r28
    2092:	0d 5b       	subi	r16, 0xBD	; 189
    2094:	1f 4f       	sbci	r17, 0xFF	; 255
    2096:	fe 01       	movw	r30, r28
    2098:	eb 5b       	subi	r30, 0xBB	; 187
    209a:	ff 4f       	sbci	r31, 0xFF	; 255
    209c:	60 81       	ld	r22, Z
    209e:	71 81       	ldd	r23, Z+1	; 0x01
    20a0:	82 81       	ldd	r24, Z+2	; 0x02
    20a2:	93 81       	ldd	r25, Z+3	; 0x03
    20a4:	0e 94 49 00 	call	0x92	; 0x92 <__fixunssfsi>
    20a8:	dc 01       	movw	r26, r24
    20aa:	cb 01       	movw	r24, r22
    20ac:	f8 01       	movw	r30, r16
    20ae:	91 83       	std	Z+1, r25	; 0x01
    20b0:	80 83       	st	Z, r24
    20b2:	fe 01       	movw	r30, r28
    20b4:	ed 5b       	subi	r30, 0xBD	; 189
    20b6:	ff 4f       	sbci	r31, 0xFF	; 255
    20b8:	80 81       	ld	r24, Z
    20ba:	91 81       	ldd	r25, Z+1	; 0x01
    20bc:	fe 01       	movw	r30, r28
    20be:	ff 96       	adiw	r30, 0x3f	; 63
    20c0:	91 83       	std	Z+1, r25	; 0x01
    20c2:	80 83       	st	Z, r24
    20c4:	fe 01       	movw	r30, r28
    20c6:	ff 96       	adiw	r30, 0x3f	; 63
    20c8:	80 81       	ld	r24, Z
    20ca:	91 81       	ldd	r25, Z+1	; 0x01
    20cc:	01 97       	sbiw	r24, 0x01	; 1
    20ce:	f1 f7       	brne	.-4      	; 0x20cc <LCD_init+0x1b6>
    20d0:	fe 01       	movw	r30, r28
    20d2:	ff 96       	adiw	r30, 0x3f	; 63
    20d4:	91 83       	std	Z+1, r25	; 0x01
    20d6:	80 83       	st	Z, r24

    _delay_ms(40);

    LCD_sendNibble(0x03U);
    20d8:	83 e0       	ldi	r24, 0x03	; 3
    20da:	0e 94 33 0e 	call	0x1c66	; 0x1c66 <LCD_sendNibble>
    20de:	80 e0       	ldi	r24, 0x00	; 0
    20e0:	90 e0       	ldi	r25, 0x00	; 0
    20e2:	a0 ea       	ldi	r26, 0xA0	; 160
    20e4:	b0 e4       	ldi	r27, 0x40	; 64
    20e6:	8b af       	std	Y+59, r24	; 0x3b
    20e8:	9c af       	std	Y+60, r25	; 0x3c
    20ea:	ad af       	std	Y+61, r26	; 0x3d
    20ec:	be af       	std	Y+62, r27	; 0x3e
 */
void
_delay_ms(double __ms)
{
	uint16_t __ticks;
	double __tmp = ((F_CPU) / 4e3) * __ms;
    20ee:	6b ad       	ldd	r22, Y+59	; 0x3b
    20f0:	7c ad       	ldd	r23, Y+60	; 0x3c
    20f2:	8d ad       	ldd	r24, Y+61	; 0x3d
    20f4:	9e ad       	ldd	r25, Y+62	; 0x3e
    20f6:	20 e0       	ldi	r18, 0x00	; 0
    20f8:	30 e0       	ldi	r19, 0x00	; 0
    20fa:	4a ef       	ldi	r20, 0xFA	; 250
    20fc:	54 e4       	ldi	r21, 0x44	; 68
    20fe:	0e 94 1f 02 	call	0x43e	; 0x43e <__mulsf3>
    2102:	dc 01       	movw	r26, r24
    2104:	cb 01       	movw	r24, r22
    2106:	8f ab       	std	Y+55, r24	; 0x37
    2108:	98 af       	std	Y+56, r25	; 0x38
    210a:	a9 af       	std	Y+57, r26	; 0x39
    210c:	ba af       	std	Y+58, r27	; 0x3a
	if (__tmp < 1.0)
    210e:	6f a9       	ldd	r22, Y+55	; 0x37
    2110:	78 ad       	ldd	r23, Y+56	; 0x38
    2112:	89 ad       	ldd	r24, Y+57	; 0x39
    2114:	9a ad       	ldd	r25, Y+58	; 0x3a
    2116:	20 e0       	ldi	r18, 0x00	; 0
    2118:	30 e0       	ldi	r19, 0x00	; 0
    211a:	40 e8       	ldi	r20, 0x80	; 128
    211c:	5f e3       	ldi	r21, 0x3F	; 63
    211e:	0e 94 25 04 	call	0x84a	; 0x84a <__ltsf2>
    2122:	88 23       	and	r24, r24
    2124:	2c f4       	brge	.+10     	; 0x2130 <LCD_init+0x21a>
		__ticks = 1;
    2126:	81 e0       	ldi	r24, 0x01	; 1
    2128:	90 e0       	ldi	r25, 0x00	; 0
    212a:	9e ab       	std	Y+54, r25	; 0x36
    212c:	8d ab       	std	Y+53, r24	; 0x35
    212e:	3f c0       	rjmp	.+126    	; 0x21ae <LCD_init+0x298>
	else if (__tmp > 65535)
    2130:	6f a9       	ldd	r22, Y+55	; 0x37
    2132:	78 ad       	ldd	r23, Y+56	; 0x38
    2134:	89 ad       	ldd	r24, Y+57	; 0x39
    2136:	9a ad       	ldd	r25, Y+58	; 0x3a
    2138:	20 e0       	ldi	r18, 0x00	; 0
    213a:	3f ef       	ldi	r19, 0xFF	; 255
    213c:	4f e7       	ldi	r20, 0x7F	; 127
    213e:	57 e4       	ldi	r21, 0x47	; 71
    2140:	0e 94 c5 03 	call	0x78a	; 0x78a <__gtsf2>
    2144:	18 16       	cp	r1, r24
    2146:	4c f5       	brge	.+82     	; 0x219a <LCD_init+0x284>
	{
		//	__ticks = requested delay in 1/10 ms
		__ticks = (uint16_t) (__ms * 10.0);
    2148:	6b ad       	ldd	r22, Y+59	; 0x3b
    214a:	7c ad       	ldd	r23, Y+60	; 0x3c
    214c:	8d ad       	ldd	r24, Y+61	; 0x3d
    214e:	9e ad       	ldd	r25, Y+62	; 0x3e
    2150:	20 e0       	ldi	r18, 0x00	; 0
    2152:	30 e0       	ldi	r19, 0x00	; 0
    2154:	40 e2       	ldi	r20, 0x20	; 32
    2156:	51 e4       	ldi	r21, 0x41	; 65
    2158:	0e 94 1f 02 	call	0x43e	; 0x43e <__mulsf3>
    215c:	dc 01       	movw	r26, r24
    215e:	cb 01       	movw	r24, r22
    2160:	bc 01       	movw	r22, r24
    2162:	cd 01       	movw	r24, r26
    2164:	0e 94 49 00 	call	0x92	; 0x92 <__fixunssfsi>
    2168:	dc 01       	movw	r26, r24
    216a:	cb 01       	movw	r24, r22
    216c:	9e ab       	std	Y+54, r25	; 0x36
    216e:	8d ab       	std	Y+53, r24	; 0x35
    2170:	0f c0       	rjmp	.+30     	; 0x2190 <LCD_init+0x27a>
    2172:	88 ec       	ldi	r24, 0xC8	; 200
    2174:	90 e0       	ldi	r25, 0x00	; 0
    2176:	9c ab       	std	Y+52, r25	; 0x34
    2178:	8b ab       	std	Y+51, r24	; 0x33
    217a:	8b a9       	ldd	r24, Y+51	; 0x33
    217c:	9c a9       	ldd	r25, Y+52	; 0x34
    217e:	01 97       	sbiw	r24, 0x01	; 1
    2180:	f1 f7       	brne	.-4      	; 0x217e <LCD_init+0x268>
    2182:	9c ab       	std	Y+52, r25	; 0x34
    2184:	8b ab       	std	Y+51, r24	; 0x33
		while(__ticks)
		{
			// wait 1/10 ms
			_delay_loop_2(((F_CPU) / 4e3) / 10);
			__ticks --;
    2186:	8d a9       	ldd	r24, Y+53	; 0x35
    2188:	9e a9       	ldd	r25, Y+54	; 0x36
    218a:	01 97       	sbiw	r24, 0x01	; 1
    218c:	9e ab       	std	Y+54, r25	; 0x36
    218e:	8d ab       	std	Y+53, r24	; 0x35
		__ticks = 1;
	else if (__tmp > 65535)
	{
		//	__ticks = requested delay in 1/10 ms
		__ticks = (uint16_t) (__ms * 10.0);
		while(__ticks)
    2190:	8d a9       	ldd	r24, Y+53	; 0x35
    2192:	9e a9       	ldd	r25, Y+54	; 0x36
    2194:	00 97       	sbiw	r24, 0x00	; 0
    2196:	69 f7       	brne	.-38     	; 0x2172 <LCD_init+0x25c>
    2198:	14 c0       	rjmp	.+40     	; 0x21c2 <LCD_init+0x2ac>
			__ticks --;
		}
		return;
	}
	else
		__ticks = (uint16_t)__tmp;
    219a:	6f a9       	ldd	r22, Y+55	; 0x37
    219c:	78 ad       	ldd	r23, Y+56	; 0x38
    219e:	89 ad       	ldd	r24, Y+57	; 0x39
    21a0:	9a ad       	ldd	r25, Y+58	; 0x3a
    21a2:	0e 94 49 00 	call	0x92	; 0x92 <__fixunssfsi>
    21a6:	dc 01       	movw	r26, r24
    21a8:	cb 01       	movw	r24, r22
    21aa:	9e ab       	std	Y+54, r25	; 0x36
    21ac:	8d ab       	std	Y+53, r24	; 0x35
    21ae:	8d a9       	ldd	r24, Y+53	; 0x35
    21b0:	9e a9       	ldd	r25, Y+54	; 0x36
    21b2:	9a ab       	std	Y+50, r25	; 0x32
    21b4:	89 ab       	std	Y+49, r24	; 0x31
    21b6:	89 a9       	ldd	r24, Y+49	; 0x31
    21b8:	9a a9       	ldd	r25, Y+50	; 0x32
    21ba:	01 97       	sbiw	r24, 0x01	; 1
    21bc:	f1 f7       	brne	.-4      	; 0x21ba <LCD_init+0x2a4>
    21be:	9a ab       	std	Y+50, r25	; 0x32
    21c0:	89 ab       	std	Y+49, r24	; 0x31
    _delay_ms(5);
    LCD_sendNibble(0x03U);
    21c2:	83 e0       	ldi	r24, 0x03	; 3
    21c4:	0e 94 33 0e 	call	0x1c66	; 0x1c66 <LCD_sendNibble>
    21c8:	80 e0       	ldi	r24, 0x00	; 0
    21ca:	90 e0       	ldi	r25, 0x00	; 0
    21cc:	a6 e1       	ldi	r26, 0x16	; 22
    21ce:	b3 e4       	ldi	r27, 0x43	; 67
    21d0:	8d a7       	std	Y+45, r24	; 0x2d
    21d2:	9e a7       	std	Y+46, r25	; 0x2e
    21d4:	af a7       	std	Y+47, r26	; 0x2f
    21d6:	b8 ab       	std	Y+48, r27	; 0x30
 */
void
_delay_us(double __us)
{
	uint8_t __ticks;
	double __tmp = ((F_CPU) / 3e6) * __us;
    21d8:	6d a5       	ldd	r22, Y+45	; 0x2d
    21da:	7e a5       	ldd	r23, Y+46	; 0x2e
    21dc:	8f a5       	ldd	r24, Y+47	; 0x2f
    21de:	98 a9       	ldd	r25, Y+48	; 0x30
    21e0:	2b ea       	ldi	r18, 0xAB	; 171
    21e2:	3a ea       	ldi	r19, 0xAA	; 170
    21e4:	4a e2       	ldi	r20, 0x2A	; 42
    21e6:	50 e4       	ldi	r21, 0x40	; 64
    21e8:	0e 94 1f 02 	call	0x43e	; 0x43e <__mulsf3>
    21ec:	dc 01       	movw	r26, r24
    21ee:	cb 01       	movw	r24, r22
    21f0:	89 a7       	std	Y+41, r24	; 0x29
    21f2:	9a a7       	std	Y+42, r25	; 0x2a
    21f4:	ab a7       	std	Y+43, r26	; 0x2b
    21f6:	bc a7       	std	Y+44, r27	; 0x2c
	if (__tmp < 1.0)
    21f8:	69 a5       	ldd	r22, Y+41	; 0x29
    21fa:	7a a5       	ldd	r23, Y+42	; 0x2a
    21fc:	8b a5       	ldd	r24, Y+43	; 0x2b
    21fe:	9c a5       	ldd	r25, Y+44	; 0x2c
    2200:	20 e0       	ldi	r18, 0x00	; 0
    2202:	30 e0       	ldi	r19, 0x00	; 0
    2204:	40 e8       	ldi	r20, 0x80	; 128
    2206:	5f e3       	ldi	r21, 0x3F	; 63
    2208:	0e 94 25 04 	call	0x84a	; 0x84a <__ltsf2>
    220c:	88 23       	and	r24, r24
    220e:	1c f4       	brge	.+6      	; 0x2216 <LCD_init+0x300>
		__ticks = 1;
    2210:	81 e0       	ldi	r24, 0x01	; 1
    2212:	88 a7       	std	Y+40, r24	; 0x28
    2214:	91 c0       	rjmp	.+290    	; 0x2338 <LCD_init+0x422>
	else if (__tmp > 255)
    2216:	69 a5       	ldd	r22, Y+41	; 0x29
    2218:	7a a5       	ldd	r23, Y+42	; 0x2a
    221a:	8b a5       	ldd	r24, Y+43	; 0x2b
    221c:	9c a5       	ldd	r25, Y+44	; 0x2c
    221e:	20 e0       	ldi	r18, 0x00	; 0
    2220:	30 e0       	ldi	r19, 0x00	; 0
    2222:	4f e7       	ldi	r20, 0x7F	; 127
    2224:	53 e4       	ldi	r21, 0x43	; 67
    2226:	0e 94 c5 03 	call	0x78a	; 0x78a <__gtsf2>
    222a:	18 16       	cp	r1, r24
    222c:	0c f0       	brlt	.+2      	; 0x2230 <LCD_init+0x31a>
    222e:	7b c0       	rjmp	.+246    	; 0x2326 <LCD_init+0x410>
	{
		_delay_ms(__us / 1000.0);
    2230:	6d a5       	ldd	r22, Y+45	; 0x2d
    2232:	7e a5       	ldd	r23, Y+46	; 0x2e
    2234:	8f a5       	ldd	r24, Y+47	; 0x2f
    2236:	98 a9       	ldd	r25, Y+48	; 0x30
    2238:	20 e0       	ldi	r18, 0x00	; 0
    223a:	30 e0       	ldi	r19, 0x00	; 0
    223c:	4a e7       	ldi	r20, 0x7A	; 122
    223e:	54 e4       	ldi	r21, 0x44	; 68
    2240:	0e 94 19 03 	call	0x632	; 0x632 <__divsf3>
    2244:	dc 01       	movw	r26, r24
    2246:	cb 01       	movw	r24, r22
    2248:	8c a3       	std	Y+36, r24	; 0x24
    224a:	9d a3       	std	Y+37, r25	; 0x25
    224c:	ae a3       	std	Y+38, r26	; 0x26
    224e:	bf a3       	std	Y+39, r27	; 0x27
 */
void
_delay_ms(double __ms)
{
	uint16_t __ticks;
	double __tmp = ((F_CPU) / 4e3) * __ms;
    2250:	6c a1       	ldd	r22, Y+36	; 0x24
    2252:	7d a1       	ldd	r23, Y+37	; 0x25
    2254:	8e a1       	ldd	r24, Y+38	; 0x26
    2256:	9f a1       	ldd	r25, Y+39	; 0x27
    2258:	20 e0       	ldi	r18, 0x00	; 0
    225a:	30 e0       	ldi	r19, 0x00	; 0
    225c:	4a ef       	ldi	r20, 0xFA	; 250
    225e:	54 e4       	ldi	r21, 0x44	; 68
    2260:	0e 94 1f 02 	call	0x43e	; 0x43e <__mulsf3>
    2264:	dc 01       	movw	r26, r24
    2266:	cb 01       	movw	r24, r22
    2268:	88 a3       	std	Y+32, r24	; 0x20
    226a:	99 a3       	std	Y+33, r25	; 0x21
    226c:	aa a3       	std	Y+34, r26	; 0x22
    226e:	bb a3       	std	Y+35, r27	; 0x23
	if (__tmp < 1.0)
    2270:	68 a1       	ldd	r22, Y+32	; 0x20
    2272:	79 a1       	ldd	r23, Y+33	; 0x21
    2274:	8a a1       	ldd	r24, Y+34	; 0x22
    2276:	9b a1       	ldd	r25, Y+35	; 0x23
    2278:	20 e0       	ldi	r18, 0x00	; 0
    227a:	30 e0       	ldi	r19, 0x00	; 0
    227c:	40 e8       	ldi	r20, 0x80	; 128
    227e:	5f e3       	ldi	r21, 0x3F	; 63
    2280:	0e 94 25 04 	call	0x84a	; 0x84a <__ltsf2>
    2284:	88 23       	and	r24, r24
    2286:	2c f4       	brge	.+10     	; 0x2292 <LCD_init+0x37c>
		__ticks = 1;
    2288:	81 e0       	ldi	r24, 0x01	; 1
    228a:	90 e0       	ldi	r25, 0x00	; 0
    228c:	9f 8f       	std	Y+31, r25	; 0x1f
    228e:	8e 8f       	std	Y+30, r24	; 0x1e
    2290:	3f c0       	rjmp	.+126    	; 0x2310 <LCD_init+0x3fa>
	else if (__tmp > 65535)
    2292:	68 a1       	ldd	r22, Y+32	; 0x20
    2294:	79 a1       	ldd	r23, Y+33	; 0x21
    2296:	8a a1       	ldd	r24, Y+34	; 0x22
    2298:	9b a1       	ldd	r25, Y+35	; 0x23
    229a:	20 e0       	ldi	r18, 0x00	; 0
    229c:	3f ef       	ldi	r19, 0xFF	; 255
    229e:	4f e7       	ldi	r20, 0x7F	; 127
    22a0:	57 e4       	ldi	r21, 0x47	; 71
    22a2:	0e 94 c5 03 	call	0x78a	; 0x78a <__gtsf2>
    22a6:	18 16       	cp	r1, r24
    22a8:	4c f5       	brge	.+82     	; 0x22fc <LCD_init+0x3e6>
	{
		//	__ticks = requested delay in 1/10 ms
		__ticks = (uint16_t) (__ms * 10.0);
    22aa:	6c a1       	ldd	r22, Y+36	; 0x24
    22ac:	7d a1       	ldd	r23, Y+37	; 0x25
    22ae:	8e a1       	ldd	r24, Y+38	; 0x26
    22b0:	9f a1       	ldd	r25, Y+39	; 0x27
    22b2:	20 e0       	ldi	r18, 0x00	; 0
    22b4:	30 e0       	ldi	r19, 0x00	; 0
    22b6:	40 e2       	ldi	r20, 0x20	; 32
    22b8:	51 e4       	ldi	r21, 0x41	; 65
    22ba:	0e 94 1f 02 	call	0x43e	; 0x43e <__mulsf3>
    22be:	dc 01       	movw	r26, r24
    22c0:	cb 01       	movw	r24, r22
    22c2:	bc 01       	movw	r22, r24
    22c4:	cd 01       	movw	r24, r26
    22c6:	0e 94 49 00 	call	0x92	; 0x92 <__fixunssfsi>
    22ca:	dc 01       	movw	r26, r24
    22cc:	cb 01       	movw	r24, r22
    22ce:	9f 8f       	std	Y+31, r25	; 0x1f
    22d0:	8e 8f       	std	Y+30, r24	; 0x1e
    22d2:	0f c0       	rjmp	.+30     	; 0x22f2 <LCD_init+0x3dc>
    22d4:	88 ec       	ldi	r24, 0xC8	; 200
    22d6:	90 e0       	ldi	r25, 0x00	; 0
    22d8:	9d 8f       	std	Y+29, r25	; 0x1d
    22da:	8c 8f       	std	Y+28, r24	; 0x1c
    22dc:	8c 8d       	ldd	r24, Y+28	; 0x1c
    22de:	9d 8d       	ldd	r25, Y+29	; 0x1d
    22e0:	01 97       	sbiw	r24, 0x01	; 1
    22e2:	f1 f7       	brne	.-4      	; 0x22e0 <LCD_init+0x3ca>
    22e4:	9d 8f       	std	Y+29, r25	; 0x1d
    22e6:	8c 8f       	std	Y+28, r24	; 0x1c
		while(__ticks)
		{
			// wait 1/10 ms
			_delay_loop_2(((F_CPU) / 4e3) / 10);
			__ticks --;
    22e8:	8e 8d       	ldd	r24, Y+30	; 0x1e
    22ea:	9f 8d       	ldd	r25, Y+31	; 0x1f
    22ec:	01 97       	sbiw	r24, 0x01	; 1
    22ee:	9f 8f       	std	Y+31, r25	; 0x1f
    22f0:	8e 8f       	std	Y+30, r24	; 0x1e
		__ticks = 1;
	else if (__tmp > 65535)
	{
		//	__ticks = requested delay in 1/10 ms
		__ticks = (uint16_t) (__ms * 10.0);
		while(__ticks)
    22f2:	8e 8d       	ldd	r24, Y+30	; 0x1e
    22f4:	9f 8d       	ldd	r25, Y+31	; 0x1f
    22f6:	00 97       	sbiw	r24, 0x00	; 0
    22f8:	69 f7       	brne	.-38     	; 0x22d4 <LCD_init+0x3be>
    22fa:	24 c0       	rjmp	.+72     	; 0x2344 <LCD_init+0x42e>
			__ticks --;
		}
		return;
	}
	else
		__ticks = (uint16_t)__tmp;
    22fc:	68 a1       	ldd	r22, Y+32	; 0x20
    22fe:	79 a1       	ldd	r23, Y+33	; 0x21
    2300:	8a a1       	ldd	r24, Y+34	; 0x22
    2302:	9b a1       	ldd	r25, Y+35	; 0x23
    2304:	0e 94 49 00 	call	0x92	; 0x92 <__fixunssfsi>
    2308:	dc 01       	movw	r26, r24
    230a:	cb 01       	movw	r24, r22
    230c:	9f 8f       	std	Y+31, r25	; 0x1f
    230e:	8e 8f       	std	Y+30, r24	; 0x1e
    2310:	8e 8d       	ldd	r24, Y+30	; 0x1e
    2312:	9f 8d       	ldd	r25, Y+31	; 0x1f
    2314:	9b 8f       	std	Y+27, r25	; 0x1b
    2316:	8a 8f       	std	Y+26, r24	; 0x1a
    2318:	8a 8d       	ldd	r24, Y+26	; 0x1a
    231a:	9b 8d       	ldd	r25, Y+27	; 0x1b
    231c:	01 97       	sbiw	r24, 0x01	; 1
    231e:	f1 f7       	brne	.-4      	; 0x231c <LCD_init+0x406>
    2320:	9b 8f       	std	Y+27, r25	; 0x1b
    2322:	8a 8f       	std	Y+26, r24	; 0x1a
    2324:	0f c0       	rjmp	.+30     	; 0x2344 <LCD_init+0x42e>
	{
		_delay_ms(__us / 1000.0);
		return;
	}
	else
		__ticks = (uint8_t)__tmp;
    2326:	69 a5       	ldd	r22, Y+41	; 0x29
    2328:	7a a5       	ldd	r23, Y+42	; 0x2a
    232a:	8b a5       	ldd	r24, Y+43	; 0x2b
    232c:	9c a5       	ldd	r25, Y+44	; 0x2c
    232e:	0e 94 49 00 	call	0x92	; 0x92 <__fixunssfsi>
    2332:	dc 01       	movw	r26, r24
    2334:	cb 01       	movw	r24, r22
    2336:	88 a7       	std	Y+40, r24	; 0x28
    2338:	88 a5       	ldd	r24, Y+40	; 0x28
    233a:	89 8f       	std	Y+25, r24	; 0x19
    can be achieved.
*/
void
_delay_loop_1(uint8_t __count)
{
	__asm__ volatile (
    233c:	89 8d       	ldd	r24, Y+25	; 0x19
    233e:	8a 95       	dec	r24
    2340:	f1 f7       	brne	.-4      	; 0x233e <LCD_init+0x428>
    2342:	89 8f       	std	Y+25, r24	; 0x19
    _delay_us(150);
    LCD_sendNibble(0x03U);
    2344:	83 e0       	ldi	r24, 0x03	; 3
    2346:	0e 94 33 0e 	call	0x1c66	; 0x1c66 <LCD_sendNibble>
    234a:	80 e0       	ldi	r24, 0x00	; 0
    234c:	90 e0       	ldi	r25, 0x00	; 0
    234e:	a6 e1       	ldi	r26, 0x16	; 22
    2350:	b3 e4       	ldi	r27, 0x43	; 67
    2352:	8d 8b       	std	Y+21, r24	; 0x15
    2354:	9e 8b       	std	Y+22, r25	; 0x16
    2356:	af 8b       	std	Y+23, r26	; 0x17
    2358:	b8 8f       	std	Y+24, r27	; 0x18
 */
void
_delay_us(double __us)
{
	uint8_t __ticks;
	double __tmp = ((F_CPU) / 3e6) * __us;
    235a:	6d 89       	ldd	r22, Y+21	; 0x15
    235c:	7e 89       	ldd	r23, Y+22	; 0x16
    235e:	8f 89       	ldd	r24, Y+23	; 0x17
    2360:	98 8d       	ldd	r25, Y+24	; 0x18
    2362:	2b ea       	ldi	r18, 0xAB	; 171
    2364:	3a ea       	ldi	r19, 0xAA	; 170
    2366:	4a e2       	ldi	r20, 0x2A	; 42
    2368:	50 e4       	ldi	r21, 0x40	; 64
    236a:	0e 94 1f 02 	call	0x43e	; 0x43e <__mulsf3>
    236e:	dc 01       	movw	r26, r24
    2370:	cb 01       	movw	r24, r22
    2372:	89 8b       	std	Y+17, r24	; 0x11
    2374:	9a 8b       	std	Y+18, r25	; 0x12
    2376:	ab 8b       	std	Y+19, r26	; 0x13
    2378:	bc 8b       	std	Y+20, r27	; 0x14
	if (__tmp < 1.0)
    237a:	69 89       	ldd	r22, Y+17	; 0x11
    237c:	7a 89       	ldd	r23, Y+18	; 0x12
    237e:	8b 89       	ldd	r24, Y+19	; 0x13
    2380:	9c 89       	ldd	r25, Y+20	; 0x14
    2382:	20 e0       	ldi	r18, 0x00	; 0
    2384:	30 e0       	ldi	r19, 0x00	; 0
    2386:	40 e8       	ldi	r20, 0x80	; 128
    2388:	5f e3       	ldi	r21, 0x3F	; 63
    238a:	0e 94 25 04 	call	0x84a	; 0x84a <__ltsf2>
    238e:	88 23       	and	r24, r24
    2390:	1c f4       	brge	.+6      	; 0x2398 <LCD_init+0x482>
		__ticks = 1;
    2392:	81 e0       	ldi	r24, 0x01	; 1
    2394:	88 8b       	std	Y+16, r24	; 0x10
    2396:	91 c0       	rjmp	.+290    	; 0x24ba <LCD_init+0x5a4>
	else if (__tmp > 255)
    2398:	69 89       	ldd	r22, Y+17	; 0x11
    239a:	7a 89       	ldd	r23, Y+18	; 0x12
    239c:	8b 89       	ldd	r24, Y+19	; 0x13
    239e:	9c 89       	ldd	r25, Y+20	; 0x14
    23a0:	20 e0       	ldi	r18, 0x00	; 0
    23a2:	30 e0       	ldi	r19, 0x00	; 0
    23a4:	4f e7       	ldi	r20, 0x7F	; 127
    23a6:	53 e4       	ldi	r21, 0x43	; 67
    23a8:	0e 94 c5 03 	call	0x78a	; 0x78a <__gtsf2>
    23ac:	18 16       	cp	r1, r24
    23ae:	0c f0       	brlt	.+2      	; 0x23b2 <LCD_init+0x49c>
    23b0:	7b c0       	rjmp	.+246    	; 0x24a8 <LCD_init+0x592>
	{
		_delay_ms(__us / 1000.0);
    23b2:	6d 89       	ldd	r22, Y+21	; 0x15
    23b4:	7e 89       	ldd	r23, Y+22	; 0x16
    23b6:	8f 89       	ldd	r24, Y+23	; 0x17
    23b8:	98 8d       	ldd	r25, Y+24	; 0x18
    23ba:	20 e0       	ldi	r18, 0x00	; 0
    23bc:	30 e0       	ldi	r19, 0x00	; 0
    23be:	4a e7       	ldi	r20, 0x7A	; 122
    23c0:	54 e4       	ldi	r21, 0x44	; 68
    23c2:	0e 94 19 03 	call	0x632	; 0x632 <__divsf3>
    23c6:	dc 01       	movw	r26, r24
    23c8:	cb 01       	movw	r24, r22
    23ca:	8c 87       	std	Y+12, r24	; 0x0c
    23cc:	9d 87       	std	Y+13, r25	; 0x0d
    23ce:	ae 87       	std	Y+14, r26	; 0x0e
    23d0:	bf 87       	std	Y+15, r27	; 0x0f
 */
void
_delay_ms(double __ms)
{
	uint16_t __ticks;
	double __tmp = ((F_CPU) / 4e3) * __ms;
    23d2:	6c 85       	ldd	r22, Y+12	; 0x0c
    23d4:	7d 85       	ldd	r23, Y+13	; 0x0d
    23d6:	8e 85       	ldd	r24, Y+14	; 0x0e
    23d8:	9f 85       	ldd	r25, Y+15	; 0x0f
    23da:	20 e0       	ldi	r18, 0x00	; 0
    23dc:	30 e0       	ldi	r19, 0x00	; 0
    23de:	4a ef       	ldi	r20, 0xFA	; 250
    23e0:	54 e4       	ldi	r21, 0x44	; 68
    23e2:	0e 94 1f 02 	call	0x43e	; 0x43e <__mulsf3>
    23e6:	dc 01       	movw	r26, r24
    23e8:	cb 01       	movw	r24, r22
    23ea:	88 87       	std	Y+8, r24	; 0x08
    23ec:	99 87       	std	Y+9, r25	; 0x09
    23ee:	aa 87       	std	Y+10, r26	; 0x0a
    23f0:	bb 87       	std	Y+11, r27	; 0x0b
	if (__tmp < 1.0)
    23f2:	68 85       	ldd	r22, Y+8	; 0x08
    23f4:	79 85       	ldd	r23, Y+9	; 0x09
    23f6:	8a 85       	ldd	r24, Y+10	; 0x0a
    23f8:	9b 85       	ldd	r25, Y+11	; 0x0b
    23fa:	20 e0       	ldi	r18, 0x00	; 0
    23fc:	30 e0       	ldi	r19, 0x00	; 0
    23fe:	40 e8       	ldi	r20, 0x80	; 128
    2400:	5f e3       	ldi	r21, 0x3F	; 63
    2402:	0e 94 25 04 	call	0x84a	; 0x84a <__ltsf2>
    2406:	88 23       	and	r24, r24
    2408:	2c f4       	brge	.+10     	; 0x2414 <LCD_init+0x4fe>
		__ticks = 1;
    240a:	81 e0       	ldi	r24, 0x01	; 1
    240c:	90 e0       	ldi	r25, 0x00	; 0
    240e:	9f 83       	std	Y+7, r25	; 0x07
    2410:	8e 83       	std	Y+6, r24	; 0x06
    2412:	3f c0       	rjmp	.+126    	; 0x2492 <LCD_init+0x57c>
	else if (__tmp > 65535)
    2414:	68 85       	ldd	r22, Y+8	; 0x08
    2416:	79 85       	ldd	r23, Y+9	; 0x09
    2418:	8a 85       	ldd	r24, Y+10	; 0x0a
    241a:	9b 85       	ldd	r25, Y+11	; 0x0b
    241c:	20 e0       	ldi	r18, 0x00	; 0
    241e:	3f ef       	ldi	r19, 0xFF	; 255
    2420:	4f e7       	ldi	r20, 0x7F	; 127
    2422:	57 e4       	ldi	r21, 0x47	; 71
    2424:	0e 94 c5 03 	call	0x78a	; 0x78a <__gtsf2>
    2428:	18 16       	cp	r1, r24
    242a:	4c f5       	brge	.+82     	; 0x247e <LCD_init+0x568>
	{
		//	__ticks = requested delay in 1/10 ms
		__ticks = (uint16_t) (__ms * 10.0);
    242c:	6c 85       	ldd	r22, Y+12	; 0x0c
    242e:	7d 85       	ldd	r23, Y+13	; 0x0d
    2430:	8e 85       	ldd	r24, Y+14	; 0x0e
    2432:	9f 85       	ldd	r25, Y+15	; 0x0f
    2434:	20 e0       	ldi	r18, 0x00	; 0
    2436:	30 e0       	ldi	r19, 0x00	; 0
    2438:	40 e2       	ldi	r20, 0x20	; 32
    243a:	51 e4       	ldi	r21, 0x41	; 65
    243c:	0e 94 1f 02 	call	0x43e	; 0x43e <__mulsf3>
    2440:	dc 01       	movw	r26, r24
    2442:	cb 01       	movw	r24, r22
    2444:	bc 01       	movw	r22, r24
    2446:	cd 01       	movw	r24, r26
    2448:	0e 94 49 00 	call	0x92	; 0x92 <__fixunssfsi>
    244c:	dc 01       	movw	r26, r24
    244e:	cb 01       	movw	r24, r22
    2450:	9f 83       	std	Y+7, r25	; 0x07
    2452:	8e 83       	std	Y+6, r24	; 0x06
    2454:	0f c0       	rjmp	.+30     	; 0x2474 <LCD_init+0x55e>
    2456:	88 ec       	ldi	r24, 0xC8	; 200
    2458:	90 e0       	ldi	r25, 0x00	; 0
    245a:	9d 83       	std	Y+5, r25	; 0x05
    245c:	8c 83       	std	Y+4, r24	; 0x04
    milliseconds can be achieved.
 */
void
_delay_loop_2(uint16_t __count)
{
	__asm__ volatile (
    245e:	8c 81       	ldd	r24, Y+4	; 0x04
    2460:	9d 81       	ldd	r25, Y+5	; 0x05
    2462:	01 97       	sbiw	r24, 0x01	; 1
    2464:	f1 f7       	brne	.-4      	; 0x2462 <LCD_init+0x54c>
    2466:	9d 83       	std	Y+5, r25	; 0x05
    2468:	8c 83       	std	Y+4, r24	; 0x04
		while(__ticks)
		{
			// wait 1/10 ms
			_delay_loop_2(((F_CPU) / 4e3) / 10);
			__ticks --;
    246a:	8e 81       	ldd	r24, Y+6	; 0x06
    246c:	9f 81       	ldd	r25, Y+7	; 0x07
    246e:	01 97       	sbiw	r24, 0x01	; 1
    2470:	9f 83       	std	Y+7, r25	; 0x07
    2472:	8e 83       	std	Y+6, r24	; 0x06
		__ticks = 1;
	else if (__tmp > 65535)
	{
		//	__ticks = requested delay in 1/10 ms
		__ticks = (uint16_t) (__ms * 10.0);
		while(__ticks)
    2474:	8e 81       	ldd	r24, Y+6	; 0x06
    2476:	9f 81       	ldd	r25, Y+7	; 0x07
    2478:	00 97       	sbiw	r24, 0x00	; 0
    247a:	69 f7       	brne	.-38     	; 0x2456 <LCD_init+0x540>
    247c:	24 c0       	rjmp	.+72     	; 0x24c6 <LCD_init+0x5b0>
			__ticks --;
		}
		return;
	}
	else
		__ticks = (uint16_t)__tmp;
    247e:	68 85       	ldd	r22, Y+8	; 0x08
    2480:	79 85       	ldd	r23, Y+9	; 0x09
    2482:	8a 85       	ldd	r24, Y+10	; 0x0a
    2484:	9b 85       	ldd	r25, Y+11	; 0x0b
    2486:	0e 94 49 00 	call	0x92	; 0x92 <__fixunssfsi>
    248a:	dc 01       	movw	r26, r24
    248c:	cb 01       	movw	r24, r22
    248e:	9f 83       	std	Y+7, r25	; 0x07
    2490:	8e 83       	std	Y+6, r24	; 0x06
    2492:	8e 81       	ldd	r24, Y+6	; 0x06
    2494:	9f 81       	ldd	r25, Y+7	; 0x07
    2496:	9b 83       	std	Y+3, r25	; 0x03
    2498:	8a 83       	std	Y+2, r24	; 0x02
    249a:	8a 81       	ldd	r24, Y+2	; 0x02
    249c:	9b 81       	ldd	r25, Y+3	; 0x03
    249e:	01 97       	sbiw	r24, 0x01	; 1
    24a0:	f1 f7       	brne	.-4      	; 0x249e <LCD_init+0x588>
    24a2:	9b 83       	std	Y+3, r25	; 0x03
    24a4:	8a 83       	std	Y+2, r24	; 0x02
    24a6:	0f c0       	rjmp	.+30     	; 0x24c6 <LCD_init+0x5b0>
	{
		_delay_ms(__us / 1000.0);
		return;
	}
	else
		__ticks = (uint8_t)__tmp;
    24a8:	69 89       	ldd	r22, Y+17	; 0x11
    24aa:	7a 89       	ldd	r23, Y+18	; 0x12
    24ac:	8b 89       	ldd	r24, Y+19	; 0x13
    24ae:	9c 89       	ldd	r25, Y+20	; 0x14
    24b0:	0e 94 49 00 	call	0x92	; 0x92 <__fixunssfsi>
    24b4:	dc 01       	movw	r26, r24
    24b6:	cb 01       	movw	r24, r22
    24b8:	88 8b       	std	Y+16, r24	; 0x10
    24ba:	88 89       	ldd	r24, Y+16	; 0x10
    24bc:	89 83       	std	Y+1, r24	; 0x01
    can be achieved.
*/
void
_delay_loop_1(uint8_t __count)
{
	__asm__ volatile (
    24be:	89 81       	ldd	r24, Y+1	; 0x01
    24c0:	8a 95       	dec	r24
    24c2:	f1 f7       	brne	.-4      	; 0x24c0 <LCD_init+0x5aa>
    24c4:	89 83       	std	Y+1, r24	; 0x01
    _delay_us(150);
    LCD_sendNibble(0x02U);
    24c6:	82 e0       	ldi	r24, 0x02	; 2
    24c8:	0e 94 33 0e 	call	0x1c66	; 0x1c66 <LCD_sendNibble>

    LCD_sendCommand(0x28U);
    24cc:	88 e2       	ldi	r24, 0x28	; 40
    24ce:	0e 94 65 0e 	call	0x1cca	; 0x1cca <LCD_sendCommand>
    LCD_sendCommand(0x0CU);
    24d2:	8c e0       	ldi	r24, 0x0C	; 12
    24d4:	0e 94 65 0e 	call	0x1cca	; 0x1cca <LCD_sendCommand>
    LCD_sendCommand(0x06U);
    24d8:	86 e0       	ldi	r24, 0x06	; 6
    24da:	0e 94 65 0e 	call	0x1cca	; 0x1cca <LCD_sendCommand>
    LCD_clear();
    24de:	0e 94 77 0f 	call	0x1eee	; 0x1eee <LCD_clear>
    24e2:	c4 5b       	subi	r28, 0xB4	; 180
    24e4:	df 4f       	sbci	r29, 0xFF	; 255
    24e6:	0f b6       	in	r0, 0x3f	; 63
    24e8:	f8 94       	cli
    24ea:	de bf       	out	0x3e, r29	; 62
    24ec:	0f be       	out	0x3f, r0	; 63
    24ee:	cd bf       	out	0x3d, r28	; 61
    24f0:	cf 91       	pop	r28
    24f2:	df 91       	pop	r29
    24f4:	1f 91       	pop	r17
    24f6:	0f 91       	pop	r16
    24f8:	08 95       	ret

000024fa <Keypad_scan>:

#include "../../mcal/dio/dio_interface.h"
#include "../../config.h"

static char Keypad_scan(void)
{
    24fa:	df 93       	push	r29
    24fc:	cf 93       	push	r28
    24fe:	cd b7       	in	r28, 0x3d	; 61
    2500:	de b7       	in	r29, 0x3e	; 62
    2502:	6b 97       	sbiw	r28, 0x1b	; 27
    2504:	0f b6       	in	r0, 0x3f	; 63
    2506:	f8 94       	cli
    2508:	de bf       	out	0x3e, r29	; 62
    250a:	0f be       	out	0x3f, r0	; 63
    250c:	cd bf       	out	0x3d, r28	; 61
    };

    uint8 row;
    uint8 column;

    for (row = 0U; row < 4U; row++)
    250e:	1a 8e       	std	Y+26, r1	; 0x1a
    2510:	0a c1       	rjmp	.+532    	; 0x2726 <Keypad_scan+0x22c>
    {
        DIO_setPortValue(DIO_PORTB_ID, 0xFFU);
    2512:	81 e0       	ldi	r24, 0x01	; 1
    2514:	6f ef       	ldi	r22, 0xFF	; 255
    2516:	0e 94 18 0a 	call	0x1430	; 0x1430 <DIO_setPortValue>
        DIO_setPinValue(DIO_PORTB_ID, rowPins[row], 0U);
    251a:	8a 8d       	ldd	r24, Y+26	; 0x1a
    251c:	88 2f       	mov	r24, r24
    251e:	90 e0       	ldi	r25, 0x00	; 0
    2520:	fc 01       	movw	r30, r24
    2522:	e8 5d       	subi	r30, 0xD8	; 216
    2524:	fe 4f       	sbci	r31, 0xFE	; 254
    2526:	90 81       	ld	r25, Z
    2528:	81 e0       	ldi	r24, 0x01	; 1
    252a:	69 2f       	mov	r22, r25
    252c:	40 e0       	ldi	r20, 0x00	; 0
    252e:	0e 94 6c 09 	call	0x12d8	; 0x12d8 <DIO_setPinValue>
    2532:	80 e0       	ldi	r24, 0x00	; 0
    2534:	90 e0       	ldi	r25, 0x00	; 0
    2536:	a0 e0       	ldi	r26, 0x00	; 0
    2538:	b0 e4       	ldi	r27, 0x40	; 64
    253a:	8d 8b       	std	Y+21, r24	; 0x15
    253c:	9e 8b       	std	Y+22, r25	; 0x16
    253e:	af 8b       	std	Y+23, r26	; 0x17
    2540:	b8 8f       	std	Y+24, r27	; 0x18
 */
void
_delay_us(double __us)
{
	uint8_t __ticks;
	double __tmp = ((F_CPU) / 3e6) * __us;
    2542:	6d 89       	ldd	r22, Y+21	; 0x15
    2544:	7e 89       	ldd	r23, Y+22	; 0x16
    2546:	8f 89       	ldd	r24, Y+23	; 0x17
    2548:	98 8d       	ldd	r25, Y+24	; 0x18
    254a:	2b ea       	ldi	r18, 0xAB	; 171
    254c:	3a ea       	ldi	r19, 0xAA	; 170
    254e:	4a e2       	ldi	r20, 0x2A	; 42
    2550:	50 e4       	ldi	r21, 0x40	; 64
    2552:	0e 94 1f 02 	call	0x43e	; 0x43e <__mulsf3>
    2556:	dc 01       	movw	r26, r24
    2558:	cb 01       	movw	r24, r22
    255a:	89 8b       	std	Y+17, r24	; 0x11
    255c:	9a 8b       	std	Y+18, r25	; 0x12
    255e:	ab 8b       	std	Y+19, r26	; 0x13
    2560:	bc 8b       	std	Y+20, r27	; 0x14
	if (__tmp < 1.0)
    2562:	69 89       	ldd	r22, Y+17	; 0x11
    2564:	7a 89       	ldd	r23, Y+18	; 0x12
    2566:	8b 89       	ldd	r24, Y+19	; 0x13
    2568:	9c 89       	ldd	r25, Y+20	; 0x14
    256a:	20 e0       	ldi	r18, 0x00	; 0
    256c:	30 e0       	ldi	r19, 0x00	; 0
    256e:	40 e8       	ldi	r20, 0x80	; 128
    2570:	5f e3       	ldi	r21, 0x3F	; 63
    2572:	0e 94 25 04 	call	0x84a	; 0x84a <__ltsf2>
    2576:	88 23       	and	r24, r24
    2578:	1c f4       	brge	.+6      	; 0x2580 <Keypad_scan+0x86>
		__ticks = 1;
    257a:	81 e0       	ldi	r24, 0x01	; 1
    257c:	88 8b       	std	Y+16, r24	; 0x10
    257e:	91 c0       	rjmp	.+290    	; 0x26a2 <Keypad_scan+0x1a8>
	else if (__tmp > 255)
    2580:	69 89       	ldd	r22, Y+17	; 0x11
    2582:	7a 89       	ldd	r23, Y+18	; 0x12
    2584:	8b 89       	ldd	r24, Y+19	; 0x13
    2586:	9c 89       	ldd	r25, Y+20	; 0x14
    2588:	20 e0       	ldi	r18, 0x00	; 0
    258a:	30 e0       	ldi	r19, 0x00	; 0
    258c:	4f e7       	ldi	r20, 0x7F	; 127
    258e:	53 e4       	ldi	r21, 0x43	; 67
    2590:	0e 94 c5 03 	call	0x78a	; 0x78a <__gtsf2>
    2594:	18 16       	cp	r1, r24
    2596:	0c f0       	brlt	.+2      	; 0x259a <Keypad_scan+0xa0>
    2598:	7b c0       	rjmp	.+246    	; 0x2690 <Keypad_scan+0x196>
	{
		_delay_ms(__us / 1000.0);
    259a:	6d 89       	ldd	r22, Y+21	; 0x15
    259c:	7e 89       	ldd	r23, Y+22	; 0x16
    259e:	8f 89       	ldd	r24, Y+23	; 0x17
    25a0:	98 8d       	ldd	r25, Y+24	; 0x18
    25a2:	20 e0       	ldi	r18, 0x00	; 0
    25a4:	30 e0       	ldi	r19, 0x00	; 0
    25a6:	4a e7       	ldi	r20, 0x7A	; 122
    25a8:	54 e4       	ldi	r21, 0x44	; 68
    25aa:	0e 94 19 03 	call	0x632	; 0x632 <__divsf3>
    25ae:	dc 01       	movw	r26, r24
    25b0:	cb 01       	movw	r24, r22
    25b2:	8c 87       	std	Y+12, r24	; 0x0c
    25b4:	9d 87       	std	Y+13, r25	; 0x0d
    25b6:	ae 87       	std	Y+14, r26	; 0x0e
    25b8:	bf 87       	std	Y+15, r27	; 0x0f
 */
void
_delay_ms(double __ms)
{
	uint16_t __ticks;
	double __tmp = ((F_CPU) / 4e3) * __ms;
    25ba:	6c 85       	ldd	r22, Y+12	; 0x0c
    25bc:	7d 85       	ldd	r23, Y+13	; 0x0d
    25be:	8e 85       	ldd	r24, Y+14	; 0x0e
    25c0:	9f 85       	ldd	r25, Y+15	; 0x0f
    25c2:	20 e0       	ldi	r18, 0x00	; 0
    25c4:	30 e0       	ldi	r19, 0x00	; 0
    25c6:	4a ef       	ldi	r20, 0xFA	; 250
    25c8:	54 e4       	ldi	r21, 0x44	; 68
    25ca:	0e 94 1f 02 	call	0x43e	; 0x43e <__mulsf3>
    25ce:	dc 01       	movw	r26, r24
    25d0:	cb 01       	movw	r24, r22
    25d2:	88 87       	std	Y+8, r24	; 0x08
    25d4:	99 87       	std	Y+9, r25	; 0x09
    25d6:	aa 87       	std	Y+10, r26	; 0x0a
    25d8:	bb 87       	std	Y+11, r27	; 0x0b
	if (__tmp < 1.0)
    25da:	68 85       	ldd	r22, Y+8	; 0x08
    25dc:	79 85       	ldd	r23, Y+9	; 0x09
    25de:	8a 85       	ldd	r24, Y+10	; 0x0a
    25e0:	9b 85       	ldd	r25, Y+11	; 0x0b
    25e2:	20 e0       	ldi	r18, 0x00	; 0
    25e4:	30 e0       	ldi	r19, 0x00	; 0
    25e6:	40 e8       	ldi	r20, 0x80	; 128
    25e8:	5f e3       	ldi	r21, 0x3F	; 63
    25ea:	0e 94 25 04 	call	0x84a	; 0x84a <__ltsf2>
    25ee:	88 23       	and	r24, r24
    25f0:	2c f4       	brge	.+10     	; 0x25fc <Keypad_scan+0x102>
		__ticks = 1;
    25f2:	81 e0       	ldi	r24, 0x01	; 1
    25f4:	90 e0       	ldi	r25, 0x00	; 0
    25f6:	9f 83       	std	Y+7, r25	; 0x07
    25f8:	8e 83       	std	Y+6, r24	; 0x06
    25fa:	3f c0       	rjmp	.+126    	; 0x267a <Keypad_scan+0x180>
	else if (__tmp > 65535)
    25fc:	68 85       	ldd	r22, Y+8	; 0x08
    25fe:	79 85       	ldd	r23, Y+9	; 0x09
    2600:	8a 85       	ldd	r24, Y+10	; 0x0a
    2602:	9b 85       	ldd	r25, Y+11	; 0x0b
    2604:	20 e0       	ldi	r18, 0x00	; 0
    2606:	3f ef       	ldi	r19, 0xFF	; 255
    2608:	4f e7       	ldi	r20, 0x7F	; 127
    260a:	57 e4       	ldi	r21, 0x47	; 71
    260c:	0e 94 c5 03 	call	0x78a	; 0x78a <__gtsf2>
    2610:	18 16       	cp	r1, r24
    2612:	4c f5       	brge	.+82     	; 0x2666 <Keypad_scan+0x16c>
	{
		//	__ticks = requested delay in 1/10 ms
		__ticks = (uint16_t) (__ms * 10.0);
    2614:	6c 85       	ldd	r22, Y+12	; 0x0c
    2616:	7d 85       	ldd	r23, Y+13	; 0x0d
    2618:	8e 85       	ldd	r24, Y+14	; 0x0e
    261a:	9f 85       	ldd	r25, Y+15	; 0x0f
    261c:	20 e0       	ldi	r18, 0x00	; 0
    261e:	30 e0       	ldi	r19, 0x00	; 0
    2620:	40 e2       	ldi	r20, 0x20	; 32
    2622:	51 e4       	ldi	r21, 0x41	; 65
    2624:	0e 94 1f 02 	call	0x43e	; 0x43e <__mulsf3>
    2628:	dc 01       	movw	r26, r24
    262a:	cb 01       	movw	r24, r22
    262c:	bc 01       	movw	r22, r24
    262e:	cd 01       	movw	r24, r26
    2630:	0e 94 49 00 	call	0x92	; 0x92 <__fixunssfsi>
    2634:	dc 01       	movw	r26, r24
    2636:	cb 01       	movw	r24, r22
    2638:	9f 83       	std	Y+7, r25	; 0x07
    263a:	8e 83       	std	Y+6, r24	; 0x06
    263c:	0f c0       	rjmp	.+30     	; 0x265c <Keypad_scan+0x162>
    263e:	88 ec       	ldi	r24, 0xC8	; 200
    2640:	90 e0       	ldi	r25, 0x00	; 0
    2642:	9d 83       	std	Y+5, r25	; 0x05
    2644:	8c 83       	std	Y+4, r24	; 0x04
    milliseconds can be achieved.
 */
void
_delay_loop_2(uint16_t __count)
{
	__asm__ volatile (
    2646:	8c 81       	ldd	r24, Y+4	; 0x04
    2648:	9d 81       	ldd	r25, Y+5	; 0x05
    264a:	01 97       	sbiw	r24, 0x01	; 1
    264c:	f1 f7       	brne	.-4      	; 0x264a <Keypad_scan+0x150>
    264e:	9d 83       	std	Y+5, r25	; 0x05
    2650:	8c 83       	std	Y+4, r24	; 0x04
		while(__ticks)
		{
			// wait 1/10 ms
			_delay_loop_2(((F_CPU) / 4e3) / 10);
			__ticks --;
    2652:	8e 81       	ldd	r24, Y+6	; 0x06
    2654:	9f 81       	ldd	r25, Y+7	; 0x07
    2656:	01 97       	sbiw	r24, 0x01	; 1
    2658:	9f 83       	std	Y+7, r25	; 0x07
    265a:	8e 83       	std	Y+6, r24	; 0x06
		__ticks = 1;
	else if (__tmp > 65535)
	{
		//	__ticks = requested delay in 1/10 ms
		__ticks = (uint16_t) (__ms * 10.0);
		while(__ticks)
    265c:	8e 81       	ldd	r24, Y+6	; 0x06
    265e:	9f 81       	ldd	r25, Y+7	; 0x07
    2660:	00 97       	sbiw	r24, 0x00	; 0
    2662:	69 f7       	brne	.-38     	; 0x263e <Keypad_scan+0x144>
    2664:	24 c0       	rjmp	.+72     	; 0x26ae <Keypad_scan+0x1b4>
			__ticks --;
		}
		return;
	}
	else
		__ticks = (uint16_t)__tmp;
    2666:	68 85       	ldd	r22, Y+8	; 0x08
    2668:	79 85       	ldd	r23, Y+9	; 0x09
    266a:	8a 85       	ldd	r24, Y+10	; 0x0a
    266c:	9b 85       	ldd	r25, Y+11	; 0x0b
    266e:	0e 94 49 00 	call	0x92	; 0x92 <__fixunssfsi>
    2672:	dc 01       	movw	r26, r24
    2674:	cb 01       	movw	r24, r22
    2676:	9f 83       	std	Y+7, r25	; 0x07
    2678:	8e 83       	std	Y+6, r24	; 0x06
    267a:	8e 81       	ldd	r24, Y+6	; 0x06
    267c:	9f 81       	ldd	r25, Y+7	; 0x07
    267e:	9b 83       	std	Y+3, r25	; 0x03
    2680:	8a 83       	std	Y+2, r24	; 0x02
    2682:	8a 81       	ldd	r24, Y+2	; 0x02
    2684:	9b 81       	ldd	r25, Y+3	; 0x03
    2686:	01 97       	sbiw	r24, 0x01	; 1
    2688:	f1 f7       	brne	.-4      	; 0x2686 <Keypad_scan+0x18c>
    268a:	9b 83       	std	Y+3, r25	; 0x03
    268c:	8a 83       	std	Y+2, r24	; 0x02
    268e:	0f c0       	rjmp	.+30     	; 0x26ae <Keypad_scan+0x1b4>
	{
		_delay_ms(__us / 1000.0);
		return;
	}
	else
		__ticks = (uint8_t)__tmp;
    2690:	69 89       	ldd	r22, Y+17	; 0x11
    2692:	7a 89       	ldd	r23, Y+18	; 0x12
    2694:	8b 89       	ldd	r24, Y+19	; 0x13
    2696:	9c 89       	ldd	r25, Y+20	; 0x14
    2698:	0e 94 49 00 	call	0x92	; 0x92 <__fixunssfsi>
    269c:	dc 01       	movw	r26, r24
    269e:	cb 01       	movw	r24, r22
    26a0:	88 8b       	std	Y+16, r24	; 0x10
    26a2:	88 89       	ldd	r24, Y+16	; 0x10
    26a4:	89 83       	std	Y+1, r24	; 0x01
    can be achieved.
*/
void
_delay_loop_1(uint8_t __count)
{
	__asm__ volatile (
    26a6:	89 81       	ldd	r24, Y+1	; 0x01
    26a8:	8a 95       	dec	r24
    26aa:	f1 f7       	brne	.-4      	; 0x26a8 <Keypad_scan+0x1ae>
    26ac:	89 83       	std	Y+1, r24	; 0x01
        _delay_us(2);

        for (column = 0U; column < 4U; column++)
    26ae:	19 8e       	std	Y+25, r1	; 0x19
    26b0:	34 c0       	rjmp	.+104    	; 0x271a <Keypad_scan+0x220>
        {
            if (BIT_IS_CLEAR(KEYPAD_PIN, columnPins[column]))
    26b2:	e6 e3       	ldi	r30, 0x36	; 54
    26b4:	f0 e0       	ldi	r31, 0x00	; 0
    26b6:	80 81       	ld	r24, Z
    26b8:	28 2f       	mov	r18, r24
    26ba:	30 e0       	ldi	r19, 0x00	; 0
    26bc:	89 8d       	ldd	r24, Y+25	; 0x19
    26be:	88 2f       	mov	r24, r24
    26c0:	90 e0       	ldi	r25, 0x00	; 0
    26c2:	fc 01       	movw	r30, r24
    26c4:	ec 5d       	subi	r30, 0xDC	; 220
    26c6:	fe 4f       	sbci	r31, 0xFE	; 254
    26c8:	80 81       	ld	r24, Z
    26ca:	88 2f       	mov	r24, r24
    26cc:	90 e0       	ldi	r25, 0x00	; 0
    26ce:	a9 01       	movw	r20, r18
    26d0:	02 c0       	rjmp	.+4      	; 0x26d6 <Keypad_scan+0x1dc>
    26d2:	55 95       	asr	r21
    26d4:	47 95       	ror	r20
    26d6:	8a 95       	dec	r24
    26d8:	e2 f7       	brpl	.-8      	; 0x26d2 <Keypad_scan+0x1d8>
    26da:	ca 01       	movw	r24, r20
    26dc:	81 70       	andi	r24, 0x01	; 1
    26de:	90 70       	andi	r25, 0x00	; 0
    26e0:	00 97       	sbiw	r24, 0x00	; 0
    26e2:	c1 f4       	brne	.+48     	; 0x2714 <Keypad_scan+0x21a>
            {
                return keyMap[3U - row][column];
    26e4:	8a 8d       	ldd	r24, Y+26	; 0x1a
    26e6:	28 2f       	mov	r18, r24
    26e8:	30 e0       	ldi	r19, 0x00	; 0
    26ea:	83 e0       	ldi	r24, 0x03	; 3
    26ec:	90 e0       	ldi	r25, 0x00	; 0
    26ee:	ac 01       	movw	r20, r24
    26f0:	42 1b       	sub	r20, r18
    26f2:	53 0b       	sbc	r21, r19
    26f4:	89 8d       	ldd	r24, Y+25	; 0x19
    26f6:	28 2f       	mov	r18, r24
    26f8:	30 e0       	ldi	r19, 0x00	; 0
    26fa:	ca 01       	movw	r24, r20
    26fc:	88 0f       	add	r24, r24
    26fe:	99 1f       	adc	r25, r25
    2700:	88 0f       	add	r24, r24
    2702:	99 1f       	adc	r25, r25
    2704:	82 0f       	add	r24, r18
    2706:	93 1f       	adc	r25, r19
    2708:	fc 01       	movw	r30, r24
    270a:	e4 5d       	subi	r30, 0xD4	; 212
    270c:	fe 4f       	sbci	r31, 0xFE	; 254
    270e:	50 81       	ld	r21, Z
    2710:	5b 8f       	std	Y+27, r21	; 0x1b
    2712:	0e c0       	rjmp	.+28     	; 0x2730 <Keypad_scan+0x236>
    {
        DIO_setPortValue(DIO_PORTB_ID, 0xFFU);
        DIO_setPinValue(DIO_PORTB_ID, rowPins[row], 0U);
        _delay_us(2);

        for (column = 0U; column < 4U; column++)
    2714:	89 8d       	ldd	r24, Y+25	; 0x19
    2716:	8f 5f       	subi	r24, 0xFF	; 255
    2718:	89 8f       	std	Y+25, r24	; 0x19
    271a:	89 8d       	ldd	r24, Y+25	; 0x19
    271c:	84 30       	cpi	r24, 0x04	; 4
    271e:	48 f2       	brcs	.-110    	; 0x26b2 <Keypad_scan+0x1b8>
    };

    uint8 row;
    uint8 column;

    for (row = 0U; row < 4U; row++)
    2720:	8a 8d       	ldd	r24, Y+26	; 0x1a
    2722:	8f 5f       	subi	r24, 0xFF	; 255
    2724:	8a 8f       	std	Y+26, r24	; 0x1a
    2726:	8a 8d       	ldd	r24, Y+26	; 0x1a
    2728:	84 30       	cpi	r24, 0x04	; 4
    272a:	08 f4       	brcc	.+2      	; 0x272e <Keypad_scan+0x234>
    272c:	f2 ce       	rjmp	.-540    	; 0x2512 <Keypad_scan+0x18>
                return keyMap[3U - row][column];
            }
        }
    }

    return 0;
    272e:	1b 8e       	std	Y+27, r1	; 0x1b
    2730:	8b 8d       	ldd	r24, Y+27	; 0x1b
}
    2732:	6b 96       	adiw	r28, 0x1b	; 27
    2734:	0f b6       	in	r0, 0x3f	; 63
    2736:	f8 94       	cli
    2738:	de bf       	out	0x3e, r29	; 62
    273a:	0f be       	out	0x3f, r0	; 63
    273c:	cd bf       	out	0x3d, r28	; 61
    273e:	cf 91       	pop	r28
    2740:	df 91       	pop	r29
    2742:	08 95       	ret

00002744 <Keypad_init>:

void Keypad_init(void)
{
    2744:	df 93       	push	r29
    2746:	cf 93       	push	r28
    2748:	cd b7       	in	r28, 0x3d	; 61
    274a:	de b7       	in	r29, 0x3e	; 62
    DIO_setPortDirection(DIO_PORTB_ID, 0x0FU);
    274c:	81 e0       	ldi	r24, 0x01	; 1
    274e:	6f e0       	ldi	r22, 0x0F	; 15
    2750:	0e 94 06 0a 	call	0x140c	; 0x140c <DIO_setPortDirection>
    DIO_setPortValue(DIO_PORTB_ID, 0xFFU);
    2754:	81 e0       	ldi	r24, 0x01	; 1
    2756:	6f ef       	ldi	r22, 0xFF	; 255
    2758:	0e 94 18 0a 	call	0x1430	; 0x1430 <DIO_setPortValue>
}
    275c:	cf 91       	pop	r28
    275e:	df 91       	pop	r29
    2760:	08 95       	ret

00002762 <Keypad_getKey>:

char Keypad_getKey(void)
{
    2762:	df 93       	push	r29
    2764:	cf 93       	push	r28
    2766:	00 d0       	rcall	.+0      	; 0x2768 <Keypad_getKey+0x6>
    2768:	cd b7       	in	r28, 0x3d	; 61
    276a:	de b7       	in	r29, 0x3e	; 62
    static char lastSample = 0;
    static char lockedKey = 0;
    static uint8 stableCount = 0U;
    char current = Keypad_scan();
    276c:	0e 94 7d 12 	call	0x24fa	; 0x24fa <Keypad_scan>
    2770:	89 83       	std	Y+1, r24	; 0x01

    if (current == lastSample)
    2772:	90 91 70 01 	lds	r25, 0x0170
    2776:	89 81       	ldd	r24, Y+1	; 0x01
    2778:	89 17       	cp	r24, r25
    277a:	51 f4       	brne	.+20     	; 0x2790 <Keypad_getKey+0x2e>
    {
        if (stableCount < 3U)
    277c:	80 91 6e 01 	lds	r24, 0x016E
    2780:	83 30       	cpi	r24, 0x03	; 3
    2782:	58 f4       	brcc	.+22     	; 0x279a <Keypad_getKey+0x38>
        {
            stableCount++;
    2784:	80 91 6e 01 	lds	r24, 0x016E
    2788:	8f 5f       	subi	r24, 0xFF	; 255
    278a:	80 93 6e 01 	sts	0x016E, r24
    278e:	05 c0       	rjmp	.+10     	; 0x279a <Keypad_getKey+0x38>
        }
    }
    else
    {
        lastSample = current;
    2790:	89 81       	ldd	r24, Y+1	; 0x01
    2792:	80 93 70 01 	sts	0x0170, r24
        stableCount = 0U;
    2796:	10 92 6e 01 	sts	0x016E, r1
    }

    if (lockedKey != 0)
    279a:	80 91 6f 01 	lds	r24, 0x016F
    279e:	88 23       	and	r24, r24
    27a0:	39 f0       	breq	.+14     	; 0x27b0 <Keypad_getKey+0x4e>
    {
        if (current == 0)
    27a2:	89 81       	ldd	r24, Y+1	; 0x01
    27a4:	88 23       	and	r24, r24
    27a6:	11 f4       	brne	.+4      	; 0x27ac <Keypad_getKey+0x4a>
        {
            lockedKey = 0;
    27a8:	10 92 6f 01 	sts	0x016F, r1
        }

        return 0;
    27ac:	1a 82       	std	Y+2, r1	; 0x02
    27ae:	0e c0       	rjmp	.+28     	; 0x27cc <Keypad_getKey+0x6a>
    }

    if ((current != 0) && (stableCount >= 2U))
    27b0:	89 81       	ldd	r24, Y+1	; 0x01
    27b2:	88 23       	and	r24, r24
    27b4:	51 f0       	breq	.+20     	; 0x27ca <Keypad_getKey+0x68>
    27b6:	80 91 6e 01 	lds	r24, 0x016E
    27ba:	82 30       	cpi	r24, 0x02	; 2
    27bc:	30 f0       	brcs	.+12     	; 0x27ca <Keypad_getKey+0x68>
    {
        lockedKey = current;
    27be:	89 81       	ldd	r24, Y+1	; 0x01
    27c0:	80 93 6f 01 	sts	0x016F, r24
        return current;
    27c4:	89 81       	ldd	r24, Y+1	; 0x01
    27c6:	8a 83       	std	Y+2, r24	; 0x02
    27c8:	01 c0       	rjmp	.+2      	; 0x27cc <Keypad_getKey+0x6a>
    }

    return 0;
    27ca:	1a 82       	std	Y+2, r1	; 0x02
    27cc:	8a 81       	ldd	r24, Y+2	; 0x02
    27ce:	0f 90       	pop	r0
    27d0:	0f 90       	pop	r0
    27d2:	cf 91       	pop	r28
    27d4:	df 91       	pop	r29
    27d6:	08 95       	ret

000027d8 <Buzzer_init>:
#include "../../config.h"

static volatile uint8 g_buzzerActive = 0U;

void Buzzer_init(void)
{
    27d8:	df 93       	push	r29
    27da:	cf 93       	push	r28
    27dc:	cd b7       	in	r28, 0x3d	; 61
    27de:	de b7       	in	r29, 0x3e	; 62
    SETBIT(BUZZER_DDR, BUZZER_PIN);
    27e0:	a1 e3       	ldi	r26, 0x31	; 49
    27e2:	b0 e0       	ldi	r27, 0x00	; 0
    27e4:	e1 e3       	ldi	r30, 0x31	; 49
    27e6:	f0 e0       	ldi	r31, 0x00	; 0
    27e8:	80 81       	ld	r24, Z
    27ea:	80 68       	ori	r24, 0x80	; 128
    27ec:	8c 93       	st	X, r24
    CLRBIT(BUZZER_PORT, BUZZER_PIN);
    27ee:	a2 e3       	ldi	r26, 0x32	; 50
    27f0:	b0 e0       	ldi	r27, 0x00	; 0
    27f2:	e2 e3       	ldi	r30, 0x32	; 50
    27f4:	f0 e0       	ldi	r31, 0x00	; 0
    27f6:	80 81       	ld	r24, Z
    27f8:	8f 77       	andi	r24, 0x7F	; 127
    27fa:	8c 93       	st	X, r24
}
    27fc:	cf 91       	pop	r28
    27fe:	df 91       	pop	r29
    2800:	08 95       	ret

00002802 <Buzzer_start>:

void Buzzer_start(void)
{
    2802:	df 93       	push	r29
    2804:	cf 93       	push	r28
    2806:	cd b7       	in	r28, 0x3d	; 61
    2808:	de b7       	in	r29, 0x3e	; 62
    g_buzzerActive = 1U;
    280a:	81 e0       	ldi	r24, 0x01	; 1
    280c:	80 93 71 01 	sts	0x0171, r24
    SETBIT(BUZZER_DDR, BUZZER_PIN);
    2810:	a1 e3       	ldi	r26, 0x31	; 49
    2812:	b0 e0       	ldi	r27, 0x00	; 0
    2814:	e1 e3       	ldi	r30, 0x31	; 49
    2816:	f0 e0       	ldi	r31, 0x00	; 0
    2818:	80 81       	ld	r24, Z
    281a:	80 68       	ori	r24, 0x80	; 128
    281c:	8c 93       	st	X, r24
    SETBIT(BUZZER_PORT, BUZZER_PIN);
    281e:	a2 e3       	ldi	r26, 0x32	; 50
    2820:	b0 e0       	ldi	r27, 0x00	; 0
    2822:	e2 e3       	ldi	r30, 0x32	; 50
    2824:	f0 e0       	ldi	r31, 0x00	; 0
    2826:	80 81       	ld	r24, Z
    2828:	80 68       	ori	r24, 0x80	; 128
    282a:	8c 93       	st	X, r24
}
    282c:	cf 91       	pop	r28
    282e:	df 91       	pop	r29
    2830:	08 95       	ret

00002832 <Buzzer_stop>:

void Buzzer_stop(void)
{
    2832:	df 93       	push	r29
    2834:	cf 93       	push	r28
    2836:	cd b7       	in	r28, 0x3d	; 61
    2838:	de b7       	in	r29, 0x3e	; 62
    CLRBIT(BUZZER_PORT, BUZZER_PIN);
    283a:	a2 e3       	ldi	r26, 0x32	; 50
    283c:	b0 e0       	ldi	r27, 0x00	; 0
    283e:	e2 e3       	ldi	r30, 0x32	; 50
    2840:	f0 e0       	ldi	r31, 0x00	; 0
    2842:	80 81       	ld	r24, Z
    2844:	8f 77       	andi	r24, 0x7F	; 127
    2846:	8c 93       	st	X, r24
    g_buzzerActive = 0U;
    2848:	10 92 71 01 	sts	0x0171, r1
}
    284c:	cf 91       	pop	r28
    284e:	df 91       	pop	r29
    2850:	08 95       	ret

00002852 <Buzzer_isOn>:

uint8 Buzzer_isOn(void)
{
    2852:	df 93       	push	r29
    2854:	cf 93       	push	r28
    2856:	cd b7       	in	r28, 0x3d	; 61
    2858:	de b7       	in	r29, 0x3e	; 62
    return g_buzzerActive;
    285a:	80 91 71 01 	lds	r24, 0x0171
    285e:	cf 91       	pop	r28
    2860:	df 91       	pop	r29
    2862:	08 95       	ret

00002864 <App_markScreenDirty>:
static uint32 g_inputErrorStartedAtMs = 0U;

static void App_stopBuzzer(void);

static void App_markScreenDirty(void)
{
    2864:	df 93       	push	r29
    2866:	cf 93       	push	r28
    2868:	cd b7       	in	r28, 0x3d	; 61
    286a:	de b7       	in	r29, 0x3e	; 62
    g_screenDirty = 1U;
    286c:	81 e0       	ldi	r24, 0x01	; 1
    286e:	80 93 22 01 	sts	0x0122, r24
}
    2872:	cf 91       	pop	r28
    2874:	df 91       	pop	r29
    2876:	08 95       	ret

00002878 <App_isEditMode>:

static uint8 App_isEditMode(AppMode mode)
{
    2878:	df 93       	push	r29
    287a:	cf 93       	push	r28
    287c:	00 d0       	rcall	.+0      	; 0x287e <App_isEditMode+0x6>
    287e:	cd b7       	in	r28, 0x3d	; 61
    2880:	de b7       	in	r29, 0x3e	; 62
    2882:	89 83       	std	Y+1, r24	; 0x01
    return ((mode == APP_MODE_SET_TIME) || (mode == APP_MODE_SET_DATE) || (mode == APP_MODE_EDIT_ALARM) || (mode == APP_MODE_EDIT_COUNTDOWN)) ? 1U : 0U;
    2884:	89 81       	ldd	r24, Y+1	; 0x01
    2886:	84 30       	cpi	r24, 0x04	; 4
    2888:	49 f0       	breq	.+18     	; 0x289c <App_isEditMode+0x24>
    288a:	89 81       	ldd	r24, Y+1	; 0x01
    288c:	85 30       	cpi	r24, 0x05	; 5
    288e:	31 f0       	breq	.+12     	; 0x289c <App_isEditMode+0x24>
    2890:	89 81       	ldd	r24, Y+1	; 0x01
    2892:	86 30       	cpi	r24, 0x06	; 6
    2894:	19 f0       	breq	.+6      	; 0x289c <App_isEditMode+0x24>
    2896:	89 81       	ldd	r24, Y+1	; 0x01
    2898:	87 30       	cpi	r24, 0x07	; 7
    289a:	19 f4       	brne	.+6      	; 0x28a2 <App_isEditMode+0x2a>
    289c:	81 e0       	ldi	r24, 0x01	; 1
    289e:	8a 83       	std	Y+2, r24	; 0x02
    28a0:	01 c0       	rjmp	.+2      	; 0x28a4 <App_isEditMode+0x2c>
    28a2:	1a 82       	std	Y+2, r1	; 0x02
    28a4:	8a 81       	ldd	r24, Y+2	; 0x02
}
    28a6:	0f 90       	pop	r0
    28a8:	0f 90       	pop	r0
    28aa:	cf 91       	pop	r28
    28ac:	df 91       	pop	r29
    28ae:	08 95       	ret

000028b0 <App_setInputError>:
static uint8 App_isLeapYear(uint16 year);
static uint8 App_daysInMonth(uint8 month, uint16 year);
static uint8 App_isValidDateTime(const Ds3231DateTime *dateTime);

static void App_setInputError(void)
{
    28b0:	df 93       	push	r29
    28b2:	cf 93       	push	r28
    28b4:	cd b7       	in	r28, 0x3d	; 61
    28b6:	de b7       	in	r29, 0x3e	; 62
    g_inputError = 1U;
    28b8:	81 e0       	ldi	r24, 0x01	; 1
    28ba:	80 93 99 01 	sts	0x0199, r24
    g_inputErrorStartedAtMs = Timer0_getMillis();
    28be:	0e 94 03 08 	call	0x1006	; 0x1006 <Timer0_getMillis>
    28c2:	dc 01       	movw	r26, r24
    28c4:	cb 01       	movw	r24, r22
    28c6:	80 93 9a 01 	sts	0x019A, r24
    28ca:	90 93 9b 01 	sts	0x019B, r25
    28ce:	a0 93 9c 01 	sts	0x019C, r26
    28d2:	b0 93 9d 01 	sts	0x019D, r27
    g_numericDigits = 0U;
    28d6:	10 92 75 01 	sts	0x0175, r1
    App_markScreenDirty();
    28da:	0e 94 32 14 	call	0x2864	; 0x2864 <App_markScreenDirty>
}
    28de:	cf 91       	pop	r28
    28e0:	df 91       	pop	r29
    28e2:	08 95       	ret

000028e4 <App_isInputErrorActive>:

static uint8 App_isInputErrorActive(void)
{
    28e4:	df 93       	push	r29
    28e6:	cf 93       	push	r28
    28e8:	00 d0       	rcall	.+0      	; 0x28ea <App_isInputErrorActive+0x6>
    28ea:	cd b7       	in	r28, 0x3d	; 61
    28ec:	de b7       	in	r29, 0x3e	; 62
    return (g_inputError != 0U) && ((uint32)(Timer0_getMillis() - g_inputErrorStartedAtMs) < 2000UL);
    28ee:	80 91 99 01 	lds	r24, 0x0199
    28f2:	88 23       	and	r24, r24
    28f4:	e9 f0       	breq	.+58     	; 0x2930 <App_isInputErrorActive+0x4c>
    28f6:	0e 94 03 08 	call	0x1006	; 0x1006 <Timer0_getMillis>
    28fa:	dc 01       	movw	r26, r24
    28fc:	cb 01       	movw	r24, r22
    28fe:	20 91 9a 01 	lds	r18, 0x019A
    2902:	30 91 9b 01 	lds	r19, 0x019B
    2906:	40 91 9c 01 	lds	r20, 0x019C
    290a:	50 91 9d 01 	lds	r21, 0x019D
    290e:	82 1b       	sub	r24, r18
    2910:	93 0b       	sbc	r25, r19
    2912:	a4 0b       	sbc	r26, r20
    2914:	b5 0b       	sbc	r27, r21
    2916:	80 3d       	cpi	r24, 0xD0	; 208
    2918:	27 e0       	ldi	r18, 0x07	; 7
    291a:	92 07       	cpc	r25, r18
    291c:	20 e0       	ldi	r18, 0x00	; 0
    291e:	a2 07       	cpc	r26, r18
    2920:	20 e0       	ldi	r18, 0x00	; 0
    2922:	b2 07       	cpc	r27, r18
    2924:	28 f4       	brcc	.+10     	; 0x2930 <App_isInputErrorActive+0x4c>
    2926:	81 e0       	ldi	r24, 0x01	; 1
    2928:	90 e0       	ldi	r25, 0x00	; 0
    292a:	9a 83       	std	Y+2, r25	; 0x02
    292c:	89 83       	std	Y+1, r24	; 0x01
    292e:	02 c0       	rjmp	.+4      	; 0x2934 <App_isInputErrorActive+0x50>
    2930:	1a 82       	std	Y+2, r1	; 0x02
    2932:	19 82       	std	Y+1, r1	; 0x01
    2934:	89 81       	ldd	r24, Y+1	; 0x01
}
    2936:	0f 90       	pop	r0
    2938:	0f 90       	pop	r0
    293a:	cf 91       	pop	r28
    293c:	df 91       	pop	r29
    293e:	08 95       	ret

00002940 <App_isCurrentFieldValid>:

static uint8 App_isCurrentFieldValid(void)
{
    2940:	1f 93       	push	r17
    2942:	df 93       	push	r29
    2944:	cf 93       	push	r28
    2946:	cd b7       	in	r28, 0x3d	; 61
    2948:	de b7       	in	r29, 0x3e	; 62
    294a:	2f 97       	sbiw	r28, 0x0f	; 15
    294c:	0f b6       	in	r0, 0x3f	; 63
    294e:	f8 94       	cli
    2950:	de bf       	out	0x3e, r29	; 62
    2952:	0f be       	out	0x3f, r0	; 63
    2954:	cd bf       	out	0x3d, r28	; 61
    if (g_mode == APP_MODE_SET_TIME)
    2956:	80 91 72 01 	lds	r24, 0x0172
    295a:	84 30       	cpi	r24, 0x04	; 4
    295c:	49 f5       	brne	.+82     	; 0x29b0 <App_isCurrentFieldValid+0x70>
    {
        if (g_editField == 0U) return (g_setTime.hour < 24U) ? 1U : 0U;
    295e:	80 91 74 01 	lds	r24, 0x0174
    2962:	88 23       	and	r24, r24
    2964:	59 f4       	brne	.+22     	; 0x297c <App_isCurrentFieldValid+0x3c>
    2966:	80 91 09 01 	lds	r24, 0x0109
    296a:	88 31       	cpi	r24, 0x18	; 24
    296c:	18 f4       	brcc	.+6      	; 0x2974 <App_isCurrentFieldValid+0x34>
    296e:	21 e0       	ldi	r18, 0x01	; 1
    2970:	2e 87       	std	Y+14, r18	; 0x0e
    2972:	01 c0       	rjmp	.+2      	; 0x2976 <App_isCurrentFieldValid+0x36>
    2974:	1e 86       	std	Y+14, r1	; 0x0e
    2976:	8e 85       	ldd	r24, Y+14	; 0x0e
    2978:	8f 87       	std	Y+15, r24	; 0x0f
    297a:	d1 c0       	rjmp	.+418    	; 0x2b1e <App_isCurrentFieldValid+0x1de>
        if (g_editField == 1U) return (g_setTime.minute < 60U) ? 1U : 0U;
    297c:	80 91 74 01 	lds	r24, 0x0174
    2980:	81 30       	cpi	r24, 0x01	; 1
    2982:	59 f4       	brne	.+22     	; 0x299a <App_isCurrentFieldValid+0x5a>
    2984:	80 91 08 01 	lds	r24, 0x0108
    2988:	8c 33       	cpi	r24, 0x3C	; 60
    298a:	18 f4       	brcc	.+6      	; 0x2992 <App_isCurrentFieldValid+0x52>
    298c:	91 e0       	ldi	r25, 0x01	; 1
    298e:	9d 87       	std	Y+13, r25	; 0x0d
    2990:	01 c0       	rjmp	.+2      	; 0x2994 <App_isCurrentFieldValid+0x54>
    2992:	1d 86       	std	Y+13, r1	; 0x0d
    2994:	2d 85       	ldd	r18, Y+13	; 0x0d
    2996:	2f 87       	std	Y+15, r18	; 0x0f
    2998:	c2 c0       	rjmp	.+388    	; 0x2b1e <App_isCurrentFieldValid+0x1de>
        return (g_setTime.second < 60U) ? 1U : 0U;
    299a:	80 91 07 01 	lds	r24, 0x0107
    299e:	8c 33       	cpi	r24, 0x3C	; 60
    29a0:	18 f4       	brcc	.+6      	; 0x29a8 <App_isCurrentFieldValid+0x68>
    29a2:	81 e0       	ldi	r24, 0x01	; 1
    29a4:	8c 87       	std	Y+12, r24	; 0x0c
    29a6:	01 c0       	rjmp	.+2      	; 0x29aa <App_isCurrentFieldValid+0x6a>
    29a8:	1c 86       	std	Y+12, r1	; 0x0c
    29aa:	9c 85       	ldd	r25, Y+12	; 0x0c
    29ac:	9f 87       	std	Y+15, r25	; 0x0f
    29ae:	b7 c0       	rjmp	.+366    	; 0x2b1e <App_isCurrentFieldValid+0x1de>
    }

    if (g_mode == APP_MODE_SET_DATE)
    29b0:	80 91 72 01 	lds	r24, 0x0172
    29b4:	85 30       	cpi	r24, 0x05	; 5
    29b6:	09 f0       	breq	.+2      	; 0x29ba <App_isCurrentFieldValid+0x7a>
    29b8:	6c c0       	rjmp	.+216    	; 0x2a92 <App_isCurrentFieldValid+0x152>
    {
        if (g_editField == 0U)
    29ba:	80 91 74 01 	lds	r24, 0x0174
    29be:	88 23       	and	r24, r24
    29c0:	29 f5       	brne	.+74     	; 0x2a0c <App_isCurrentFieldValid+0xcc>
        {
            if ((g_setDate.month < 1U) || (g_setDate.month > 12U)) return 0U;
    29c2:	80 91 14 01 	lds	r24, 0x0114
    29c6:	88 23       	and	r24, r24
    29c8:	21 f0       	breq	.+8      	; 0x29d2 <App_isCurrentFieldValid+0x92>
    29ca:	80 91 14 01 	lds	r24, 0x0114
    29ce:	8d 30       	cpi	r24, 0x0D	; 13
    29d0:	10 f0       	brcs	.+4      	; 0x29d6 <App_isCurrentFieldValid+0x96>
    29d2:	1f 86       	std	Y+15, r1	; 0x0f
    29d4:	a4 c0       	rjmp	.+328    	; 0x2b1e <App_isCurrentFieldValid+0x1de>
            return (g_setDate.date >= 1U) && (g_setDate.date <= App_daysInMonth(g_setDate.month, g_setDate.year));
    29d6:	80 91 13 01 	lds	r24, 0x0113
    29da:	88 23       	and	r24, r24
    29dc:	91 f0       	breq	.+36     	; 0x2a02 <App_isCurrentFieldValid+0xc2>
    29de:	10 91 13 01 	lds	r17, 0x0113
    29e2:	80 91 14 01 	lds	r24, 0x0114
    29e6:	20 91 15 01 	lds	r18, 0x0115
    29ea:	30 91 16 01 	lds	r19, 0x0116
    29ee:	b9 01       	movw	r22, r18
    29f0:	0e 94 25 1c 	call	0x384a	; 0x384a <App_daysInMonth>
    29f4:	81 17       	cp	r24, r17
    29f6:	28 f0       	brcs	.+10     	; 0x2a02 <App_isCurrentFieldValid+0xc2>
    29f8:	81 e0       	ldi	r24, 0x01	; 1
    29fa:	90 e0       	ldi	r25, 0x00	; 0
    29fc:	9b 87       	std	Y+11, r25	; 0x0b
    29fe:	8a 87       	std	Y+10, r24	; 0x0a
    2a00:	02 c0       	rjmp	.+4      	; 0x2a06 <App_isCurrentFieldValid+0xc6>
    2a02:	1b 86       	std	Y+11, r1	; 0x0b
    2a04:	1a 86       	std	Y+10, r1	; 0x0a
    2a06:	9a 85       	ldd	r25, Y+10	; 0x0a
    2a08:	9f 87       	std	Y+15, r25	; 0x0f
    2a0a:	89 c0       	rjmp	.+274    	; 0x2b1e <App_isCurrentFieldValid+0x1de>
        }
        if (g_editField == 1U)
    2a0c:	80 91 74 01 	lds	r24, 0x0174
    2a10:	81 30       	cpi	r24, 0x01	; 1
    2a12:	29 f5       	brne	.+74     	; 0x2a5e <App_isCurrentFieldValid+0x11e>
        {
            if ((g_setDate.month < 1U) || (g_setDate.month > 12U)) return 0U;
    2a14:	80 91 14 01 	lds	r24, 0x0114
    2a18:	88 23       	and	r24, r24
    2a1a:	21 f0       	breq	.+8      	; 0x2a24 <App_isCurrentFieldValid+0xe4>
    2a1c:	80 91 14 01 	lds	r24, 0x0114
    2a20:	8d 30       	cpi	r24, 0x0D	; 13
    2a22:	10 f0       	brcs	.+4      	; 0x2a28 <App_isCurrentFieldValid+0xe8>
    2a24:	1f 86       	std	Y+15, r1	; 0x0f
    2a26:	7b c0       	rjmp	.+246    	; 0x2b1e <App_isCurrentFieldValid+0x1de>
            return (g_setDate.date >= 1U) && (g_setDate.date <= App_daysInMonth(g_setDate.month, g_setDate.year));
    2a28:	80 91 13 01 	lds	r24, 0x0113
    2a2c:	88 23       	and	r24, r24
    2a2e:	91 f0       	breq	.+36     	; 0x2a54 <App_isCurrentFieldValid+0x114>
    2a30:	10 91 13 01 	lds	r17, 0x0113
    2a34:	80 91 14 01 	lds	r24, 0x0114
    2a38:	20 91 15 01 	lds	r18, 0x0115
    2a3c:	30 91 16 01 	lds	r19, 0x0116
    2a40:	b9 01       	movw	r22, r18
    2a42:	0e 94 25 1c 	call	0x384a	; 0x384a <App_daysInMonth>
    2a46:	81 17       	cp	r24, r17
    2a48:	28 f0       	brcs	.+10     	; 0x2a54 <App_isCurrentFieldValid+0x114>
    2a4a:	81 e0       	ldi	r24, 0x01	; 1
    2a4c:	90 e0       	ldi	r25, 0x00	; 0
    2a4e:	99 87       	std	Y+9, r25	; 0x09
    2a50:	88 87       	std	Y+8, r24	; 0x08
    2a52:	02 c0       	rjmp	.+4      	; 0x2a58 <App_isCurrentFieldValid+0x118>
    2a54:	19 86       	std	Y+9, r1	; 0x09
    2a56:	18 86       	std	Y+8, r1	; 0x08
    2a58:	98 85       	ldd	r25, Y+8	; 0x08
    2a5a:	9f 87       	std	Y+15, r25	; 0x0f
    2a5c:	60 c0       	rjmp	.+192    	; 0x2b1e <App_isCurrentFieldValid+0x1de>
        }
        return (g_setDate.year >= 2000U) && (g_setDate.year <= 2099U);
    2a5e:	80 91 15 01 	lds	r24, 0x0115
    2a62:	90 91 16 01 	lds	r25, 0x0116
    2a66:	27 e0       	ldi	r18, 0x07	; 7
    2a68:	80 3d       	cpi	r24, 0xD0	; 208
    2a6a:	92 07       	cpc	r25, r18
    2a6c:	68 f0       	brcs	.+26     	; 0x2a88 <App_isCurrentFieldValid+0x148>
    2a6e:	80 91 15 01 	lds	r24, 0x0115
    2a72:	90 91 16 01 	lds	r25, 0x0116
    2a76:	28 e0       	ldi	r18, 0x08	; 8
    2a78:	84 33       	cpi	r24, 0x34	; 52
    2a7a:	92 07       	cpc	r25, r18
    2a7c:	28 f4       	brcc	.+10     	; 0x2a88 <App_isCurrentFieldValid+0x148>
    2a7e:	81 e0       	ldi	r24, 0x01	; 1
    2a80:	90 e0       	ldi	r25, 0x00	; 0
    2a82:	9f 83       	std	Y+7, r25	; 0x07
    2a84:	8e 83       	std	Y+6, r24	; 0x06
    2a86:	02 c0       	rjmp	.+4      	; 0x2a8c <App_isCurrentFieldValid+0x14c>
    2a88:	1f 82       	std	Y+7, r1	; 0x07
    2a8a:	1e 82       	std	Y+6, r1	; 0x06
    2a8c:	9e 81       	ldd	r25, Y+6	; 0x06
    2a8e:	9f 87       	std	Y+15, r25	; 0x0f
    2a90:	46 c0       	rjmp	.+140    	; 0x2b1e <App_isCurrentFieldValid+0x1de>
    }

    if (g_mode == APP_MODE_EDIT_ALARM)
    2a92:	80 91 72 01 	lds	r24, 0x0172
    2a96:	86 30       	cpi	r24, 0x06	; 6
    2a98:	d1 f4       	brne	.+52     	; 0x2ace <App_isCurrentFieldValid+0x18e>
    {
        if (g_editField == 0U) return (g_alarmEdit.hour < 24U) ? 1U : 0U;
    2a9a:	80 91 74 01 	lds	r24, 0x0174
    2a9e:	88 23       	and	r24, r24
    2aa0:	59 f4       	brne	.+22     	; 0x2ab8 <App_isCurrentFieldValid+0x178>
    2aa2:	80 91 19 01 	lds	r24, 0x0119
    2aa6:	88 31       	cpi	r24, 0x18	; 24
    2aa8:	18 f4       	brcc	.+6      	; 0x2ab0 <App_isCurrentFieldValid+0x170>
    2aaa:	21 e0       	ldi	r18, 0x01	; 1
    2aac:	2d 83       	std	Y+5, r18	; 0x05
    2aae:	01 c0       	rjmp	.+2      	; 0x2ab2 <App_isCurrentFieldValid+0x172>
    2ab0:	1d 82       	std	Y+5, r1	; 0x05
    2ab2:	8d 81       	ldd	r24, Y+5	; 0x05
    2ab4:	8f 87       	std	Y+15, r24	; 0x0f
    2ab6:	33 c0       	rjmp	.+102    	; 0x2b1e <App_isCurrentFieldValid+0x1de>
        return (g_alarmEdit.minute < 60U) ? 1U : 0U;
    2ab8:	80 91 1a 01 	lds	r24, 0x011A
    2abc:	8c 33       	cpi	r24, 0x3C	; 60
    2abe:	18 f4       	brcc	.+6      	; 0x2ac6 <App_isCurrentFieldValid+0x186>
    2ac0:	91 e0       	ldi	r25, 0x01	; 1
    2ac2:	9c 83       	std	Y+4, r25	; 0x04
    2ac4:	01 c0       	rjmp	.+2      	; 0x2ac8 <App_isCurrentFieldValid+0x188>
    2ac6:	1c 82       	std	Y+4, r1	; 0x04
    2ac8:	2c 81       	ldd	r18, Y+4	; 0x04
    2aca:	2f 87       	std	Y+15, r18	; 0x0f
    2acc:	28 c0       	rjmp	.+80     	; 0x2b1e <App_isCurrentFieldValid+0x1de>
    }

    if (g_editField == 0U) return (g_countdownEdit.hour <= APP_COUNTDOWN_MAX_HOURS) ? 1U : 0U;
    2ace:	80 91 74 01 	lds	r24, 0x0174
    2ad2:	88 23       	and	r24, r24
    2ad4:	59 f4       	brne	.+22     	; 0x2aec <App_isCurrentFieldValid+0x1ac>
    2ad6:	80 91 1e 01 	lds	r24, 0x011E
    2ada:	84 36       	cpi	r24, 0x64	; 100
    2adc:	18 f4       	brcc	.+6      	; 0x2ae4 <App_isCurrentFieldValid+0x1a4>
    2ade:	81 e0       	ldi	r24, 0x01	; 1
    2ae0:	8b 83       	std	Y+3, r24	; 0x03
    2ae2:	01 c0       	rjmp	.+2      	; 0x2ae6 <App_isCurrentFieldValid+0x1a6>
    2ae4:	1b 82       	std	Y+3, r1	; 0x03
    2ae6:	9b 81       	ldd	r25, Y+3	; 0x03
    2ae8:	9f 87       	std	Y+15, r25	; 0x0f
    2aea:	19 c0       	rjmp	.+50     	; 0x2b1e <App_isCurrentFieldValid+0x1de>
    if (g_editField == 1U) return (g_countdownEdit.minute < 60U) ? 1U : 0U;
    2aec:	80 91 74 01 	lds	r24, 0x0174
    2af0:	81 30       	cpi	r24, 0x01	; 1
    2af2:	59 f4       	brne	.+22     	; 0x2b0a <App_isCurrentFieldValid+0x1ca>
    2af4:	80 91 1f 01 	lds	r24, 0x011F
    2af8:	8c 33       	cpi	r24, 0x3C	; 60
    2afa:	18 f4       	brcc	.+6      	; 0x2b02 <App_isCurrentFieldValid+0x1c2>
    2afc:	21 e0       	ldi	r18, 0x01	; 1
    2afe:	2a 83       	std	Y+2, r18	; 0x02
    2b00:	01 c0       	rjmp	.+2      	; 0x2b04 <App_isCurrentFieldValid+0x1c4>
    2b02:	1a 82       	std	Y+2, r1	; 0x02
    2b04:	8a 81       	ldd	r24, Y+2	; 0x02
    2b06:	8f 87       	std	Y+15, r24	; 0x0f
    2b08:	0a c0       	rjmp	.+20     	; 0x2b1e <App_isCurrentFieldValid+0x1de>
    return (g_countdownEdit.second < 60U) ? 1U : 0U;
    2b0a:	80 91 20 01 	lds	r24, 0x0120
    2b0e:	8c 33       	cpi	r24, 0x3C	; 60
    2b10:	18 f4       	brcc	.+6      	; 0x2b18 <App_isCurrentFieldValid+0x1d8>
    2b12:	91 e0       	ldi	r25, 0x01	; 1
    2b14:	99 83       	std	Y+1, r25	; 0x01
    2b16:	01 c0       	rjmp	.+2      	; 0x2b1a <App_isCurrentFieldValid+0x1da>
    2b18:	19 82       	std	Y+1, r1	; 0x01
    2b1a:	29 81       	ldd	r18, Y+1	; 0x01
    2b1c:	2f 87       	std	Y+15, r18	; 0x0f
    2b1e:	8f 85       	ldd	r24, Y+15	; 0x0f
}
    2b20:	2f 96       	adiw	r28, 0x0f	; 15
    2b22:	0f b6       	in	r0, 0x3f	; 63
    2b24:	f8 94       	cli
    2b26:	de bf       	out	0x3e, r29	; 62
    2b28:	0f be       	out	0x3f, r0	; 63
    2b2a:	cd bf       	out	0x3d, r28	; 61
    2b2c:	cf 91       	pop	r28
    2b2e:	df 91       	pop	r29
    2b30:	1f 91       	pop	r17
    2b32:	08 95       	ret

00002b34 <App_restoreCurrentField>:

static void App_restoreCurrentField(void)
{
    2b34:	df 93       	push	r29
    2b36:	cf 93       	push	r28
    2b38:	cd b7       	in	r28, 0x3d	; 61
    2b3a:	de b7       	in	r29, 0x3e	; 62
    if (g_mode == APP_MODE_SET_TIME)
    2b3c:	80 91 72 01 	lds	r24, 0x0172
    2b40:	84 30       	cpi	r24, 0x04	; 4
    2b42:	e9 f4       	brne	.+58     	; 0x2b7e <App_restoreCurrentField+0x4a>
    {
        if (g_editField == 0U) g_setTime.hour = (uint8)g_previousFieldValue;
    2b44:	80 91 74 01 	lds	r24, 0x0174
    2b48:	88 23       	and	r24, r24
    2b4a:	39 f4       	brne	.+14     	; 0x2b5a <App_restoreCurrentField+0x26>
    2b4c:	80 91 76 01 	lds	r24, 0x0176
    2b50:	90 91 77 01 	lds	r25, 0x0177
    2b54:	80 93 09 01 	sts	0x0109, r24
    2b58:	67 c0       	rjmp	.+206    	; 0x2c28 <App_restoreCurrentField+0xf4>
        else if (g_editField == 1U) g_setTime.minute = (uint8)g_previousFieldValue;
    2b5a:	80 91 74 01 	lds	r24, 0x0174
    2b5e:	81 30       	cpi	r24, 0x01	; 1
    2b60:	39 f4       	brne	.+14     	; 0x2b70 <App_restoreCurrentField+0x3c>
    2b62:	80 91 76 01 	lds	r24, 0x0176
    2b66:	90 91 77 01 	lds	r25, 0x0177
    2b6a:	80 93 08 01 	sts	0x0108, r24
    2b6e:	5c c0       	rjmp	.+184    	; 0x2c28 <App_restoreCurrentField+0xf4>
        else g_setTime.second = (uint8)g_previousFieldValue;
    2b70:	80 91 76 01 	lds	r24, 0x0176
    2b74:	90 91 77 01 	lds	r25, 0x0177
    2b78:	80 93 07 01 	sts	0x0107, r24
    2b7c:	55 c0       	rjmp	.+170    	; 0x2c28 <App_restoreCurrentField+0xf4>
    }
    else if (g_mode == APP_MODE_SET_DATE)
    2b7e:	80 91 72 01 	lds	r24, 0x0172
    2b82:	85 30       	cpi	r24, 0x05	; 5
    2b84:	f9 f4       	brne	.+62     	; 0x2bc4 <App_restoreCurrentField+0x90>
    {
        if (g_editField == 0U) g_setDate.date = (uint8)g_previousFieldValue;
    2b86:	80 91 74 01 	lds	r24, 0x0174
    2b8a:	88 23       	and	r24, r24
    2b8c:	39 f4       	brne	.+14     	; 0x2b9c <App_restoreCurrentField+0x68>
    2b8e:	80 91 76 01 	lds	r24, 0x0176
    2b92:	90 91 77 01 	lds	r25, 0x0177
    2b96:	80 93 13 01 	sts	0x0113, r24
    2b9a:	46 c0       	rjmp	.+140    	; 0x2c28 <App_restoreCurrentField+0xf4>
        else if (g_editField == 1U) g_setDate.month = (uint8)g_previousFieldValue;
    2b9c:	80 91 74 01 	lds	r24, 0x0174
    2ba0:	81 30       	cpi	r24, 0x01	; 1
    2ba2:	39 f4       	brne	.+14     	; 0x2bb2 <App_restoreCurrentField+0x7e>
    2ba4:	80 91 76 01 	lds	r24, 0x0176
    2ba8:	90 91 77 01 	lds	r25, 0x0177
    2bac:	80 93 14 01 	sts	0x0114, r24
    2bb0:	3b c0       	rjmp	.+118    	; 0x2c28 <App_restoreCurrentField+0xf4>
        else g_setDate.year = g_previousFieldValue;
    2bb2:	80 91 76 01 	lds	r24, 0x0176
    2bb6:	90 91 77 01 	lds	r25, 0x0177
    2bba:	90 93 16 01 	sts	0x0116, r25
    2bbe:	80 93 15 01 	sts	0x0115, r24
    2bc2:	32 c0       	rjmp	.+100    	; 0x2c28 <App_restoreCurrentField+0xf4>
    }
    else if (g_mode == APP_MODE_EDIT_ALARM)
    2bc4:	80 91 72 01 	lds	r24, 0x0172
    2bc8:	86 30       	cpi	r24, 0x06	; 6
    2bca:	91 f4       	brne	.+36     	; 0x2bf0 <App_restoreCurrentField+0xbc>
    {
        if (g_editField == 0U) g_alarmEdit.hour = (uint8)g_previousFieldValue;
    2bcc:	80 91 74 01 	lds	r24, 0x0174
    2bd0:	88 23       	and	r24, r24
    2bd2:	39 f4       	brne	.+14     	; 0x2be2 <App_restoreCurrentField+0xae>
    2bd4:	80 91 76 01 	lds	r24, 0x0176
    2bd8:	90 91 77 01 	lds	r25, 0x0177
    2bdc:	80 93 19 01 	sts	0x0119, r24
    2be0:	23 c0       	rjmp	.+70     	; 0x2c28 <App_restoreCurrentField+0xf4>
        else g_alarmEdit.minute = (uint8)g_previousFieldValue;
    2be2:	80 91 76 01 	lds	r24, 0x0176
    2be6:	90 91 77 01 	lds	r25, 0x0177
    2bea:	80 93 1a 01 	sts	0x011A, r24
    2bee:	1c c0       	rjmp	.+56     	; 0x2c28 <App_restoreCurrentField+0xf4>
    }
    else
    {
        if (g_editField == 0U) g_countdownEdit.hour = (uint8)g_previousFieldValue;
    2bf0:	80 91 74 01 	lds	r24, 0x0174
    2bf4:	88 23       	and	r24, r24
    2bf6:	39 f4       	brne	.+14     	; 0x2c06 <App_restoreCurrentField+0xd2>
    2bf8:	80 91 76 01 	lds	r24, 0x0176
    2bfc:	90 91 77 01 	lds	r25, 0x0177
    2c00:	80 93 1e 01 	sts	0x011E, r24
    2c04:	11 c0       	rjmp	.+34     	; 0x2c28 <App_restoreCurrentField+0xf4>
        else if (g_editField == 1U) g_countdownEdit.minute = (uint8)g_previousFieldValue;
    2c06:	80 91 74 01 	lds	r24, 0x0174
    2c0a:	81 30       	cpi	r24, 0x01	; 1
    2c0c:	39 f4       	brne	.+14     	; 0x2c1c <App_restoreCurrentField+0xe8>
    2c0e:	80 91 76 01 	lds	r24, 0x0176
    2c12:	90 91 77 01 	lds	r25, 0x0177
    2c16:	80 93 1f 01 	sts	0x011F, r24
    2c1a:	06 c0       	rjmp	.+12     	; 0x2c28 <App_restoreCurrentField+0xf4>
        else g_countdownEdit.second = (uint8)g_previousFieldValue;
    2c1c:	80 91 76 01 	lds	r24, 0x0176
    2c20:	90 91 77 01 	lds	r25, 0x0177
    2c24:	80 93 20 01 	sts	0x0120, r24
    }
}
    2c28:	cf 91       	pop	r28
    2c2a:	df 91       	pop	r29
    2c2c:	08 95       	ret

00002c2e <App_isEditedValueValid>:

static uint8 App_isEditedValueValid(void)
{
    2c2e:	df 93       	push	r29
    2c30:	cf 93       	push	r28
    2c32:	cd b7       	in	r28, 0x3d	; 61
    2c34:	de b7       	in	r29, 0x3e	; 62
    2c36:	27 97       	sbiw	r28, 0x07	; 7
    2c38:	0f b6       	in	r0, 0x3f	; 63
    2c3a:	f8 94       	cli
    2c3c:	de bf       	out	0x3e, r29	; 62
    2c3e:	0f be       	out	0x3f, r0	; 63
    2c40:	cd bf       	out	0x3d, r28	; 61
    if (g_numericDigits != 0U)
    2c42:	80 91 75 01 	lds	r24, 0x0175
    2c46:	88 23       	and	r24, r24
    2c48:	11 f0       	breq	.+4      	; 0x2c4e <App_isEditedValueValid+0x20>
    {
        return 0U;
    2c4a:	1f 82       	std	Y+7, r1	; 0x07
    2c4c:	4f c0       	rjmp	.+158    	; 0x2cec <App_isEditedValueValid+0xbe>
    }

    if (g_mode == APP_MODE_SET_TIME)
    2c4e:	80 91 72 01 	lds	r24, 0x0172
    2c52:	84 30       	cpi	r24, 0x04	; 4
    2c54:	b1 f4       	brne	.+44     	; 0x2c82 <App_isEditedValueValid+0x54>
    {
        return (g_setTime.hour < 24U) && (g_setTime.minute < 60U) && (g_setTime.second < 60U);
    2c56:	80 91 09 01 	lds	r24, 0x0109
    2c5a:	88 31       	cpi	r24, 0x18	; 24
    2c5c:	68 f4       	brcc	.+26     	; 0x2c78 <App_isEditedValueValid+0x4a>
    2c5e:	80 91 08 01 	lds	r24, 0x0108
    2c62:	8c 33       	cpi	r24, 0x3C	; 60
    2c64:	48 f4       	brcc	.+18     	; 0x2c78 <App_isEditedValueValid+0x4a>
    2c66:	80 91 07 01 	lds	r24, 0x0107
    2c6a:	8c 33       	cpi	r24, 0x3C	; 60
    2c6c:	28 f4       	brcc	.+10     	; 0x2c78 <App_isEditedValueValid+0x4a>
    2c6e:	81 e0       	ldi	r24, 0x01	; 1
    2c70:	90 e0       	ldi	r25, 0x00	; 0
    2c72:	9e 83       	std	Y+6, r25	; 0x06
    2c74:	8d 83       	std	Y+5, r24	; 0x05
    2c76:	02 c0       	rjmp	.+4      	; 0x2c7c <App_isEditedValueValid+0x4e>
    2c78:	1e 82       	std	Y+6, r1	; 0x06
    2c7a:	1d 82       	std	Y+5, r1	; 0x05
    2c7c:	9d 81       	ldd	r25, Y+5	; 0x05
    2c7e:	9f 83       	std	Y+7, r25	; 0x07
    2c80:	35 c0       	rjmp	.+106    	; 0x2cec <App_isEditedValueValid+0xbe>
    }

    if (g_mode == APP_MODE_SET_DATE)
    2c82:	80 91 72 01 	lds	r24, 0x0172
    2c86:	85 30       	cpi	r24, 0x05	; 5
    2c88:	31 f4       	brne	.+12     	; 0x2c96 <App_isEditedValueValid+0x68>
    {
        return App_isValidDateTime(&g_setDate);
    2c8a:	8f e0       	ldi	r24, 0x0F	; 15
    2c8c:	91 e0       	ldi	r25, 0x01	; 1
    2c8e:	0e 94 54 1c 	call	0x38a8	; 0x38a8 <App_isValidDateTime>
    2c92:	8f 83       	std	Y+7, r24	; 0x07
    2c94:	2b c0       	rjmp	.+86     	; 0x2cec <App_isEditedValueValid+0xbe>
    }

    if (g_mode == APP_MODE_EDIT_ALARM)
    2c96:	80 91 72 01 	lds	r24, 0x0172
    2c9a:	86 30       	cpi	r24, 0x06	; 6
    2c9c:	91 f4       	brne	.+36     	; 0x2cc2 <App_isEditedValueValid+0x94>
    {
        return (g_alarmEdit.hour < 24U) && (g_alarmEdit.minute < 60U);
    2c9e:	80 91 19 01 	lds	r24, 0x0119
    2ca2:	88 31       	cpi	r24, 0x18	; 24
    2ca4:	48 f4       	brcc	.+18     	; 0x2cb8 <App_isEditedValueValid+0x8a>
    2ca6:	80 91 1a 01 	lds	r24, 0x011A
    2caa:	8c 33       	cpi	r24, 0x3C	; 60
    2cac:	28 f4       	brcc	.+10     	; 0x2cb8 <App_isEditedValueValid+0x8a>
    2cae:	81 e0       	ldi	r24, 0x01	; 1
    2cb0:	90 e0       	ldi	r25, 0x00	; 0
    2cb2:	9c 83       	std	Y+4, r25	; 0x04
    2cb4:	8b 83       	std	Y+3, r24	; 0x03
    2cb6:	02 c0       	rjmp	.+4      	; 0x2cbc <App_isEditedValueValid+0x8e>
    2cb8:	1c 82       	std	Y+4, r1	; 0x04
    2cba:	1b 82       	std	Y+3, r1	; 0x03
    2cbc:	9b 81       	ldd	r25, Y+3	; 0x03
    2cbe:	9f 83       	std	Y+7, r25	; 0x07
    2cc0:	15 c0       	rjmp	.+42     	; 0x2cec <App_isEditedValueValid+0xbe>
    }

    return (g_countdownEdit.hour <= APP_COUNTDOWN_MAX_HOURS) && (g_countdownEdit.minute < 60U) && (g_countdownEdit.second < 60U);
    2cc2:	80 91 1e 01 	lds	r24, 0x011E
    2cc6:	84 36       	cpi	r24, 0x64	; 100
    2cc8:	68 f4       	brcc	.+26     	; 0x2ce4 <App_isEditedValueValid+0xb6>
    2cca:	80 91 1f 01 	lds	r24, 0x011F
    2cce:	8c 33       	cpi	r24, 0x3C	; 60
    2cd0:	48 f4       	brcc	.+18     	; 0x2ce4 <App_isEditedValueValid+0xb6>
    2cd2:	80 91 20 01 	lds	r24, 0x0120
    2cd6:	8c 33       	cpi	r24, 0x3C	; 60
    2cd8:	28 f4       	brcc	.+10     	; 0x2ce4 <App_isEditedValueValid+0xb6>
    2cda:	81 e0       	ldi	r24, 0x01	; 1
    2cdc:	90 e0       	ldi	r25, 0x00	; 0
    2cde:	9a 83       	std	Y+2, r25	; 0x02
    2ce0:	89 83       	std	Y+1, r24	; 0x01
    2ce2:	02 c0       	rjmp	.+4      	; 0x2ce8 <App_isEditedValueValid+0xba>
    2ce4:	1a 82       	std	Y+2, r1	; 0x02
    2ce6:	19 82       	std	Y+1, r1	; 0x01
    2ce8:	99 81       	ldd	r25, Y+1	; 0x01
    2cea:	9f 83       	std	Y+7, r25	; 0x07
    2cec:	8f 81       	ldd	r24, Y+7	; 0x07
}
    2cee:	27 96       	adiw	r28, 0x07	; 7
    2cf0:	0f b6       	in	r0, 0x3f	; 63
    2cf2:	f8 94       	cli
    2cf4:	de bf       	out	0x3e, r29	; 62
    2cf6:	0f be       	out	0x3f, r0	; 63
    2cf8:	cd bf       	out	0x3d, r28	; 61
    2cfa:	cf 91       	pop	r28
    2cfc:	df 91       	pop	r29
    2cfe:	08 95       	ret

00002d00 <App_numericFieldWidth>:

static uint8 App_numericFieldWidth(void)
{
    2d00:	df 93       	push	r29
    2d02:	cf 93       	push	r28
    2d04:	0f 92       	push	r0
    2d06:	cd b7       	in	r28, 0x3d	; 61
    2d08:	de b7       	in	r29, 0x3e	; 62
    return ((g_mode == APP_MODE_SET_DATE) && (g_editField == 2U)) ? 4U : 2U;
    2d0a:	80 91 72 01 	lds	r24, 0x0172
    2d0e:	85 30       	cpi	r24, 0x05	; 5
    2d10:	39 f4       	brne	.+14     	; 0x2d20 <App_numericFieldWidth+0x20>
    2d12:	80 91 74 01 	lds	r24, 0x0174
    2d16:	82 30       	cpi	r24, 0x02	; 2
    2d18:	19 f4       	brne	.+6      	; 0x2d20 <App_numericFieldWidth+0x20>
    2d1a:	84 e0       	ldi	r24, 0x04	; 4
    2d1c:	89 83       	std	Y+1, r24	; 0x01
    2d1e:	02 c0       	rjmp	.+4      	; 0x2d24 <App_numericFieldWidth+0x24>
    2d20:	82 e0       	ldi	r24, 0x02	; 2
    2d22:	89 83       	std	Y+1, r24	; 0x01
    2d24:	89 81       	ldd	r24, Y+1	; 0x01
}
    2d26:	0f 90       	pop	r0
    2d28:	cf 91       	pop	r28
    2d2a:	df 91       	pop	r29
    2d2c:	08 95       	ret

00002d2e <App_handleEditNavigation>:

static uint8 App_handleEditNavigation(char key)
{
    2d2e:	df 93       	push	r29
    2d30:	cf 93       	push	r28
    2d32:	00 d0       	rcall	.+0      	; 0x2d34 <App_handleEditNavigation+0x6>
    2d34:	00 d0       	rcall	.+0      	; 0x2d36 <App_handleEditNavigation+0x8>
    2d36:	0f 92       	push	r0
    2d38:	cd b7       	in	r28, 0x3d	; 61
    2d3a:	de b7       	in	r29, 0x3e	; 62
    2d3c:	8a 83       	std	Y+2, r24	; 0x02
    uint8 fieldCount;

    if ((App_isEditMode(g_mode) == 0U) || ((key != '#') && (key != '*')))
    2d3e:	80 91 72 01 	lds	r24, 0x0172
    2d42:	0e 94 3c 14 	call	0x2878	; 0x2878 <App_isEditMode>
    2d46:	88 23       	and	r24, r24
    2d48:	31 f0       	breq	.+12     	; 0x2d56 <App_handleEditNavigation+0x28>
    2d4a:	8a 81       	ldd	r24, Y+2	; 0x02
    2d4c:	83 32       	cpi	r24, 0x23	; 35
    2d4e:	29 f0       	breq	.+10     	; 0x2d5a <App_handleEditNavigation+0x2c>
    2d50:	8a 81       	ldd	r24, Y+2	; 0x02
    2d52:	8a 32       	cpi	r24, 0x2A	; 42
    2d54:	11 f0       	breq	.+4      	; 0x2d5a <App_handleEditNavigation+0x2c>
    {
        return 0U;
    2d56:	1d 82       	std	Y+5, r1	; 0x05
    2d58:	36 c0       	rjmp	.+108    	; 0x2dc6 <App_handleEditNavigation+0x98>
    }

    fieldCount = (g_mode == APP_MODE_EDIT_ALARM) ? 2U : 3U;
    2d5a:	80 91 72 01 	lds	r24, 0x0172
    2d5e:	86 30       	cpi	r24, 0x06	; 6
    2d60:	19 f4       	brne	.+6      	; 0x2d68 <App_handleEditNavigation+0x3a>
    2d62:	82 e0       	ldi	r24, 0x02	; 2
    2d64:	8c 83       	std	Y+4, r24	; 0x04
    2d66:	02 c0       	rjmp	.+4      	; 0x2d6c <App_handleEditNavigation+0x3e>
    2d68:	93 e0       	ldi	r25, 0x03	; 3
    2d6a:	9c 83       	std	Y+4, r25	; 0x04
    2d6c:	8c 81       	ldd	r24, Y+4	; 0x04
    2d6e:	89 83       	std	Y+1, r24	; 0x01
    if (key == '#')
    2d70:	8a 81       	ldd	r24, Y+2	; 0x02
    2d72:	83 32       	cpi	r24, 0x23	; 35
    2d74:	89 f4       	brne	.+34     	; 0x2d98 <App_handleEditNavigation+0x6a>
    {
        g_editField = (uint8)((g_editField + 1U) % fieldCount);
    2d76:	80 91 74 01 	lds	r24, 0x0174
    2d7a:	88 2f       	mov	r24, r24
    2d7c:	90 e0       	ldi	r25, 0x00	; 0
    2d7e:	ac 01       	movw	r20, r24
    2d80:	4f 5f       	subi	r20, 0xFF	; 255
    2d82:	5f 4f       	sbci	r21, 0xFF	; 255
    2d84:	89 81       	ldd	r24, Y+1	; 0x01
    2d86:	28 2f       	mov	r18, r24
    2d88:	30 e0       	ldi	r19, 0x00	; 0
    2d8a:	ca 01       	movw	r24, r20
    2d8c:	b9 01       	movw	r22, r18
    2d8e:	0e 94 82 2c 	call	0x5904	; 0x5904 <__udivmodhi4>
    2d92:	80 93 74 01 	sts	0x0174, r24
    2d96:	11 c0       	rjmp	.+34     	; 0x2dba <App_handleEditNavigation+0x8c>
    }
    else
    {
        g_editField = (g_editField == 0U) ? (uint8)(fieldCount - 1U) : (uint8)(g_editField - 1U);
    2d98:	80 91 74 01 	lds	r24, 0x0174
    2d9c:	88 23       	and	r24, r24
    2d9e:	29 f4       	brne	.+10     	; 0x2daa <App_handleEditNavigation+0x7c>
    2da0:	89 81       	ldd	r24, Y+1	; 0x01
    2da2:	98 2f       	mov	r25, r24
    2da4:	91 50       	subi	r25, 0x01	; 1
    2da6:	9b 83       	std	Y+3, r25	; 0x03
    2da8:	05 c0       	rjmp	.+10     	; 0x2db4 <App_handleEditNavigation+0x86>
    2daa:	80 91 74 01 	lds	r24, 0x0174
    2dae:	98 2f       	mov	r25, r24
    2db0:	91 50       	subi	r25, 0x01	; 1
    2db2:	9b 83       	std	Y+3, r25	; 0x03
    2db4:	8b 81       	ldd	r24, Y+3	; 0x03
    2db6:	80 93 74 01 	sts	0x0174, r24
    }

    g_numericDigits = 0U;
    2dba:	10 92 75 01 	sts	0x0175, r1
    App_markScreenDirty();
    2dbe:	0e 94 32 14 	call	0x2864	; 0x2864 <App_markScreenDirty>
    return 1U;
    2dc2:	91 e0       	ldi	r25, 0x01	; 1
    2dc4:	9d 83       	std	Y+5, r25	; 0x05
    2dc6:	8d 81       	ldd	r24, Y+5	; 0x05
}
    2dc8:	0f 90       	pop	r0
    2dca:	0f 90       	pop	r0
    2dcc:	0f 90       	pop	r0
    2dce:	0f 90       	pop	r0
    2dd0:	0f 90       	pop	r0
    2dd2:	cf 91       	pop	r28
    2dd4:	df 91       	pop	r29
    2dd6:	08 95       	ret

00002dd8 <App_handleEditStep>:

static uint8 App_handleEditStep(char key)
{
    2dd8:	1f 93       	push	r17
    2dda:	df 93       	push	r29
    2ddc:	cf 93       	push	r28
    2dde:	cd b7       	in	r28, 0x3d	; 61
    2de0:	de b7       	in	r29, 0x3e	; 62
    2de2:	a2 97       	sbiw	r28, 0x22	; 34
    2de4:	0f b6       	in	r0, 0x3f	; 63
    2de6:	f8 94       	cli
    2de8:	de bf       	out	0x3e, r29	; 62
    2dea:	0f be       	out	0x3f, r0	; 63
    2dec:	cd bf       	out	0x3d, r28	; 61
    2dee:	8b 83       	std	Y+3, r24	; 0x03
    uint8 increment;

    if ((App_isEditMode(g_mode) == 0U) || ((key != 'B') && (key != 'C')))
    2df0:	80 91 72 01 	lds	r24, 0x0172
    2df4:	0e 94 3c 14 	call	0x2878	; 0x2878 <App_isEditMode>
    2df8:	88 23       	and	r24, r24
    2dfa:	31 f0       	breq	.+12     	; 0x2e08 <App_handleEditStep+0x30>
    2dfc:	8b 81       	ldd	r24, Y+3	; 0x03
    2dfe:	82 34       	cpi	r24, 0x42	; 66
    2e00:	29 f0       	breq	.+10     	; 0x2e0c <App_handleEditStep+0x34>
    2e02:	8b 81       	ldd	r24, Y+3	; 0x03
    2e04:	83 34       	cpi	r24, 0x43	; 67
    2e06:	11 f0       	breq	.+4      	; 0x2e0c <App_handleEditStep+0x34>
    {
        return 0U;
    2e08:	1a a2       	std	Y+34, r1	; 0x22
    2e0a:	09 c2       	rjmp	.+1042   	; 0x321e <App_handleEditStep+0x446>
    }

    increment = (key == 'B') ? 1U : 0U;
    2e0c:	8b 81       	ldd	r24, Y+3	; 0x03
    2e0e:	82 34       	cpi	r24, 0x42	; 66
    2e10:	19 f4       	brne	.+6      	; 0x2e18 <App_handleEditStep+0x40>
    2e12:	21 e0       	ldi	r18, 0x01	; 1
    2e14:	29 a3       	std	Y+33, r18	; 0x21
    2e16:	01 c0       	rjmp	.+2      	; 0x2e1a <App_handleEditStep+0x42>
    2e18:	19 a2       	std	Y+33, r1	; 0x21
    2e1a:	39 a1       	ldd	r19, Y+33	; 0x21
    2e1c:	3a 83       	std	Y+2, r19	; 0x02
    g_numericDigits = 0U;
    2e1e:	10 92 75 01 	sts	0x0175, r1
    g_inputError = 0U;
    2e22:	10 92 99 01 	sts	0x0199, r1

    if (g_mode == APP_MODE_SET_TIME)
    2e26:	80 91 72 01 	lds	r24, 0x0172
    2e2a:	84 30       	cpi	r24, 0x04	; 4
    2e2c:	09 f0       	breq	.+2      	; 0x2e30 <App_handleEditStep+0x58>
    2e2e:	6b c0       	rjmp	.+214    	; 0x2f06 <App_handleEditStep+0x12e>
    {
        if (g_editField == 0U)
    2e30:	80 91 74 01 	lds	r24, 0x0174
    2e34:	88 23       	and	r24, r24
    2e36:	09 f5       	brne	.+66     	; 0x2e7a <App_handleEditStep+0xa2>
            g_setTime.hour = increment ? (uint8)((g_setTime.hour + 1U) % 24U) : ((g_setTime.hour == 0U) ? 23U : (uint8)(g_setTime.hour - 1U));
    2e38:	8a 81       	ldd	r24, Y+2	; 0x02
    2e3a:	88 23       	and	r24, r24
    2e3c:	61 f0       	breq	.+24     	; 0x2e56 <App_handleEditStep+0x7e>
    2e3e:	80 91 09 01 	lds	r24, 0x0109
    2e42:	88 2f       	mov	r24, r24
    2e44:	90 e0       	ldi	r25, 0x00	; 0
    2e46:	01 96       	adiw	r24, 0x01	; 1
    2e48:	28 e1       	ldi	r18, 0x18	; 24
    2e4a:	30 e0       	ldi	r19, 0x00	; 0
    2e4c:	b9 01       	movw	r22, r18
    2e4e:	0e 94 82 2c 	call	0x5904	; 0x5904 <__udivmodhi4>
    2e52:	88 a3       	std	Y+32, r24	; 0x20
    2e54:	0e c0       	rjmp	.+28     	; 0x2e72 <App_handleEditStep+0x9a>
    2e56:	80 91 09 01 	lds	r24, 0x0109
    2e5a:	88 23       	and	r24, r24
    2e5c:	31 f0       	breq	.+12     	; 0x2e6a <App_handleEditStep+0x92>
    2e5e:	80 91 09 01 	lds	r24, 0x0109
    2e62:	98 2f       	mov	r25, r24
    2e64:	91 50       	subi	r25, 0x01	; 1
    2e66:	9f 8f       	std	Y+31, r25	; 0x1f
    2e68:	02 c0       	rjmp	.+4      	; 0x2e6e <App_handleEditStep+0x96>
    2e6a:	27 e1       	ldi	r18, 0x17	; 23
    2e6c:	2f 8f       	std	Y+31, r18	; 0x1f
    2e6e:	3f 8d       	ldd	r19, Y+31	; 0x1f
    2e70:	38 a3       	std	Y+32, r19	; 0x20
    2e72:	88 a1       	ldd	r24, Y+32	; 0x20
    2e74:	80 93 09 01 	sts	0x0109, r24
    2e78:	ce c1       	rjmp	.+924    	; 0x3216 <App_handleEditStep+0x43e>
        else if (g_editField == 1U)
    2e7a:	80 91 74 01 	lds	r24, 0x0174
    2e7e:	81 30       	cpi	r24, 0x01	; 1
    2e80:	09 f5       	brne	.+66     	; 0x2ec4 <App_handleEditStep+0xec>
            g_setTime.minute = increment ? (uint8)((g_setTime.minute + 1U) % 60U) : ((g_setTime.minute == 0U) ? 59U : (uint8)(g_setTime.minute - 1U));
    2e82:	8a 81       	ldd	r24, Y+2	; 0x02
    2e84:	88 23       	and	r24, r24
    2e86:	61 f0       	breq	.+24     	; 0x2ea0 <App_handleEditStep+0xc8>
    2e88:	80 91 08 01 	lds	r24, 0x0108
    2e8c:	88 2f       	mov	r24, r24
    2e8e:	90 e0       	ldi	r25, 0x00	; 0
    2e90:	01 96       	adiw	r24, 0x01	; 1
    2e92:	2c e3       	ldi	r18, 0x3C	; 60
    2e94:	30 e0       	ldi	r19, 0x00	; 0
    2e96:	b9 01       	movw	r22, r18
    2e98:	0e 94 82 2c 	call	0x5904	; 0x5904 <__udivmodhi4>
    2e9c:	8e 8f       	std	Y+30, r24	; 0x1e
    2e9e:	0e c0       	rjmp	.+28     	; 0x2ebc <App_handleEditStep+0xe4>
    2ea0:	80 91 08 01 	lds	r24, 0x0108
    2ea4:	88 23       	and	r24, r24
    2ea6:	31 f0       	breq	.+12     	; 0x2eb4 <App_handleEditStep+0xdc>
    2ea8:	80 91 08 01 	lds	r24, 0x0108
    2eac:	98 2f       	mov	r25, r24
    2eae:	91 50       	subi	r25, 0x01	; 1
    2eb0:	9d 8f       	std	Y+29, r25	; 0x1d
    2eb2:	02 c0       	rjmp	.+4      	; 0x2eb8 <App_handleEditStep+0xe0>
    2eb4:	2b e3       	ldi	r18, 0x3B	; 59
    2eb6:	2d 8f       	std	Y+29, r18	; 0x1d
    2eb8:	3d 8d       	ldd	r19, Y+29	; 0x1d
    2eba:	3e 8f       	std	Y+30, r19	; 0x1e
    2ebc:	8e 8d       	ldd	r24, Y+30	; 0x1e
    2ebe:	80 93 08 01 	sts	0x0108, r24
    2ec2:	a9 c1       	rjmp	.+850    	; 0x3216 <App_handleEditStep+0x43e>
        else
            g_setTime.second = increment ? (uint8)((g_setTime.second + 1U) % 60U) : ((g_setTime.second == 0U) ? 59U : (uint8)(g_setTime.second - 1U));
    2ec4:	8a 81       	ldd	r24, Y+2	; 0x02
    2ec6:	88 23       	and	r24, r24
    2ec8:	61 f0       	breq	.+24     	; 0x2ee2 <App_handleEditStep+0x10a>
    2eca:	80 91 07 01 	lds	r24, 0x0107
    2ece:	88 2f       	mov	r24, r24
    2ed0:	90 e0       	ldi	r25, 0x00	; 0
    2ed2:	01 96       	adiw	r24, 0x01	; 1
    2ed4:	2c e3       	ldi	r18, 0x3C	; 60
    2ed6:	30 e0       	ldi	r19, 0x00	; 0
    2ed8:	b9 01       	movw	r22, r18
    2eda:	0e 94 82 2c 	call	0x5904	; 0x5904 <__udivmodhi4>
    2ede:	8c 8f       	std	Y+28, r24	; 0x1c
    2ee0:	0e c0       	rjmp	.+28     	; 0x2efe <App_handleEditStep+0x126>
    2ee2:	80 91 07 01 	lds	r24, 0x0107
    2ee6:	88 23       	and	r24, r24
    2ee8:	31 f0       	breq	.+12     	; 0x2ef6 <App_handleEditStep+0x11e>
    2eea:	80 91 07 01 	lds	r24, 0x0107
    2eee:	98 2f       	mov	r25, r24
    2ef0:	91 50       	subi	r25, 0x01	; 1
    2ef2:	9b 8f       	std	Y+27, r25	; 0x1b
    2ef4:	02 c0       	rjmp	.+4      	; 0x2efa <App_handleEditStep+0x122>
    2ef6:	2b e3       	ldi	r18, 0x3B	; 59
    2ef8:	2b 8f       	std	Y+27, r18	; 0x1b
    2efa:	3b 8d       	ldd	r19, Y+27	; 0x1b
    2efc:	3c 8f       	std	Y+28, r19	; 0x1c
    2efe:	8c 8d       	ldd	r24, Y+28	; 0x1c
    2f00:	80 93 07 01 	sts	0x0107, r24
    2f04:	88 c1       	rjmp	.+784    	; 0x3216 <App_handleEditStep+0x43e>
    }
    else if (g_mode == APP_MODE_SET_DATE)
    2f06:	80 91 72 01 	lds	r24, 0x0172
    2f0a:	85 30       	cpi	r24, 0x05	; 5
    2f0c:	09 f0       	breq	.+2      	; 0x2f10 <App_handleEditStep+0x138>
    2f0e:	cc c0       	rjmp	.+408    	; 0x30a8 <App_handleEditStep+0x2d0>
    {
        if (g_editField == 0U)
    2f10:	80 91 74 01 	lds	r24, 0x0174
    2f14:	88 23       	and	r24, r24
    2f16:	79 f5       	brne	.+94     	; 0x2f76 <App_handleEditStep+0x19e>
        {
            uint8 days = App_daysInMonth(g_setDate.month, g_setDate.year);
    2f18:	80 91 14 01 	lds	r24, 0x0114
    2f1c:	20 91 15 01 	lds	r18, 0x0115
    2f20:	30 91 16 01 	lds	r19, 0x0116
    2f24:	b9 01       	movw	r22, r18
    2f26:	0e 94 25 1c 	call	0x384a	; 0x384a <App_daysInMonth>
    2f2a:	89 83       	std	Y+1, r24	; 0x01
            g_setDate.date = increment ? ((g_setDate.date >= days) ? 1U : (uint8)(g_setDate.date + 1U)) : ((g_setDate.date <= 1U) ? days : (uint8)(g_setDate.date - 1U));
    2f2c:	8a 81       	ldd	r24, Y+2	; 0x02
    2f2e:	88 23       	and	r24, r24
    2f30:	81 f0       	breq	.+32     	; 0x2f52 <App_handleEditStep+0x17a>
    2f32:	90 91 13 01 	lds	r25, 0x0113
    2f36:	89 81       	ldd	r24, Y+1	; 0x01
    2f38:	98 17       	cp	r25, r24
    2f3a:	30 f4       	brcc	.+12     	; 0x2f48 <App_handleEditStep+0x170>
    2f3c:	80 91 13 01 	lds	r24, 0x0113
    2f40:	98 2f       	mov	r25, r24
    2f42:	9f 5f       	subi	r25, 0xFF	; 255
    2f44:	99 8f       	std	Y+25, r25	; 0x19
    2f46:	02 c0       	rjmp	.+4      	; 0x2f4c <App_handleEditStep+0x174>
    2f48:	21 e0       	ldi	r18, 0x01	; 1
    2f4a:	29 8f       	std	Y+25, r18	; 0x19
    2f4c:	39 8d       	ldd	r19, Y+25	; 0x19
    2f4e:	3a 8f       	std	Y+26, r19	; 0x1a
    2f50:	0e c0       	rjmp	.+28     	; 0x2f6e <App_handleEditStep+0x196>
    2f52:	80 91 13 01 	lds	r24, 0x0113
    2f56:	82 30       	cpi	r24, 0x02	; 2
    2f58:	30 f0       	brcs	.+12     	; 0x2f66 <App_handleEditStep+0x18e>
    2f5a:	80 91 13 01 	lds	r24, 0x0113
    2f5e:	98 2f       	mov	r25, r24
    2f60:	91 50       	subi	r25, 0x01	; 1
    2f62:	98 8f       	std	Y+24, r25	; 0x18
    2f64:	02 c0       	rjmp	.+4      	; 0x2f6a <App_handleEditStep+0x192>
    2f66:	29 81       	ldd	r18, Y+1	; 0x01
    2f68:	28 8f       	std	Y+24, r18	; 0x18
    2f6a:	38 8d       	ldd	r19, Y+24	; 0x18
    2f6c:	3a 8f       	std	Y+26, r19	; 0x1a
    2f6e:	8a 8d       	ldd	r24, Y+26	; 0x1a
    2f70:	80 93 13 01 	sts	0x0113, r24
    2f74:	50 c1       	rjmp	.+672    	; 0x3216 <App_handleEditStep+0x43e>
        }
        else if (g_editField == 1U)
    2f76:	80 91 74 01 	lds	r24, 0x0174
    2f7a:	81 30       	cpi	r24, 0x01	; 1
    2f7c:	e9 f5       	brne	.+122    	; 0x2ff8 <App_handleEditStep+0x220>
        {
            g_setDate.month = increment ? ((g_setDate.month >= 12U) ? 1U : (uint8)(g_setDate.month + 1U)) : ((g_setDate.month <= 1U) ? 12U : (uint8)(g_setDate.month - 1U));
    2f7e:	8a 81       	ldd	r24, Y+2	; 0x02
    2f80:	88 23       	and	r24, r24
    2f82:	79 f0       	breq	.+30     	; 0x2fa2 <App_handleEditStep+0x1ca>
    2f84:	80 91 14 01 	lds	r24, 0x0114
    2f88:	8c 30       	cpi	r24, 0x0C	; 12
    2f8a:	30 f4       	brcc	.+12     	; 0x2f98 <App_handleEditStep+0x1c0>
    2f8c:	80 91 14 01 	lds	r24, 0x0114
    2f90:	98 2f       	mov	r25, r24
    2f92:	9f 5f       	subi	r25, 0xFF	; 255
    2f94:	9e 8b       	std	Y+22, r25	; 0x16
    2f96:	02 c0       	rjmp	.+4      	; 0x2f9c <App_handleEditStep+0x1c4>
    2f98:	21 e0       	ldi	r18, 0x01	; 1
    2f9a:	2e 8b       	std	Y+22, r18	; 0x16
    2f9c:	3e 89       	ldd	r19, Y+22	; 0x16
    2f9e:	3f 8b       	std	Y+23, r19	; 0x17
    2fa0:	0e c0       	rjmp	.+28     	; 0x2fbe <App_handleEditStep+0x1e6>
    2fa2:	80 91 14 01 	lds	r24, 0x0114
    2fa6:	82 30       	cpi	r24, 0x02	; 2
    2fa8:	30 f0       	brcs	.+12     	; 0x2fb6 <App_handleEditStep+0x1de>
    2faa:	80 91 14 01 	lds	r24, 0x0114
    2fae:	98 2f       	mov	r25, r24
    2fb0:	91 50       	subi	r25, 0x01	; 1
    2fb2:	9d 8b       	std	Y+21, r25	; 0x15
    2fb4:	02 c0       	rjmp	.+4      	; 0x2fba <App_handleEditStep+0x1e2>
    2fb6:	2c e0       	ldi	r18, 0x0C	; 12
    2fb8:	2d 8b       	std	Y+21, r18	; 0x15
    2fba:	3d 89       	ldd	r19, Y+21	; 0x15
    2fbc:	3f 8b       	std	Y+23, r19	; 0x17
    2fbe:	8f 89       	ldd	r24, Y+23	; 0x17
    2fc0:	80 93 14 01 	sts	0x0114, r24
            if (g_setDate.date > App_daysInMonth(g_setDate.month, g_setDate.year)) g_setDate.date = App_daysInMonth(g_setDate.month, g_setDate.year);
    2fc4:	10 91 13 01 	lds	r17, 0x0113
    2fc8:	80 91 14 01 	lds	r24, 0x0114
    2fcc:	20 91 15 01 	lds	r18, 0x0115
    2fd0:	30 91 16 01 	lds	r19, 0x0116
    2fd4:	b9 01       	movw	r22, r18
    2fd6:	0e 94 25 1c 	call	0x384a	; 0x384a <App_daysInMonth>
    2fda:	81 17       	cp	r24, r17
    2fdc:	08 f0       	brcs	.+2      	; 0x2fe0 <App_handleEditStep+0x208>
    2fde:	1b c1       	rjmp	.+566    	; 0x3216 <App_handleEditStep+0x43e>
    2fe0:	80 91 14 01 	lds	r24, 0x0114
    2fe4:	20 91 15 01 	lds	r18, 0x0115
    2fe8:	30 91 16 01 	lds	r19, 0x0116
    2fec:	b9 01       	movw	r22, r18
    2fee:	0e 94 25 1c 	call	0x384a	; 0x384a <App_daysInMonth>
    2ff2:	80 93 13 01 	sts	0x0113, r24
    2ff6:	0f c1       	rjmp	.+542    	; 0x3216 <App_handleEditStep+0x43e>
        }
        else
        {
            g_setDate.year = increment ? ((g_setDate.year >= 2099U) ? 2000U : (uint16)(g_setDate.year + 1U)) : ((g_setDate.year <= 2000U) ? 2099U : (uint16)(g_setDate.year - 1U));
    2ff8:	8a 81       	ldd	r24, Y+2	; 0x02
    2ffa:	88 23       	and	r24, r24
    2ffc:	d9 f0       	breq	.+54     	; 0x3034 <App_handleEditStep+0x25c>
    2ffe:	80 91 15 01 	lds	r24, 0x0115
    3002:	90 91 16 01 	lds	r25, 0x0116
    3006:	28 e0       	ldi	r18, 0x08	; 8
    3008:	83 33       	cpi	r24, 0x33	; 51
    300a:	92 07       	cpc	r25, r18
    300c:	50 f4       	brcc	.+20     	; 0x3022 <App_handleEditStep+0x24a>
    300e:	80 91 15 01 	lds	r24, 0x0115
    3012:	90 91 16 01 	lds	r25, 0x0116
    3016:	9c 01       	movw	r18, r24
    3018:	2f 5f       	subi	r18, 0xFF	; 255
    301a:	3f 4f       	sbci	r19, 0xFF	; 255
    301c:	3a 8b       	std	Y+18, r19	; 0x12
    301e:	29 8b       	std	Y+17, r18	; 0x11
    3020:	04 c0       	rjmp	.+8      	; 0x302a <App_handleEditStep+0x252>
    3022:	80 ed       	ldi	r24, 0xD0	; 208
    3024:	97 e0       	ldi	r25, 0x07	; 7
    3026:	9a 8b       	std	Y+18, r25	; 0x12
    3028:	89 8b       	std	Y+17, r24	; 0x11
    302a:	29 89       	ldd	r18, Y+17	; 0x11
    302c:	3a 89       	ldd	r19, Y+18	; 0x12
    302e:	3c 8b       	std	Y+20, r19	; 0x14
    3030:	2b 8b       	std	Y+19, r18	; 0x13
    3032:	1a c0       	rjmp	.+52     	; 0x3068 <App_handleEditStep+0x290>
    3034:	80 91 15 01 	lds	r24, 0x0115
    3038:	90 91 16 01 	lds	r25, 0x0116
    303c:	37 e0       	ldi	r19, 0x07	; 7
    303e:	81 3d       	cpi	r24, 0xD1	; 209
    3040:	93 07       	cpc	r25, r19
    3042:	50 f0       	brcs	.+20     	; 0x3058 <App_handleEditStep+0x280>
    3044:	80 91 15 01 	lds	r24, 0x0115
    3048:	90 91 16 01 	lds	r25, 0x0116
    304c:	9c 01       	movw	r18, r24
    304e:	21 50       	subi	r18, 0x01	; 1
    3050:	30 40       	sbci	r19, 0x00	; 0
    3052:	38 8b       	std	Y+16, r19	; 0x10
    3054:	2f 87       	std	Y+15, r18	; 0x0f
    3056:	04 c0       	rjmp	.+8      	; 0x3060 <App_handleEditStep+0x288>
    3058:	83 e3       	ldi	r24, 0x33	; 51
    305a:	98 e0       	ldi	r25, 0x08	; 8
    305c:	98 8b       	std	Y+16, r25	; 0x10
    305e:	8f 87       	std	Y+15, r24	; 0x0f
    3060:	2f 85       	ldd	r18, Y+15	; 0x0f
    3062:	38 89       	ldd	r19, Y+16	; 0x10
    3064:	3c 8b       	std	Y+20, r19	; 0x14
    3066:	2b 8b       	std	Y+19, r18	; 0x13
    3068:	8b 89       	ldd	r24, Y+19	; 0x13
    306a:	9c 89       	ldd	r25, Y+20	; 0x14
    306c:	90 93 16 01 	sts	0x0116, r25
    3070:	80 93 15 01 	sts	0x0115, r24
            if (g_setDate.date > App_daysInMonth(g_setDate.month, g_setDate.year)) g_setDate.date = App_daysInMonth(g_setDate.month, g_setDate.year);
    3074:	10 91 13 01 	lds	r17, 0x0113
    3078:	80 91 14 01 	lds	r24, 0x0114
    307c:	20 91 15 01 	lds	r18, 0x0115
    3080:	30 91 16 01 	lds	r19, 0x0116
    3084:	b9 01       	movw	r22, r18
    3086:	0e 94 25 1c 	call	0x384a	; 0x384a <App_daysInMonth>
    308a:	81 17       	cp	r24, r17
    308c:	08 f0       	brcs	.+2      	; 0x3090 <App_handleEditStep+0x2b8>
    308e:	c3 c0       	rjmp	.+390    	; 0x3216 <App_handleEditStep+0x43e>
    3090:	80 91 14 01 	lds	r24, 0x0114
    3094:	20 91 15 01 	lds	r18, 0x0115
    3098:	30 91 16 01 	lds	r19, 0x0116
    309c:	b9 01       	movw	r22, r18
    309e:	0e 94 25 1c 	call	0x384a	; 0x384a <App_daysInMonth>
    30a2:	80 93 13 01 	sts	0x0113, r24
    30a6:	b7 c0       	rjmp	.+366    	; 0x3216 <App_handleEditStep+0x43e>
        }
    }
    else if (g_mode == APP_MODE_EDIT_ALARM)
    30a8:	80 91 72 01 	lds	r24, 0x0172
    30ac:	86 30       	cpi	r24, 0x06	; 6
    30ae:	09 f0       	breq	.+2      	; 0x30b2 <App_handleEditStep+0x2da>
    30b0:	46 c0       	rjmp	.+140    	; 0x313e <App_handleEditStep+0x366>
    {
        if (g_editField == 0U)
    30b2:	80 91 74 01 	lds	r24, 0x0174
    30b6:	88 23       	and	r24, r24
    30b8:	09 f5       	brne	.+66     	; 0x30fc <App_handleEditStep+0x324>
            g_alarmEdit.hour = increment ? (uint8)((g_alarmEdit.hour + 1U) % 24U) : ((g_alarmEdit.hour == 0U) ? 23U : (uint8)(g_alarmEdit.hour - 1U));
    30ba:	8a 81       	ldd	r24, Y+2	; 0x02
    30bc:	88 23       	and	r24, r24
    30be:	61 f0       	breq	.+24     	; 0x30d8 <App_handleEditStep+0x300>
    30c0:	80 91 19 01 	lds	r24, 0x0119
    30c4:	88 2f       	mov	r24, r24
    30c6:	90 e0       	ldi	r25, 0x00	; 0
    30c8:	01 96       	adiw	r24, 0x01	; 1
    30ca:	28 e1       	ldi	r18, 0x18	; 24
    30cc:	30 e0       	ldi	r19, 0x00	; 0
    30ce:	b9 01       	movw	r22, r18
    30d0:	0e 94 82 2c 	call	0x5904	; 0x5904 <__udivmodhi4>
    30d4:	8e 87       	std	Y+14, r24	; 0x0e
    30d6:	0e c0       	rjmp	.+28     	; 0x30f4 <App_handleEditStep+0x31c>
    30d8:	80 91 19 01 	lds	r24, 0x0119
    30dc:	88 23       	and	r24, r24
    30de:	31 f0       	breq	.+12     	; 0x30ec <App_handleEditStep+0x314>
    30e0:	80 91 19 01 	lds	r24, 0x0119
    30e4:	98 2f       	mov	r25, r24
    30e6:	91 50       	subi	r25, 0x01	; 1
    30e8:	9d 87       	std	Y+13, r25	; 0x0d
    30ea:	02 c0       	rjmp	.+4      	; 0x30f0 <App_handleEditStep+0x318>
    30ec:	27 e1       	ldi	r18, 0x17	; 23
    30ee:	2d 87       	std	Y+13, r18	; 0x0d
    30f0:	3d 85       	ldd	r19, Y+13	; 0x0d
    30f2:	3e 87       	std	Y+14, r19	; 0x0e
    30f4:	8e 85       	ldd	r24, Y+14	; 0x0e
    30f6:	80 93 19 01 	sts	0x0119, r24
    30fa:	8d c0       	rjmp	.+282    	; 0x3216 <App_handleEditStep+0x43e>
        else
            g_alarmEdit.minute = increment ? (uint8)((g_alarmEdit.minute + 1U) % 60U) : ((g_alarmEdit.minute == 0U) ? 59U : (uint8)(g_alarmEdit.minute - 1U));
    30fc:	8a 81       	ldd	r24, Y+2	; 0x02
    30fe:	88 23       	and	r24, r24
    3100:	61 f0       	breq	.+24     	; 0x311a <App_handleEditStep+0x342>
    3102:	80 91 1a 01 	lds	r24, 0x011A
    3106:	88 2f       	mov	r24, r24
    3108:	90 e0       	ldi	r25, 0x00	; 0
    310a:	01 96       	adiw	r24, 0x01	; 1
    310c:	2c e3       	ldi	r18, 0x3C	; 60
    310e:	30 e0       	ldi	r19, 0x00	; 0
    3110:	b9 01       	movw	r22, r18
    3112:	0e 94 82 2c 	call	0x5904	; 0x5904 <__udivmodhi4>
    3116:	8c 87       	std	Y+12, r24	; 0x0c
    3118:	0e c0       	rjmp	.+28     	; 0x3136 <App_handleEditStep+0x35e>
    311a:	80 91 1a 01 	lds	r24, 0x011A
    311e:	88 23       	and	r24, r24
    3120:	31 f0       	breq	.+12     	; 0x312e <App_handleEditStep+0x356>
    3122:	80 91 1a 01 	lds	r24, 0x011A
    3126:	98 2f       	mov	r25, r24
    3128:	91 50       	subi	r25, 0x01	; 1
    312a:	9b 87       	std	Y+11, r25	; 0x0b
    312c:	02 c0       	rjmp	.+4      	; 0x3132 <App_handleEditStep+0x35a>
    312e:	2b e3       	ldi	r18, 0x3B	; 59
    3130:	2b 87       	std	Y+11, r18	; 0x0b
    3132:	3b 85       	ldd	r19, Y+11	; 0x0b
    3134:	3c 87       	std	Y+12, r19	; 0x0c
    3136:	8c 85       	ldd	r24, Y+12	; 0x0c
    3138:	80 93 1a 01 	sts	0x011A, r24
    313c:	6c c0       	rjmp	.+216    	; 0x3216 <App_handleEditStep+0x43e>
    }
    else
    {
        if (g_editField == 0U)
    313e:	80 91 74 01 	lds	r24, 0x0174
    3142:	88 23       	and	r24, r24
    3144:	19 f5       	brne	.+70     	; 0x318c <App_handleEditStep+0x3b4>
            g_countdownEdit.hour = increment ? ((g_countdownEdit.hour >= APP_COUNTDOWN_MAX_HOURS) ? 0U : (uint8)(g_countdownEdit.hour + 1U)) : ((g_countdownEdit.hour == 0U) ? APP_COUNTDOWN_MAX_HOURS : (uint8)(g_countdownEdit.hour - 1U));
    3146:	8a 81       	ldd	r24, Y+2	; 0x02
    3148:	88 23       	and	r24, r24
    314a:	71 f0       	breq	.+28     	; 0x3168 <App_handleEditStep+0x390>
    314c:	80 91 1e 01 	lds	r24, 0x011E
    3150:	83 36       	cpi	r24, 0x63	; 99
    3152:	30 f4       	brcc	.+12     	; 0x3160 <App_handleEditStep+0x388>
    3154:	80 91 1e 01 	lds	r24, 0x011E
    3158:	98 2f       	mov	r25, r24
    315a:	9f 5f       	subi	r25, 0xFF	; 255
    315c:	99 87       	std	Y+9, r25	; 0x09
    315e:	01 c0       	rjmp	.+2      	; 0x3162 <App_handleEditStep+0x38a>
    3160:	19 86       	std	Y+9, r1	; 0x09
    3162:	29 85       	ldd	r18, Y+9	; 0x09
    3164:	2a 87       	std	Y+10, r18	; 0x0a
    3166:	0e c0       	rjmp	.+28     	; 0x3184 <App_handleEditStep+0x3ac>
    3168:	80 91 1e 01 	lds	r24, 0x011E
    316c:	88 23       	and	r24, r24
    316e:	31 f0       	breq	.+12     	; 0x317c <App_handleEditStep+0x3a4>
    3170:	80 91 1e 01 	lds	r24, 0x011E
    3174:	38 2f       	mov	r19, r24
    3176:	31 50       	subi	r19, 0x01	; 1
    3178:	38 87       	std	Y+8, r19	; 0x08
    317a:	02 c0       	rjmp	.+4      	; 0x3180 <App_handleEditStep+0x3a8>
    317c:	83 e6       	ldi	r24, 0x63	; 99
    317e:	88 87       	std	Y+8, r24	; 0x08
    3180:	98 85       	ldd	r25, Y+8	; 0x08
    3182:	9a 87       	std	Y+10, r25	; 0x0a
    3184:	2a 85       	ldd	r18, Y+10	; 0x0a
    3186:	20 93 1e 01 	sts	0x011E, r18
    318a:	45 c0       	rjmp	.+138    	; 0x3216 <App_handleEditStep+0x43e>
        else if (g_editField == 1U)
    318c:	80 91 74 01 	lds	r24, 0x0174
    3190:	81 30       	cpi	r24, 0x01	; 1
    3192:	09 f5       	brne	.+66     	; 0x31d6 <App_handleEditStep+0x3fe>
            g_countdownEdit.minute = increment ? (uint8)((g_countdownEdit.minute + 1U) % 60U) : ((g_countdownEdit.minute == 0U) ? 59U : (uint8)(g_countdownEdit.minute - 1U));
    3194:	8a 81       	ldd	r24, Y+2	; 0x02
    3196:	88 23       	and	r24, r24
    3198:	61 f0       	breq	.+24     	; 0x31b2 <App_handleEditStep+0x3da>
    319a:	80 91 1f 01 	lds	r24, 0x011F
    319e:	88 2f       	mov	r24, r24
    31a0:	90 e0       	ldi	r25, 0x00	; 0
    31a2:	01 96       	adiw	r24, 0x01	; 1
    31a4:	2c e3       	ldi	r18, 0x3C	; 60
    31a6:	30 e0       	ldi	r19, 0x00	; 0
    31a8:	b9 01       	movw	r22, r18
    31aa:	0e 94 82 2c 	call	0x5904	; 0x5904 <__udivmodhi4>
    31ae:	8f 83       	std	Y+7, r24	; 0x07
    31b0:	0e c0       	rjmp	.+28     	; 0x31ce <App_handleEditStep+0x3f6>
    31b2:	80 91 1f 01 	lds	r24, 0x011F
    31b6:	88 23       	and	r24, r24
    31b8:	31 f0       	breq	.+12     	; 0x31c6 <App_handleEditStep+0x3ee>
    31ba:	80 91 1f 01 	lds	r24, 0x011F
    31be:	38 2f       	mov	r19, r24
    31c0:	31 50       	subi	r19, 0x01	; 1
    31c2:	3e 83       	std	Y+6, r19	; 0x06
    31c4:	02 c0       	rjmp	.+4      	; 0x31ca <App_handleEditStep+0x3f2>
    31c6:	8b e3       	ldi	r24, 0x3B	; 59
    31c8:	8e 83       	std	Y+6, r24	; 0x06
    31ca:	9e 81       	ldd	r25, Y+6	; 0x06
    31cc:	9f 83       	std	Y+7, r25	; 0x07
    31ce:	2f 81       	ldd	r18, Y+7	; 0x07
    31d0:	20 93 1f 01 	sts	0x011F, r18
    31d4:	20 c0       	rjmp	.+64     	; 0x3216 <App_handleEditStep+0x43e>
        else
            g_countdownEdit.second = increment ? (uint8)((g_countdownEdit.second + 1U) % 60U) : ((g_countdownEdit.second == 0U) ? 59U : (uint8)(g_countdownEdit.second - 1U));
    31d6:	8a 81       	ldd	r24, Y+2	; 0x02
    31d8:	88 23       	and	r24, r24
    31da:	61 f0       	breq	.+24     	; 0x31f4 <App_handleEditStep+0x41c>
    31dc:	80 91 20 01 	lds	r24, 0x0120
    31e0:	88 2f       	mov	r24, r24
    31e2:	90 e0       	ldi	r25, 0x00	; 0
    31e4:	01 96       	adiw	r24, 0x01	; 1
    31e6:	2c e3       	ldi	r18, 0x3C	; 60
    31e8:	30 e0       	ldi	r19, 0x00	; 0
    31ea:	b9 01       	movw	r22, r18
    31ec:	0e 94 82 2c 	call	0x5904	; 0x5904 <__udivmodhi4>
    31f0:	8d 83       	std	Y+5, r24	; 0x05
    31f2:	0e c0       	rjmp	.+28     	; 0x3210 <App_handleEditStep+0x438>
    31f4:	80 91 20 01 	lds	r24, 0x0120
    31f8:	88 23       	and	r24, r24
    31fa:	31 f0       	breq	.+12     	; 0x3208 <App_handleEditStep+0x430>
    31fc:	80 91 20 01 	lds	r24, 0x0120
    3200:	38 2f       	mov	r19, r24
    3202:	31 50       	subi	r19, 0x01	; 1
    3204:	3c 83       	std	Y+4, r19	; 0x04
    3206:	02 c0       	rjmp	.+4      	; 0x320c <App_handleEditStep+0x434>
    3208:	8b e3       	ldi	r24, 0x3B	; 59
    320a:	8c 83       	std	Y+4, r24	; 0x04
    320c:	9c 81       	ldd	r25, Y+4	; 0x04
    320e:	9d 83       	std	Y+5, r25	; 0x05
    3210:	2d 81       	ldd	r18, Y+5	; 0x05
    3212:	20 93 20 01 	sts	0x0120, r18
    }

    App_markScreenDirty();
    3216:	0e 94 32 14 	call	0x2864	; 0x2864 <App_markScreenDirty>
    return 1U;
    321a:	31 e0       	ldi	r19, 0x01	; 1
    321c:	3a a3       	std	Y+34, r19	; 0x22
    321e:	8a a1       	ldd	r24, Y+34	; 0x22
}
    3220:	a2 96       	adiw	r28, 0x22	; 34
    3222:	0f b6       	in	r0, 0x3f	; 63
    3224:	f8 94       	cli
    3226:	de bf       	out	0x3e, r29	; 62
    3228:	0f be       	out	0x3f, r0	; 63
    322a:	cd bf       	out	0x3d, r28	; 61
    322c:	cf 91       	pop	r28
    322e:	df 91       	pop	r29
    3230:	1f 91       	pop	r17
    3232:	08 95       	ret

00003234 <App_handleNumericEdit>:

static uint8 App_handleNumericEdit(char key)
{
    3234:	df 93       	push	r29
    3236:	cf 93       	push	r28
    3238:	00 d0       	rcall	.+0      	; 0x323a <App_handleNumericEdit+0x6>
    323a:	00 d0       	rcall	.+0      	; 0x323c <App_handleNumericEdit+0x8>
    323c:	cd b7       	in	r28, 0x3d	; 61
    323e:	de b7       	in	r29, 0x3e	; 62
    3240:	8b 83       	std	Y+3, r24	; 0x03
    uint8 digit;
    uint8 width;

    if ((App_isEditMode(g_mode) == 0U) || (key < '0') || (key > '9'))
    3242:	80 91 72 01 	lds	r24, 0x0172
    3246:	0e 94 3c 14 	call	0x2878	; 0x2878 <App_isEditMode>
    324a:	88 23       	and	r24, r24
    324c:	31 f0       	breq	.+12     	; 0x325a <App_handleNumericEdit+0x26>
    324e:	8b 81       	ldd	r24, Y+3	; 0x03
    3250:	80 33       	cpi	r24, 0x30	; 48
    3252:	18 f0       	brcs	.+6      	; 0x325a <App_handleNumericEdit+0x26>
    3254:	8b 81       	ldd	r24, Y+3	; 0x03
    3256:	8a 33       	cpi	r24, 0x3A	; 58
    3258:	10 f0       	brcs	.+4      	; 0x325e <App_handleNumericEdit+0x2a>
    {
        return 0U;
    325a:	1c 82       	std	Y+4, r1	; 0x04
    325c:	19 c2       	rjmp	.+1074   	; 0x3690 <App_handleNumericEdit+0x45c>
    }

    digit = (uint8)(key - '0');
    325e:	8b 81       	ldd	r24, Y+3	; 0x03
    3260:	80 53       	subi	r24, 0x30	; 48
    3262:	8a 83       	std	Y+2, r24	; 0x02
    width = App_numericFieldWidth();
    3264:	0e 94 80 16 	call	0x2d00	; 0x2d00 <App_numericFieldWidth>
    3268:	89 83       	std	Y+1, r24	; 0x01

    if (g_numericDigits == 0U)
    326a:	80 91 75 01 	lds	r24, 0x0175
    326e:	88 23       	and	r24, r24
    3270:	09 f0       	breq	.+2      	; 0x3274 <App_handleNumericEdit+0x40>
    3272:	d3 c0       	rjmp	.+422    	; 0x341a <App_handleNumericEdit+0x1e6>
    {
        if (g_mode == APP_MODE_SET_TIME)
    3274:	80 91 72 01 	lds	r24, 0x0172
    3278:	84 30       	cpi	r24, 0x04	; 4
    327a:	b1 f5       	brne	.+108    	; 0x32e8 <App_handleNumericEdit+0xb4>
        {
            if (g_editField == 0U) g_previousFieldValue = g_setTime.hour;
    327c:	80 91 74 01 	lds	r24, 0x0174
    3280:	88 23       	and	r24, r24
    3282:	49 f4       	brne	.+18     	; 0x3296 <App_handleNumericEdit+0x62>
    3284:	80 91 09 01 	lds	r24, 0x0109
    3288:	88 2f       	mov	r24, r24
    328a:	90 e0       	ldi	r25, 0x00	; 0
    328c:	90 93 77 01 	sts	0x0177, r25
    3290:	80 93 76 01 	sts	0x0176, r24
    3294:	15 c0       	rjmp	.+42     	; 0x32c0 <App_handleNumericEdit+0x8c>
            else if (g_editField == 1U) g_previousFieldValue = g_setTime.minute;
    3296:	80 91 74 01 	lds	r24, 0x0174
    329a:	81 30       	cpi	r24, 0x01	; 1
    329c:	49 f4       	brne	.+18     	; 0x32b0 <App_handleNumericEdit+0x7c>
    329e:	80 91 08 01 	lds	r24, 0x0108
    32a2:	88 2f       	mov	r24, r24
    32a4:	90 e0       	ldi	r25, 0x00	; 0
    32a6:	90 93 77 01 	sts	0x0177, r25
    32aa:	80 93 76 01 	sts	0x0176, r24
    32ae:	08 c0       	rjmp	.+16     	; 0x32c0 <App_handleNumericEdit+0x8c>
            else g_previousFieldValue = g_setTime.second;
    32b0:	80 91 07 01 	lds	r24, 0x0107
    32b4:	88 2f       	mov	r24, r24
    32b6:	90 e0       	ldi	r25, 0x00	; 0
    32b8:	90 93 77 01 	sts	0x0177, r25
    32bc:	80 93 76 01 	sts	0x0176, r24
            if (g_editField == 0U) g_setTime.hour = digit;
    32c0:	80 91 74 01 	lds	r24, 0x0174
    32c4:	88 23       	and	r24, r24
    32c6:	21 f4       	brne	.+8      	; 0x32d0 <App_handleNumericEdit+0x9c>
    32c8:	8a 81       	ldd	r24, Y+2	; 0x02
    32ca:	80 93 09 01 	sts	0x0109, r24
    32ce:	ae c1       	rjmp	.+860    	; 0x362c <App_handleNumericEdit+0x3f8>
            else if (g_editField == 1U) g_setTime.minute = digit;
    32d0:	80 91 74 01 	lds	r24, 0x0174
    32d4:	81 30       	cpi	r24, 0x01	; 1
    32d6:	21 f4       	brne	.+8      	; 0x32e0 <App_handleNumericEdit+0xac>
    32d8:	8a 81       	ldd	r24, Y+2	; 0x02
    32da:	80 93 08 01 	sts	0x0108, r24
    32de:	a6 c1       	rjmp	.+844    	; 0x362c <App_handleNumericEdit+0x3f8>
            else g_setTime.second = digit;
    32e0:	8a 81       	ldd	r24, Y+2	; 0x02
    32e2:	80 93 07 01 	sts	0x0107, r24
    32e6:	a2 c1       	rjmp	.+836    	; 0x362c <App_handleNumericEdit+0x3f8>
        }
        else if (g_mode == APP_MODE_SET_DATE)
    32e8:	80 91 72 01 	lds	r24, 0x0172
    32ec:	85 30       	cpi	r24, 0x05	; 5
    32ee:	d1 f5       	brne	.+116    	; 0x3364 <App_handleNumericEdit+0x130>
        {
            if (g_editField == 0U) g_previousFieldValue = g_setDate.date;
    32f0:	80 91 74 01 	lds	r24, 0x0174
    32f4:	88 23       	and	r24, r24
    32f6:	49 f4       	brne	.+18     	; 0x330a <App_handleNumericEdit+0xd6>
    32f8:	80 91 13 01 	lds	r24, 0x0113
    32fc:	88 2f       	mov	r24, r24
    32fe:	90 e0       	ldi	r25, 0x00	; 0
    3300:	90 93 77 01 	sts	0x0177, r25
    3304:	80 93 76 01 	sts	0x0176, r24
    3308:	15 c0       	rjmp	.+42     	; 0x3334 <App_handleNumericEdit+0x100>
            else if (g_editField == 1U) g_previousFieldValue = g_setDate.month;
    330a:	80 91 74 01 	lds	r24, 0x0174
    330e:	81 30       	cpi	r24, 0x01	; 1
    3310:	49 f4       	brne	.+18     	; 0x3324 <App_handleNumericEdit+0xf0>
    3312:	80 91 14 01 	lds	r24, 0x0114
    3316:	88 2f       	mov	r24, r24
    3318:	90 e0       	ldi	r25, 0x00	; 0
    331a:	90 93 77 01 	sts	0x0177, r25
    331e:	80 93 76 01 	sts	0x0176, r24
    3322:	08 c0       	rjmp	.+16     	; 0x3334 <App_handleNumericEdit+0x100>
            else g_previousFieldValue = g_setDate.year;
    3324:	80 91 15 01 	lds	r24, 0x0115
    3328:	90 91 16 01 	lds	r25, 0x0116
    332c:	90 93 77 01 	sts	0x0177, r25
    3330:	80 93 76 01 	sts	0x0176, r24
            if (g_editField == 0U) g_setDate.date = digit;
    3334:	80 91 74 01 	lds	r24, 0x0174
    3338:	88 23       	and	r24, r24
    333a:	21 f4       	brne	.+8      	; 0x3344 <App_handleNumericEdit+0x110>
    333c:	8a 81       	ldd	r24, Y+2	; 0x02
    333e:	80 93 13 01 	sts	0x0113, r24
    3342:	74 c1       	rjmp	.+744    	; 0x362c <App_handleNumericEdit+0x3f8>
            else if (g_editField == 1U) g_setDate.month = digit;
    3344:	80 91 74 01 	lds	r24, 0x0174
    3348:	81 30       	cpi	r24, 0x01	; 1
    334a:	21 f4       	brne	.+8      	; 0x3354 <App_handleNumericEdit+0x120>
    334c:	8a 81       	ldd	r24, Y+2	; 0x02
    334e:	80 93 14 01 	sts	0x0114, r24
    3352:	6c c1       	rjmp	.+728    	; 0x362c <App_handleNumericEdit+0x3f8>
            else g_setDate.year = digit;
    3354:	8a 81       	ldd	r24, Y+2	; 0x02
    3356:	88 2f       	mov	r24, r24
    3358:	90 e0       	ldi	r25, 0x00	; 0
    335a:	90 93 16 01 	sts	0x0116, r25
    335e:	80 93 15 01 	sts	0x0115, r24
    3362:	64 c1       	rjmp	.+712    	; 0x362c <App_handleNumericEdit+0x3f8>
        }
        else if (g_mode == APP_MODE_EDIT_ALARM)
    3364:	80 91 72 01 	lds	r24, 0x0172
    3368:	86 30       	cpi	r24, 0x06	; 6
    336a:	09 f5       	brne	.+66     	; 0x33ae <App_handleNumericEdit+0x17a>
        {
            if (g_editField == 0U) g_previousFieldValue = g_alarmEdit.hour;
    336c:	80 91 74 01 	lds	r24, 0x0174
    3370:	88 23       	and	r24, r24
    3372:	49 f4       	brne	.+18     	; 0x3386 <App_handleNumericEdit+0x152>
    3374:	80 91 19 01 	lds	r24, 0x0119
    3378:	88 2f       	mov	r24, r24
    337a:	90 e0       	ldi	r25, 0x00	; 0
    337c:	90 93 77 01 	sts	0x0177, r25
    3380:	80 93 76 01 	sts	0x0176, r24
    3384:	08 c0       	rjmp	.+16     	; 0x3396 <App_handleNumericEdit+0x162>
            else g_previousFieldValue = g_alarmEdit.minute;
    3386:	80 91 1a 01 	lds	r24, 0x011A
    338a:	88 2f       	mov	r24, r24
    338c:	90 e0       	ldi	r25, 0x00	; 0
    338e:	90 93 77 01 	sts	0x0177, r25
    3392:	80 93 76 01 	sts	0x0176, r24
            if (g_editField == 0U) g_alarmEdit.hour = digit;
    3396:	80 91 74 01 	lds	r24, 0x0174
    339a:	88 23       	and	r24, r24
    339c:	21 f4       	brne	.+8      	; 0x33a6 <App_handleNumericEdit+0x172>
    339e:	8a 81       	ldd	r24, Y+2	; 0x02
    33a0:	80 93 19 01 	sts	0x0119, r24
    33a4:	43 c1       	rjmp	.+646    	; 0x362c <App_handleNumericEdit+0x3f8>
            else g_alarmEdit.minute = digit;
    33a6:	8a 81       	ldd	r24, Y+2	; 0x02
    33a8:	80 93 1a 01 	sts	0x011A, r24
    33ac:	3f c1       	rjmp	.+638    	; 0x362c <App_handleNumericEdit+0x3f8>
        }
        else
        {
            if (g_editField == 0U) g_previousFieldValue = g_countdownEdit.hour;
    33ae:	80 91 74 01 	lds	r24, 0x0174
    33b2:	88 23       	and	r24, r24
    33b4:	49 f4       	brne	.+18     	; 0x33c8 <App_handleNumericEdit+0x194>
    33b6:	80 91 1e 01 	lds	r24, 0x011E
    33ba:	88 2f       	mov	r24, r24
    33bc:	90 e0       	ldi	r25, 0x00	; 0
    33be:	90 93 77 01 	sts	0x0177, r25
    33c2:	80 93 76 01 	sts	0x0176, r24
    33c6:	15 c0       	rjmp	.+42     	; 0x33f2 <App_handleNumericEdit+0x1be>
            else if (g_editField == 1U) g_previousFieldValue = g_countdownEdit.minute;
    33c8:	80 91 74 01 	lds	r24, 0x0174
    33cc:	81 30       	cpi	r24, 0x01	; 1
    33ce:	49 f4       	brne	.+18     	; 0x33e2 <App_handleNumericEdit+0x1ae>
    33d0:	80 91 1f 01 	lds	r24, 0x011F
    33d4:	88 2f       	mov	r24, r24
    33d6:	90 e0       	ldi	r25, 0x00	; 0
    33d8:	90 93 77 01 	sts	0x0177, r25
    33dc:	80 93 76 01 	sts	0x0176, r24
    33e0:	08 c0       	rjmp	.+16     	; 0x33f2 <App_handleNumericEdit+0x1be>
            else g_previousFieldValue = g_countdownEdit.second;
    33e2:	80 91 20 01 	lds	r24, 0x0120
    33e6:	88 2f       	mov	r24, r24
    33e8:	90 e0       	ldi	r25, 0x00	; 0
    33ea:	90 93 77 01 	sts	0x0177, r25
    33ee:	80 93 76 01 	sts	0x0176, r24
            if (g_editField == 0U) g_countdownEdit.hour = digit;
    33f2:	80 91 74 01 	lds	r24, 0x0174
    33f6:	88 23       	and	r24, r24
    33f8:	21 f4       	brne	.+8      	; 0x3402 <App_handleNumericEdit+0x1ce>
    33fa:	8a 81       	ldd	r24, Y+2	; 0x02
    33fc:	80 93 1e 01 	sts	0x011E, r24
    3400:	15 c1       	rjmp	.+554    	; 0x362c <App_handleNumericEdit+0x3f8>
            else if (g_editField == 1U) g_countdownEdit.minute = digit;
    3402:	80 91 74 01 	lds	r24, 0x0174
    3406:	81 30       	cpi	r24, 0x01	; 1
    3408:	21 f4       	brne	.+8      	; 0x3412 <App_handleNumericEdit+0x1de>
    340a:	8a 81       	ldd	r24, Y+2	; 0x02
    340c:	80 93 1f 01 	sts	0x011F, r24
    3410:	0d c1       	rjmp	.+538    	; 0x362c <App_handleNumericEdit+0x3f8>
            else g_countdownEdit.second = digit;
    3412:	8a 81       	ldd	r24, Y+2	; 0x02
    3414:	80 93 20 01 	sts	0x0120, r24
    3418:	09 c1       	rjmp	.+530    	; 0x362c <App_handleNumericEdit+0x3f8>
        }
    }
    else if (g_mode == APP_MODE_SET_TIME)
    341a:	80 91 72 01 	lds	r24, 0x0172
    341e:	84 30       	cpi	r24, 0x04	; 4
    3420:	09 f0       	breq	.+2      	; 0x3424 <App_handleNumericEdit+0x1f0>
    3422:	44 c0       	rjmp	.+136    	; 0x34ac <App_handleNumericEdit+0x278>
    {
        if (g_editField == 0U) g_setTime.hour = (uint8)(g_setTime.hour * 10U + digit);
    3424:	80 91 74 01 	lds	r24, 0x0174
    3428:	88 23       	and	r24, r24
    342a:	a1 f4       	brne	.+40     	; 0x3454 <App_handleNumericEdit+0x220>
    342c:	80 91 09 01 	lds	r24, 0x0109
    3430:	88 2f       	mov	r24, r24
    3432:	90 e0       	ldi	r25, 0x00	; 0
    3434:	9c 01       	movw	r18, r24
    3436:	22 0f       	add	r18, r18
    3438:	33 1f       	adc	r19, r19
    343a:	c9 01       	movw	r24, r18
    343c:	88 0f       	add	r24, r24
    343e:	99 1f       	adc	r25, r25
    3440:	88 0f       	add	r24, r24
    3442:	99 1f       	adc	r25, r25
    3444:	82 0f       	add	r24, r18
    3446:	93 1f       	adc	r25, r19
    3448:	98 2f       	mov	r25, r24
    344a:	8a 81       	ldd	r24, Y+2	; 0x02
    344c:	89 0f       	add	r24, r25
    344e:	80 93 09 01 	sts	0x0109, r24
    3452:	ec c0       	rjmp	.+472    	; 0x362c <App_handleNumericEdit+0x3f8>
        else if (g_editField == 1U) g_setTime.minute = (uint8)(g_setTime.minute * 10U + digit);
    3454:	80 91 74 01 	lds	r24, 0x0174
    3458:	81 30       	cpi	r24, 0x01	; 1
    345a:	a1 f4       	brne	.+40     	; 0x3484 <App_handleNumericEdit+0x250>
    345c:	80 91 08 01 	lds	r24, 0x0108
    3460:	88 2f       	mov	r24, r24
    3462:	90 e0       	ldi	r25, 0x00	; 0
    3464:	9c 01       	movw	r18, r24
    3466:	22 0f       	add	r18, r18
    3468:	33 1f       	adc	r19, r19
    346a:	c9 01       	movw	r24, r18
    346c:	88 0f       	add	r24, r24
    346e:	99 1f       	adc	r25, r25
    3470:	88 0f       	add	r24, r24
    3472:	99 1f       	adc	r25, r25
    3474:	82 0f       	add	r24, r18
    3476:	93 1f       	adc	r25, r19
    3478:	98 2f       	mov	r25, r24
    347a:	8a 81       	ldd	r24, Y+2	; 0x02
    347c:	89 0f       	add	r24, r25
    347e:	80 93 08 01 	sts	0x0108, r24
    3482:	d4 c0       	rjmp	.+424    	; 0x362c <App_handleNumericEdit+0x3f8>
        else g_setTime.second = (uint8)(g_setTime.second * 10U + digit);
    3484:	80 91 07 01 	lds	r24, 0x0107
    3488:	88 2f       	mov	r24, r24
    348a:	90 e0       	ldi	r25, 0x00	; 0
    348c:	9c 01       	movw	r18, r24
    348e:	22 0f       	add	r18, r18
    3490:	33 1f       	adc	r19, r19
    3492:	c9 01       	movw	r24, r18
    3494:	88 0f       	add	r24, r24
    3496:	99 1f       	adc	r25, r25
    3498:	88 0f       	add	r24, r24
    349a:	99 1f       	adc	r25, r25
    349c:	82 0f       	add	r24, r18
    349e:	93 1f       	adc	r25, r19
    34a0:	98 2f       	mov	r25, r24
    34a2:	8a 81       	ldd	r24, Y+2	; 0x02
    34a4:	89 0f       	add	r24, r25
    34a6:	80 93 07 01 	sts	0x0107, r24
    34aa:	c0 c0       	rjmp	.+384    	; 0x362c <App_handleNumericEdit+0x3f8>
    }
    else if (g_mode == APP_MODE_SET_DATE)
    34ac:	80 91 72 01 	lds	r24, 0x0172
    34b0:	85 30       	cpi	r24, 0x05	; 5
    34b2:	09 f0       	breq	.+2      	; 0x34b6 <App_handleNumericEdit+0x282>
    34b4:	48 c0       	rjmp	.+144    	; 0x3546 <App_handleNumericEdit+0x312>
    {
        if (g_editField == 0U) g_setDate.date = (uint8)(g_setDate.date * 10U + digit);
    34b6:	80 91 74 01 	lds	r24, 0x0174
    34ba:	88 23       	and	r24, r24
    34bc:	a1 f4       	brne	.+40     	; 0x34e6 <App_handleNumericEdit+0x2b2>
    34be:	80 91 13 01 	lds	r24, 0x0113
    34c2:	88 2f       	mov	r24, r24
    34c4:	90 e0       	ldi	r25, 0x00	; 0
    34c6:	9c 01       	movw	r18, r24
    34c8:	22 0f       	add	r18, r18
    34ca:	33 1f       	adc	r19, r19
    34cc:	c9 01       	movw	r24, r18
    34ce:	88 0f       	add	r24, r24
    34d0:	99 1f       	adc	r25, r25
    34d2:	88 0f       	add	r24, r24
    34d4:	99 1f       	adc	r25, r25
    34d6:	82 0f       	add	r24, r18
    34d8:	93 1f       	adc	r25, r19
    34da:	98 2f       	mov	r25, r24
    34dc:	8a 81       	ldd	r24, Y+2	; 0x02
    34de:	89 0f       	add	r24, r25
    34e0:	80 93 13 01 	sts	0x0113, r24
    34e4:	a3 c0       	rjmp	.+326    	; 0x362c <App_handleNumericEdit+0x3f8>
        else if (g_editField == 1U) g_setDate.month = (uint8)(g_setDate.month * 10U + digit);
    34e6:	80 91 74 01 	lds	r24, 0x0174
    34ea:	81 30       	cpi	r24, 0x01	; 1
    34ec:	a1 f4       	brne	.+40     	; 0x3516 <App_handleNumericEdit+0x2e2>
    34ee:	80 91 14 01 	lds	r24, 0x0114
    34f2:	88 2f       	mov	r24, r24
    34f4:	90 e0       	ldi	r25, 0x00	; 0
    34f6:	9c 01       	movw	r18, r24
    34f8:	22 0f       	add	r18, r18
    34fa:	33 1f       	adc	r19, r19
    34fc:	c9 01       	movw	r24, r18
    34fe:	88 0f       	add	r24, r24
    3500:	99 1f       	adc	r25, r25
    3502:	88 0f       	add	r24, r24
    3504:	99 1f       	adc	r25, r25
    3506:	82 0f       	add	r24, r18
    3508:	93 1f       	adc	r25, r19
    350a:	98 2f       	mov	r25, r24
    350c:	8a 81       	ldd	r24, Y+2	; 0x02
    350e:	89 0f       	add	r24, r25
    3510:	80 93 14 01 	sts	0x0114, r24
    3514:	8b c0       	rjmp	.+278    	; 0x362c <App_handleNumericEdit+0x3f8>
        else g_setDate.year = (uint16)(g_setDate.year * 10U + digit);
    3516:	80 91 15 01 	lds	r24, 0x0115
    351a:	90 91 16 01 	lds	r25, 0x0116
    351e:	9c 01       	movw	r18, r24
    3520:	22 0f       	add	r18, r18
    3522:	33 1f       	adc	r19, r19
    3524:	c9 01       	movw	r24, r18
    3526:	88 0f       	add	r24, r24
    3528:	99 1f       	adc	r25, r25
    352a:	88 0f       	add	r24, r24
    352c:	99 1f       	adc	r25, r25
    352e:	28 0f       	add	r18, r24
    3530:	39 1f       	adc	r19, r25
    3532:	8a 81       	ldd	r24, Y+2	; 0x02
    3534:	88 2f       	mov	r24, r24
    3536:	90 e0       	ldi	r25, 0x00	; 0
    3538:	82 0f       	add	r24, r18
    353a:	93 1f       	adc	r25, r19
    353c:	90 93 16 01 	sts	0x0116, r25
    3540:	80 93 15 01 	sts	0x0115, r24
    3544:	73 c0       	rjmp	.+230    	; 0x362c <App_handleNumericEdit+0x3f8>
    }
    else if (g_mode == APP_MODE_EDIT_ALARM)
    3546:	80 91 72 01 	lds	r24, 0x0172
    354a:	86 30       	cpi	r24, 0x06	; 6
    354c:	61 f5       	brne	.+88     	; 0x35a6 <App_handleNumericEdit+0x372>
    {
        if (g_editField == 0U) g_alarmEdit.hour = (uint8)(g_alarmEdit.hour * 10U + digit);
    354e:	80 91 74 01 	lds	r24, 0x0174
    3552:	88 23       	and	r24, r24
    3554:	a1 f4       	brne	.+40     	; 0x357e <App_handleNumericEdit+0x34a>
    3556:	80 91 19 01 	lds	r24, 0x0119
    355a:	88 2f       	mov	r24, r24
    355c:	90 e0       	ldi	r25, 0x00	; 0
    355e:	9c 01       	movw	r18, r24
    3560:	22 0f       	add	r18, r18
    3562:	33 1f       	adc	r19, r19
    3564:	c9 01       	movw	r24, r18
    3566:	88 0f       	add	r24, r24
    3568:	99 1f       	adc	r25, r25
    356a:	88 0f       	add	r24, r24
    356c:	99 1f       	adc	r25, r25
    356e:	82 0f       	add	r24, r18
    3570:	93 1f       	adc	r25, r19
    3572:	98 2f       	mov	r25, r24
    3574:	8a 81       	ldd	r24, Y+2	; 0x02
    3576:	89 0f       	add	r24, r25
    3578:	80 93 19 01 	sts	0x0119, r24
    357c:	57 c0       	rjmp	.+174    	; 0x362c <App_handleNumericEdit+0x3f8>
        else g_alarmEdit.minute = (uint8)(g_alarmEdit.minute * 10U + digit);
    357e:	80 91 1a 01 	lds	r24, 0x011A
    3582:	88 2f       	mov	r24, r24
    3584:	90 e0       	ldi	r25, 0x00	; 0
    3586:	9c 01       	movw	r18, r24
    3588:	22 0f       	add	r18, r18
    358a:	33 1f       	adc	r19, r19
    358c:	c9 01       	movw	r24, r18
    358e:	88 0f       	add	r24, r24
    3590:	99 1f       	adc	r25, r25
    3592:	88 0f       	add	r24, r24
    3594:	99 1f       	adc	r25, r25
    3596:	82 0f       	add	r24, r18
    3598:	93 1f       	adc	r25, r19
    359a:	98 2f       	mov	r25, r24
    359c:	8a 81       	ldd	r24, Y+2	; 0x02
    359e:	89 0f       	add	r24, r25
    35a0:	80 93 1a 01 	sts	0x011A, r24
    35a4:	43 c0       	rjmp	.+134    	; 0x362c <App_handleNumericEdit+0x3f8>
    }
    else
    {
        if (g_editField == 0U) g_countdownEdit.hour = (uint8)(g_countdownEdit.hour * 10U + digit);
    35a6:	80 91 74 01 	lds	r24, 0x0174
    35aa:	88 23       	and	r24, r24
    35ac:	a1 f4       	brne	.+40     	; 0x35d6 <App_handleNumericEdit+0x3a2>
    35ae:	80 91 1e 01 	lds	r24, 0x011E
    35b2:	88 2f       	mov	r24, r24
    35b4:	90 e0       	ldi	r25, 0x00	; 0
    35b6:	9c 01       	movw	r18, r24
    35b8:	22 0f       	add	r18, r18
    35ba:	33 1f       	adc	r19, r19
    35bc:	c9 01       	movw	r24, r18
    35be:	88 0f       	add	r24, r24
    35c0:	99 1f       	adc	r25, r25
    35c2:	88 0f       	add	r24, r24
    35c4:	99 1f       	adc	r25, r25
    35c6:	82 0f       	add	r24, r18
    35c8:	93 1f       	adc	r25, r19
    35ca:	98 2f       	mov	r25, r24
    35cc:	8a 81       	ldd	r24, Y+2	; 0x02
    35ce:	89 0f       	add	r24, r25
    35d0:	80 93 1e 01 	sts	0x011E, r24
    35d4:	2b c0       	rjmp	.+86     	; 0x362c <App_handleNumericEdit+0x3f8>
        else if (g_editField == 1U) g_countdownEdit.minute = (uint8)(g_countdownEdit.minute * 10U + digit);
    35d6:	80 91 74 01 	lds	r24, 0x0174
    35da:	81 30       	cpi	r24, 0x01	; 1
    35dc:	a1 f4       	brne	.+40     	; 0x3606 <App_handleNumericEdit+0x3d2>
    35de:	80 91 1f 01 	lds	r24, 0x011F
    35e2:	88 2f       	mov	r24, r24
    35e4:	90 e0       	ldi	r25, 0x00	; 0
    35e6:	9c 01       	movw	r18, r24
    35e8:	22 0f       	add	r18, r18
    35ea:	33 1f       	adc	r19, r19
    35ec:	c9 01       	movw	r24, r18
    35ee:	88 0f       	add	r24, r24
    35f0:	99 1f       	adc	r25, r25
    35f2:	88 0f       	add	r24, r24
    35f4:	99 1f       	adc	r25, r25
    35f6:	82 0f       	add	r24, r18
    35f8:	93 1f       	adc	r25, r19
    35fa:	98 2f       	mov	r25, r24
    35fc:	8a 81       	ldd	r24, Y+2	; 0x02
    35fe:	89 0f       	add	r24, r25
    3600:	80 93 1f 01 	sts	0x011F, r24
    3604:	13 c0       	rjmp	.+38     	; 0x362c <App_handleNumericEdit+0x3f8>
        else g_countdownEdit.second = (uint8)(g_countdownEdit.second * 10U + digit);
    3606:	80 91 20 01 	lds	r24, 0x0120
    360a:	88 2f       	mov	r24, r24
    360c:	90 e0       	ldi	r25, 0x00	; 0
    360e:	9c 01       	movw	r18, r24
    3610:	22 0f       	add	r18, r18
    3612:	33 1f       	adc	r19, r19
    3614:	c9 01       	movw	r24, r18
    3616:	88 0f       	add	r24, r24
    3618:	99 1f       	adc	r25, r25
    361a:	88 0f       	add	r24, r24
    361c:	99 1f       	adc	r25, r25
    361e:	82 0f       	add	r24, r18
    3620:	93 1f       	adc	r25, r19
    3622:	98 2f       	mov	r25, r24
    3624:	8a 81       	ldd	r24, Y+2	; 0x02
    3626:	89 0f       	add	r24, r25
    3628:	80 93 20 01 	sts	0x0120, r24
    }

    g_numericDigits++;
    362c:	80 91 75 01 	lds	r24, 0x0175
    3630:	8f 5f       	subi	r24, 0xFF	; 255
    3632:	80 93 75 01 	sts	0x0175, r24
    if (g_numericDigits >= width)
    3636:	90 91 75 01 	lds	r25, 0x0175
    363a:	89 81       	ldd	r24, Y+1	; 0x01
    363c:	98 17       	cp	r25, r24
    363e:	20 f1       	brcs	.+72     	; 0x3688 <App_handleNumericEdit+0x454>
    {
        if (App_isCurrentFieldValid() == 0U)
    3640:	0e 94 a0 14 	call	0x2940	; 0x2940 <App_isCurrentFieldValid>
    3644:	88 23       	and	r24, r24
    3646:	39 f4       	brne	.+14     	; 0x3656 <App_handleNumericEdit+0x422>
        {
            App_restoreCurrentField();
    3648:	0e 94 9a 15 	call	0x2b34	; 0x2b34 <App_restoreCurrentField>
            App_setInputError();
    364c:	0e 94 58 14 	call	0x28b0	; 0x28b0 <App_setInputError>
            return 1U;
    3650:	81 e0       	ldi	r24, 0x01	; 1
    3652:	8c 83       	std	Y+4, r24	; 0x04
    3654:	1d c0       	rjmp	.+58     	; 0x3690 <App_handleNumericEdit+0x45c>
        }

        g_numericDigits = 0U;
    3656:	10 92 75 01 	sts	0x0175, r1
        if (g_mode == APP_MODE_EDIT_ALARM)
    365a:	80 91 72 01 	lds	r24, 0x0172
    365e:	86 30       	cpi	r24, 0x06	; 6
    3660:	39 f4       	brne	.+14     	; 0x3670 <App_handleNumericEdit+0x43c>
        {
            g_editField = (uint8)((g_editField + 1U) % 2U);
    3662:	80 91 74 01 	lds	r24, 0x0174
    3666:	8f 5f       	subi	r24, 0xFF	; 255
    3668:	81 70       	andi	r24, 0x01	; 1
    366a:	80 93 74 01 	sts	0x0174, r24
    366e:	0c c0       	rjmp	.+24     	; 0x3688 <App_handleNumericEdit+0x454>
        }
        else
        {
            g_editField = (uint8)((g_editField + 1U) % 3U);
    3670:	80 91 74 01 	lds	r24, 0x0174
    3674:	88 2f       	mov	r24, r24
    3676:	90 e0       	ldi	r25, 0x00	; 0
    3678:	01 96       	adiw	r24, 0x01	; 1
    367a:	23 e0       	ldi	r18, 0x03	; 3
    367c:	30 e0       	ldi	r19, 0x00	; 0
    367e:	b9 01       	movw	r22, r18
    3680:	0e 94 82 2c 	call	0x5904	; 0x5904 <__udivmodhi4>
    3684:	80 93 74 01 	sts	0x0174, r24
        }
    }

    App_markScreenDirty();
    3688:	0e 94 32 14 	call	0x2864	; 0x2864 <App_markScreenDirty>
    return 1U;
    368c:	81 e0       	ldi	r24, 0x01	; 1
    368e:	8c 83       	std	Y+4, r24	; 0x04
    3690:	8c 81       	ldd	r24, Y+4	; 0x04
}
    3692:	0f 90       	pop	r0
    3694:	0f 90       	pop	r0
    3696:	0f 90       	pop	r0
    3698:	0f 90       	pop	r0
    369a:	cf 91       	pop	r28
    369c:	df 91       	pop	r29
    369e:	08 95       	ret

000036a0 <App_applyBlinkMask>:

static void App_applyBlinkMask(char *text, uint8 start, uint8 length)
{
    36a0:	df 93       	push	r29
    36a2:	cf 93       	push	r28
    36a4:	00 d0       	rcall	.+0      	; 0x36a6 <App_applyBlinkMask+0x6>
    36a6:	00 d0       	rcall	.+0      	; 0x36a8 <App_applyBlinkMask+0x8>
    36a8:	0f 92       	push	r0
    36aa:	cd b7       	in	r28, 0x3d	; 61
    36ac:	de b7       	in	r29, 0x3e	; 62
    36ae:	9b 83       	std	Y+3, r25	; 0x03
    36b0:	8a 83       	std	Y+2, r24	; 0x02
    36b2:	6c 83       	std	Y+4, r22	; 0x04
    36b4:	4d 83       	std	Y+5, r20	; 0x05
    uint8 index;

    if (g_cursorVisible != 0U)
    36b6:	80 91 23 01 	lds	r24, 0x0123
    36ba:	88 23       	and	r24, r24
    36bc:	c9 f4       	brne	.+50     	; 0x36f0 <App_applyBlinkMask+0x50>
    {
        return;
    }

    for (index = 0U; index < length; index++)
    36be:	19 82       	std	Y+1, r1	; 0x01
    36c0:	13 c0       	rjmp	.+38     	; 0x36e8 <App_applyBlinkMask+0x48>
    {
        text[start + index] = ' ';
    36c2:	8c 81       	ldd	r24, Y+4	; 0x04
    36c4:	28 2f       	mov	r18, r24
    36c6:	30 e0       	ldi	r19, 0x00	; 0
    36c8:	89 81       	ldd	r24, Y+1	; 0x01
    36ca:	88 2f       	mov	r24, r24
    36cc:	90 e0       	ldi	r25, 0x00	; 0
    36ce:	82 0f       	add	r24, r18
    36d0:	93 1f       	adc	r25, r19
    36d2:	9c 01       	movw	r18, r24
    36d4:	8a 81       	ldd	r24, Y+2	; 0x02
    36d6:	9b 81       	ldd	r25, Y+3	; 0x03
    36d8:	fc 01       	movw	r30, r24
    36da:	e2 0f       	add	r30, r18
    36dc:	f3 1f       	adc	r31, r19
    36de:	80 e2       	ldi	r24, 0x20	; 32
    36e0:	80 83       	st	Z, r24
    if (g_cursorVisible != 0U)
    {
        return;
    }

    for (index = 0U; index < length; index++)
    36e2:	89 81       	ldd	r24, Y+1	; 0x01
    36e4:	8f 5f       	subi	r24, 0xFF	; 255
    36e6:	89 83       	std	Y+1, r24	; 0x01
    36e8:	99 81       	ldd	r25, Y+1	; 0x01
    36ea:	8d 81       	ldd	r24, Y+5	; 0x05
    36ec:	98 17       	cp	r25, r24
    36ee:	48 f3       	brcs	.-46     	; 0x36c2 <App_applyBlinkMask+0x22>
    {
        text[start + index] = ' ';
    }
}
    36f0:	0f 90       	pop	r0
    36f2:	0f 90       	pop	r0
    36f4:	0f 90       	pop	r0
    36f6:	0f 90       	pop	r0
    36f8:	0f 90       	pop	r0
    36fa:	cf 91       	pop	r28
    36fc:	df 91       	pop	r29
    36fe:	08 95       	ret

00003700 <App_hideSelectedField>:

static void App_hideSelectedField(char *text, uint8 fieldIndex, uint8 fieldCount, uint8 fieldWidth, uint8 separatorWidth)
{
    3700:	0f 93       	push	r16
    3702:	df 93       	push	r29
    3704:	cf 93       	push	r28
    3706:	cd b7       	in	r28, 0x3d	; 61
    3708:	de b7       	in	r29, 0x3e	; 62
    370a:	27 97       	sbiw	r28, 0x07	; 7
    370c:	0f b6       	in	r0, 0x3f	; 63
    370e:	f8 94       	cli
    3710:	de bf       	out	0x3e, r29	; 62
    3712:	0f be       	out	0x3f, r0	; 63
    3714:	cd bf       	out	0x3d, r28	; 61
    3716:	9b 83       	std	Y+3, r25	; 0x03
    3718:	8a 83       	std	Y+2, r24	; 0x02
    371a:	6c 83       	std	Y+4, r22	; 0x04
    371c:	4d 83       	std	Y+5, r20	; 0x05
    371e:	2e 83       	std	Y+6, r18	; 0x06
    3720:	0f 83       	std	Y+7, r16	; 0x07
    uint8 start;

    if (fieldIndex >= fieldCount)
    3722:	9c 81       	ldd	r25, Y+4	; 0x04
    3724:	8d 81       	ldd	r24, Y+5	; 0x05
    3726:	98 17       	cp	r25, r24
    3728:	d0 f4       	brcc	.+52     	; 0x375e <App_hideSelectedField+0x5e>
    {
        return;
    }

    start = (uint8)(fieldIndex * (fieldWidth + separatorWidth));
    372a:	8c 81       	ldd	r24, Y+4	; 0x04
    372c:	48 2f       	mov	r20, r24
    372e:	50 e0       	ldi	r21, 0x00	; 0
    3730:	8e 81       	ldd	r24, Y+6	; 0x06
    3732:	28 2f       	mov	r18, r24
    3734:	30 e0       	ldi	r19, 0x00	; 0
    3736:	8f 81       	ldd	r24, Y+7	; 0x07
    3738:	88 2f       	mov	r24, r24
    373a:	90 e0       	ldi	r25, 0x00	; 0
    373c:	82 0f       	add	r24, r18
    373e:	93 1f       	adc	r25, r19
    3740:	9c 01       	movw	r18, r24
    3742:	42 9f       	mul	r20, r18
    3744:	c0 01       	movw	r24, r0
    3746:	43 9f       	mul	r20, r19
    3748:	90 0d       	add	r25, r0
    374a:	52 9f       	mul	r21, r18
    374c:	90 0d       	add	r25, r0
    374e:	11 24       	eor	r1, r1
    3750:	89 83       	std	Y+1, r24	; 0x01
    App_applyBlinkMask(text, start, fieldWidth);
    3752:	8a 81       	ldd	r24, Y+2	; 0x02
    3754:	9b 81       	ldd	r25, Y+3	; 0x03
    3756:	69 81       	ldd	r22, Y+1	; 0x01
    3758:	4e 81       	ldd	r20, Y+6	; 0x06
    375a:	0e 94 50 1b 	call	0x36a0	; 0x36a0 <App_applyBlinkMask>
}
    375e:	27 96       	adiw	r28, 0x07	; 7
    3760:	0f b6       	in	r0, 0x3f	; 63
    3762:	f8 94       	cli
    3764:	de bf       	out	0x3e, r29	; 62
    3766:	0f be       	out	0x3f, r0	; 63
    3768:	cd bf       	out	0x3d, r28	; 61
    376a:	cf 91       	pop	r28
    376c:	df 91       	pop	r29
    376e:	0f 91       	pop	r16
    3770:	08 95       	ret

00003772 <App_hideSelectedDateField>:

static void App_hideSelectedDateField(char *text, uint8 fieldIndex)
{
    3772:	df 93       	push	r29
    3774:	cf 93       	push	r28
    3776:	00 d0       	rcall	.+0      	; 0x3778 <App_hideSelectedDateField+0x6>
    3778:	00 d0       	rcall	.+0      	; 0x377a <App_hideSelectedDateField+0x8>
    377a:	0f 92       	push	r0
    377c:	cd b7       	in	r28, 0x3d	; 61
    377e:	de b7       	in	r29, 0x3e	; 62
    3780:	9a 83       	std	Y+2, r25	; 0x02
    3782:	89 83       	std	Y+1, r24	; 0x01
    3784:	6b 83       	std	Y+3, r22	; 0x03
    switch (fieldIndex)
    3786:	8b 81       	ldd	r24, Y+3	; 0x03
    3788:	28 2f       	mov	r18, r24
    378a:	30 e0       	ldi	r19, 0x00	; 0
    378c:	3d 83       	std	Y+5, r19	; 0x05
    378e:	2c 83       	std	Y+4, r18	; 0x04
    3790:	8c 81       	ldd	r24, Y+4	; 0x04
    3792:	9d 81       	ldd	r25, Y+5	; 0x05
    3794:	81 30       	cpi	r24, 0x01	; 1
    3796:	91 05       	cpc	r25, r1
    3798:	81 f0       	breq	.+32     	; 0x37ba <App_hideSelectedDateField+0x48>
    379a:	2c 81       	ldd	r18, Y+4	; 0x04
    379c:	3d 81       	ldd	r19, Y+5	; 0x05
    379e:	22 30       	cpi	r18, 0x02	; 2
    37a0:	31 05       	cpc	r19, r1
    37a2:	91 f0       	breq	.+36     	; 0x37c8 <App_hideSelectedDateField+0x56>
    37a4:	8c 81       	ldd	r24, Y+4	; 0x04
    37a6:	9d 81       	ldd	r25, Y+5	; 0x05
    37a8:	00 97       	sbiw	r24, 0x00	; 0
    37aa:	a1 f4       	brne	.+40     	; 0x37d4 <App_hideSelectedDateField+0x62>
    {
    case 0U:
        App_applyBlinkMask(text, 0U, 2U);
    37ac:	89 81       	ldd	r24, Y+1	; 0x01
    37ae:	9a 81       	ldd	r25, Y+2	; 0x02
    37b0:	60 e0       	ldi	r22, 0x00	; 0
    37b2:	42 e0       	ldi	r20, 0x02	; 2
    37b4:	0e 94 50 1b 	call	0x36a0	; 0x36a0 <App_applyBlinkMask>
    37b8:	0d c0       	rjmp	.+26     	; 0x37d4 <App_hideSelectedDateField+0x62>
        break;
    case 1U:
        App_applyBlinkMask(text, 3U, 2U);
    37ba:	89 81       	ldd	r24, Y+1	; 0x01
    37bc:	9a 81       	ldd	r25, Y+2	; 0x02
    37be:	63 e0       	ldi	r22, 0x03	; 3
    37c0:	42 e0       	ldi	r20, 0x02	; 2
    37c2:	0e 94 50 1b 	call	0x36a0	; 0x36a0 <App_applyBlinkMask>
    37c6:	06 c0       	rjmp	.+12     	; 0x37d4 <App_hideSelectedDateField+0x62>
        break;
    case 2U:
        App_applyBlinkMask(text, 6U, 4U);
    37c8:	89 81       	ldd	r24, Y+1	; 0x01
    37ca:	9a 81       	ldd	r25, Y+2	; 0x02
    37cc:	66 e0       	ldi	r22, 0x06	; 6
    37ce:	44 e0       	ldi	r20, 0x04	; 4
    37d0:	0e 94 50 1b 	call	0x36a0	; 0x36a0 <App_applyBlinkMask>
        break;
    default:
        break;
    }
}
    37d4:	0f 90       	pop	r0
    37d6:	0f 90       	pop	r0
    37d8:	0f 90       	pop	r0
    37da:	0f 90       	pop	r0
    37dc:	0f 90       	pop	r0
    37de:	cf 91       	pop	r28
    37e0:	df 91       	pop	r29
    37e2:	08 95       	ret

000037e4 <App_isLeapYear>:

static uint8 App_isLeapYear(uint16 year)
{
    37e4:	df 93       	push	r29
    37e6:	cf 93       	push	r28
    37e8:	00 d0       	rcall	.+0      	; 0x37ea <App_isLeapYear+0x6>
    37ea:	00 d0       	rcall	.+0      	; 0x37ec <App_isLeapYear+0x8>
    37ec:	cd b7       	in	r28, 0x3d	; 61
    37ee:	de b7       	in	r29, 0x3e	; 62
    37f0:	9a 83       	std	Y+2, r25	; 0x02
    37f2:	89 83       	std	Y+1, r24	; 0x01
    if ((year % 400U) == 0U)
    37f4:	89 81       	ldd	r24, Y+1	; 0x01
    37f6:	9a 81       	ldd	r25, Y+2	; 0x02
    37f8:	20 e9       	ldi	r18, 0x90	; 144
    37fa:	31 e0       	ldi	r19, 0x01	; 1
    37fc:	b9 01       	movw	r22, r18
    37fe:	0e 94 82 2c 	call	0x5904	; 0x5904 <__udivmodhi4>
    3802:	00 97       	sbiw	r24, 0x00	; 0
    3804:	19 f4       	brne	.+6      	; 0x380c <App_isLeapYear+0x28>
    {
        return 1U;
    3806:	81 e0       	ldi	r24, 0x01	; 1
    3808:	8c 83       	std	Y+4, r24	; 0x04
    380a:	17 c0       	rjmp	.+46     	; 0x383a <App_isLeapYear+0x56>
    }

    if ((year % 100U) == 0U)
    380c:	89 81       	ldd	r24, Y+1	; 0x01
    380e:	9a 81       	ldd	r25, Y+2	; 0x02
    3810:	24 e6       	ldi	r18, 0x64	; 100
    3812:	30 e0       	ldi	r19, 0x00	; 0
    3814:	b9 01       	movw	r22, r18
    3816:	0e 94 82 2c 	call	0x5904	; 0x5904 <__udivmodhi4>
    381a:	00 97       	sbiw	r24, 0x00	; 0
    381c:	11 f4       	brne	.+4      	; 0x3822 <App_isLeapYear+0x3e>
    {
        return 0U;
    381e:	1c 82       	std	Y+4, r1	; 0x04
    3820:	0c c0       	rjmp	.+24     	; 0x383a <App_isLeapYear+0x56>
    }

    return ((year % 4U) == 0U) ? 1U : 0U;
    3822:	89 81       	ldd	r24, Y+1	; 0x01
    3824:	9a 81       	ldd	r25, Y+2	; 0x02
    3826:	83 70       	andi	r24, 0x03	; 3
    3828:	90 70       	andi	r25, 0x00	; 0
    382a:	00 97       	sbiw	r24, 0x00	; 0
    382c:	19 f4       	brne	.+6      	; 0x3834 <App_isLeapYear+0x50>
    382e:	81 e0       	ldi	r24, 0x01	; 1
    3830:	8b 83       	std	Y+3, r24	; 0x03
    3832:	01 c0       	rjmp	.+2      	; 0x3836 <App_isLeapYear+0x52>
    3834:	1b 82       	std	Y+3, r1	; 0x03
    3836:	8b 81       	ldd	r24, Y+3	; 0x03
    3838:	8c 83       	std	Y+4, r24	; 0x04
    383a:	8c 81       	ldd	r24, Y+4	; 0x04
}
    383c:	0f 90       	pop	r0
    383e:	0f 90       	pop	r0
    3840:	0f 90       	pop	r0
    3842:	0f 90       	pop	r0
    3844:	cf 91       	pop	r28
    3846:	df 91       	pop	r29
    3848:	08 95       	ret

0000384a <App_daysInMonth>:

static uint8 App_daysInMonth(uint8 month, uint16 year)
{
    384a:	df 93       	push	r29
    384c:	cf 93       	push	r28
    384e:	00 d0       	rcall	.+0      	; 0x3850 <App_daysInMonth+0x6>
    3850:	00 d0       	rcall	.+0      	; 0x3852 <App_daysInMonth+0x8>
    3852:	cd b7       	in	r28, 0x3d	; 61
    3854:	de b7       	in	r29, 0x3e	; 62
    3856:	89 83       	std	Y+1, r24	; 0x01
    3858:	7b 83       	std	Y+3, r23	; 0x03
    385a:	6a 83       	std	Y+2, r22	; 0x02
    static const uint8 days[] = {31U, 28U, 31U, 30U, 31U, 30U, 31U, 31U, 30U, 31U, 30U, 31U};

    if ((month == 2U) && (App_isLeapYear(year) != 0U))
    385c:	89 81       	ldd	r24, Y+1	; 0x01
    385e:	82 30       	cpi	r24, 0x02	; 2
    3860:	49 f4       	brne	.+18     	; 0x3874 <App_daysInMonth+0x2a>
    3862:	8a 81       	ldd	r24, Y+2	; 0x02
    3864:	9b 81       	ldd	r25, Y+3	; 0x03
    3866:	0e 94 f2 1b 	call	0x37e4	; 0x37e4 <App_isLeapYear>
    386a:	88 23       	and	r24, r24
    386c:	19 f0       	breq	.+6      	; 0x3874 <App_daysInMonth+0x2a>
    {
        return 29U;
    386e:	8d e1       	ldi	r24, 0x1D	; 29
    3870:	8c 83       	std	Y+4, r24	; 0x04
    3872:	12 c0       	rjmp	.+36     	; 0x3898 <App_daysInMonth+0x4e>
    }

    if ((month >= 1U) && (month <= 12U))
    3874:	89 81       	ldd	r24, Y+1	; 0x01
    3876:	88 23       	and	r24, r24
    3878:	69 f0       	breq	.+26     	; 0x3894 <App_daysInMonth+0x4a>
    387a:	89 81       	ldd	r24, Y+1	; 0x01
    387c:	8d 30       	cpi	r24, 0x0D	; 13
    387e:	50 f4       	brcc	.+20     	; 0x3894 <App_daysInMonth+0x4a>
    {
        return days[month - 1U];
    3880:	89 81       	ldd	r24, Y+1	; 0x01
    3882:	88 2f       	mov	r24, r24
    3884:	90 e0       	ldi	r25, 0x00	; 0
    3886:	01 97       	sbiw	r24, 0x01	; 1
    3888:	fc 01       	movw	r30, r24
    388a:	e4 5c       	subi	r30, 0xC4	; 196
    388c:	fe 4f       	sbci	r31, 0xFE	; 254
    388e:	80 81       	ld	r24, Z
    3890:	8c 83       	std	Y+4, r24	; 0x04
    3892:	02 c0       	rjmp	.+4      	; 0x3898 <App_daysInMonth+0x4e>
    }

    return 31U;
    3894:	8f e1       	ldi	r24, 0x1F	; 31
    3896:	8c 83       	std	Y+4, r24	; 0x04
    3898:	8c 81       	ldd	r24, Y+4	; 0x04
}
    389a:	0f 90       	pop	r0
    389c:	0f 90       	pop	r0
    389e:	0f 90       	pop	r0
    38a0:	0f 90       	pop	r0
    38a2:	cf 91       	pop	r28
    38a4:	df 91       	pop	r29
    38a6:	08 95       	ret

000038a8 <App_isValidDateTime>:

static uint8 App_isValidDateTime(const Ds3231DateTime *dateTime)
{
    38a8:	1f 93       	push	r17
    38aa:	df 93       	push	r29
    38ac:	cf 93       	push	r28
    38ae:	00 d0       	rcall	.+0      	; 0x38b0 <App_isValidDateTime+0x8>
    38b0:	00 d0       	rcall	.+0      	; 0x38b2 <App_isValidDateTime+0xa>
    38b2:	cd b7       	in	r28, 0x3d	; 61
    38b4:	de b7       	in	r29, 0x3e	; 62
    38b6:	9a 83       	std	Y+2, r25	; 0x02
    38b8:	89 83       	std	Y+1, r24	; 0x01
    if ((dateTime->second >= 60U) || (dateTime->minute >= 60U) || (dateTime->hour >= 24U))
    38ba:	e9 81       	ldd	r30, Y+1	; 0x01
    38bc:	fa 81       	ldd	r31, Y+2	; 0x02
    38be:	80 81       	ld	r24, Z
    38c0:	8c 33       	cpi	r24, 0x3C	; 60
    38c2:	50 f4       	brcc	.+20     	; 0x38d8 <App_isValidDateTime+0x30>
    38c4:	e9 81       	ldd	r30, Y+1	; 0x01
    38c6:	fa 81       	ldd	r31, Y+2	; 0x02
    38c8:	81 81       	ldd	r24, Z+1	; 0x01
    38ca:	8c 33       	cpi	r24, 0x3C	; 60
    38cc:	28 f4       	brcc	.+10     	; 0x38d8 <App_isValidDateTime+0x30>
    38ce:	e9 81       	ldd	r30, Y+1	; 0x01
    38d0:	fa 81       	ldd	r31, Y+2	; 0x02
    38d2:	82 81       	ldd	r24, Z+2	; 0x02
    38d4:	88 31       	cpi	r24, 0x18	; 24
    38d6:	10 f0       	brcs	.+4      	; 0x38dc <App_isValidDateTime+0x34>
    {
        return 0U;
    38d8:	1c 82       	std	Y+4, r1	; 0x04
    38da:	30 c0       	rjmp	.+96     	; 0x393c <App_isValidDateTime+0x94>
    }

    if ((dateTime->month < 1U) || (dateTime->month > 12U) || (dateTime->date < 1U))
    38dc:	e9 81       	ldd	r30, Y+1	; 0x01
    38de:	fa 81       	ldd	r31, Y+2	; 0x02
    38e0:	85 81       	ldd	r24, Z+5	; 0x05
    38e2:	88 23       	and	r24, r24
    38e4:	51 f0       	breq	.+20     	; 0x38fa <App_isValidDateTime+0x52>
    38e6:	e9 81       	ldd	r30, Y+1	; 0x01
    38e8:	fa 81       	ldd	r31, Y+2	; 0x02
    38ea:	85 81       	ldd	r24, Z+5	; 0x05
    38ec:	8d 30       	cpi	r24, 0x0D	; 13
    38ee:	28 f4       	brcc	.+10     	; 0x38fa <App_isValidDateTime+0x52>
    38f0:	e9 81       	ldd	r30, Y+1	; 0x01
    38f2:	fa 81       	ldd	r31, Y+2	; 0x02
    38f4:	84 81       	ldd	r24, Z+4	; 0x04
    38f6:	88 23       	and	r24, r24
    38f8:	11 f4       	brne	.+4      	; 0x38fe <App_isValidDateTime+0x56>
    {
        return 0U;
    38fa:	1c 82       	std	Y+4, r1	; 0x04
    38fc:	1f c0       	rjmp	.+62     	; 0x393c <App_isValidDateTime+0x94>
    }

    if (dateTime->date > App_daysInMonth(dateTime->month, dateTime->year))
    38fe:	e9 81       	ldd	r30, Y+1	; 0x01
    3900:	fa 81       	ldd	r31, Y+2	; 0x02
    3902:	14 81       	ldd	r17, Z+4	; 0x04
    3904:	e9 81       	ldd	r30, Y+1	; 0x01
    3906:	fa 81       	ldd	r31, Y+2	; 0x02
    3908:	85 81       	ldd	r24, Z+5	; 0x05
    390a:	e9 81       	ldd	r30, Y+1	; 0x01
    390c:	fa 81       	ldd	r31, Y+2	; 0x02
    390e:	26 81       	ldd	r18, Z+6	; 0x06
    3910:	37 81       	ldd	r19, Z+7	; 0x07
    3912:	b9 01       	movw	r22, r18
    3914:	0e 94 25 1c 	call	0x384a	; 0x384a <App_daysInMonth>
    3918:	81 17       	cp	r24, r17
    391a:	10 f4       	brcc	.+4      	; 0x3920 <App_isValidDateTime+0x78>
    {
        return 0U;
    391c:	1c 82       	std	Y+4, r1	; 0x04
    391e:	0e c0       	rjmp	.+28     	; 0x393c <App_isValidDateTime+0x94>
    }

    return (dateTime->year >= 2000U) ? 1U : 0U;
    3920:	e9 81       	ldd	r30, Y+1	; 0x01
    3922:	fa 81       	ldd	r31, Y+2	; 0x02
    3924:	86 81       	ldd	r24, Z+6	; 0x06
    3926:	97 81       	ldd	r25, Z+7	; 0x07
    3928:	27 e0       	ldi	r18, 0x07	; 7
    392a:	80 3d       	cpi	r24, 0xD0	; 208
    392c:	92 07       	cpc	r25, r18
    392e:	18 f0       	brcs	.+6      	; 0x3936 <App_isValidDateTime+0x8e>
    3930:	81 e0       	ldi	r24, 0x01	; 1
    3932:	8b 83       	std	Y+3, r24	; 0x03
    3934:	01 c0       	rjmp	.+2      	; 0x3938 <App_isValidDateTime+0x90>
    3936:	1b 82       	std	Y+3, r1	; 0x03
    3938:	2b 81       	ldd	r18, Y+3	; 0x03
    393a:	2c 83       	std	Y+4, r18	; 0x04
    393c:	8c 81       	ldd	r24, Y+4	; 0x04
}
    393e:	0f 90       	pop	r0
    3940:	0f 90       	pop	r0
    3942:	0f 90       	pop	r0
    3944:	0f 90       	pop	r0
    3946:	cf 91       	pop	r28
    3948:	df 91       	pop	r29
    394a:	1f 91       	pop	r17
    394c:	08 95       	ret

0000394e <App_dayOfWeek>:

static uint8 App_dayOfWeek(uint16 year, uint8 month, uint8 day)
{
    394e:	df 93       	push	r29
    3950:	cf 93       	push	r28
    3952:	00 d0       	rcall	.+0      	; 0x3954 <App_dayOfWeek+0x6>
    3954:	00 d0       	rcall	.+0      	; 0x3956 <App_dayOfWeek+0x8>
    3956:	cd b7       	in	r28, 0x3d	; 61
    3958:	de b7       	in	r29, 0x3e	; 62
    395a:	9a 83       	std	Y+2, r25	; 0x02
    395c:	89 83       	std	Y+1, r24	; 0x01
    395e:	6b 83       	std	Y+3, r22	; 0x03
    3960:	4c 83       	std	Y+4, r20	; 0x04
    static const uint8 offset[] = {0U, 3U, 2U, 5U, 0U, 3U, 5U, 1U, 4U, 6U, 2U, 4U};

    if (month < 3U)
    3962:	8b 81       	ldd	r24, Y+3	; 0x03
    3964:	83 30       	cpi	r24, 0x03	; 3
    3966:	28 f4       	brcc	.+10     	; 0x3972 <App_dayOfWeek+0x24>
    {
        year--;
    3968:	89 81       	ldd	r24, Y+1	; 0x01
    396a:	9a 81       	ldd	r25, Y+2	; 0x02
    396c:	01 97       	sbiw	r24, 0x01	; 1
    396e:	9a 83       	std	Y+2, r25	; 0x02
    3970:	89 83       	std	Y+1, r24	; 0x01
    }

    return (uint8)(((year + (year / 4U) - (year / 100U) + (year / 400U) + offset[month - 1U] + day) % 7U) + 1U);
    3972:	89 81       	ldd	r24, Y+1	; 0x01
    3974:	9a 81       	ldd	r25, Y+2	; 0x02
    3976:	9c 01       	movw	r18, r24
    3978:	36 95       	lsr	r19
    397a:	27 95       	ror	r18
    397c:	36 95       	lsr	r19
    397e:	27 95       	ror	r18
    3980:	89 81       	ldd	r24, Y+1	; 0x01
    3982:	9a 81       	ldd	r25, Y+2	; 0x02
    3984:	f9 01       	movw	r30, r18
    3986:	e8 0f       	add	r30, r24
    3988:	f9 1f       	adc	r31, r25
    398a:	89 81       	ldd	r24, Y+1	; 0x01
    398c:	9a 81       	ldd	r25, Y+2	; 0x02
    398e:	24 e6       	ldi	r18, 0x64	; 100
    3990:	30 e0       	ldi	r19, 0x00	; 0
    3992:	b9 01       	movw	r22, r18
    3994:	0e 94 82 2c 	call	0x5904	; 0x5904 <__udivmodhi4>
    3998:	cb 01       	movw	r24, r22
    399a:	e8 1b       	sub	r30, r24
    399c:	f9 0b       	sbc	r31, r25
    399e:	89 81       	ldd	r24, Y+1	; 0x01
    39a0:	9a 81       	ldd	r25, Y+2	; 0x02
    39a2:	20 e9       	ldi	r18, 0x90	; 144
    39a4:	31 e0       	ldi	r19, 0x01	; 1
    39a6:	b9 01       	movw	r22, r18
    39a8:	0e 94 82 2c 	call	0x5904	; 0x5904 <__udivmodhi4>
    39ac:	cb 01       	movw	r24, r22
    39ae:	9f 01       	movw	r18, r30
    39b0:	28 0f       	add	r18, r24
    39b2:	39 1f       	adc	r19, r25
    39b4:	8b 81       	ldd	r24, Y+3	; 0x03
    39b6:	88 2f       	mov	r24, r24
    39b8:	90 e0       	ldi	r25, 0x00	; 0
    39ba:	01 97       	sbiw	r24, 0x01	; 1
    39bc:	fc 01       	movw	r30, r24
    39be:	e8 5b       	subi	r30, 0xB8	; 184
    39c0:	fe 4f       	sbci	r31, 0xFE	; 254
    39c2:	80 81       	ld	r24, Z
    39c4:	88 2f       	mov	r24, r24
    39c6:	90 e0       	ldi	r25, 0x00	; 0
    39c8:	28 0f       	add	r18, r24
    39ca:	39 1f       	adc	r19, r25
    39cc:	8c 81       	ldd	r24, Y+4	; 0x04
    39ce:	88 2f       	mov	r24, r24
    39d0:	90 e0       	ldi	r25, 0x00	; 0
    39d2:	82 0f       	add	r24, r18
    39d4:	93 1f       	adc	r25, r19
    39d6:	27 e0       	ldi	r18, 0x07	; 7
    39d8:	30 e0       	ldi	r19, 0x00	; 0
    39da:	b9 01       	movw	r22, r18
    39dc:	0e 94 82 2c 	call	0x5904	; 0x5904 <__udivmodhi4>
    39e0:	8f 5f       	subi	r24, 0xFF	; 255
}
    39e2:	0f 90       	pop	r0
    39e4:	0f 90       	pop	r0
    39e6:	0f 90       	pop	r0
    39e8:	0f 90       	pop	r0
    39ea:	cf 91       	pop	r28
    39ec:	df 91       	pop	r29
    39ee:	08 95       	ret

000039f0 <App_timeToSeconds>:

static uint32 App_timeToSeconds(const CountdownFields *countdown)
{
    39f0:	ef 92       	push	r14
    39f2:	ff 92       	push	r15
    39f4:	0f 93       	push	r16
    39f6:	1f 93       	push	r17
    39f8:	df 93       	push	r29
    39fa:	cf 93       	push	r28
    39fc:	00 d0       	rcall	.+0      	; 0x39fe <App_timeToSeconds+0xe>
    39fe:	cd b7       	in	r28, 0x3d	; 61
    3a00:	de b7       	in	r29, 0x3e	; 62
    3a02:	9a 83       	std	Y+2, r25	; 0x02
    3a04:	89 83       	std	Y+1, r24	; 0x01
    return (((uint32)countdown->hour * 3600UL) + ((uint32)countdown->minute * 60UL) + (uint32)countdown->second);
    3a06:	e9 81       	ldd	r30, Y+1	; 0x01
    3a08:	fa 81       	ldd	r31, Y+2	; 0x02
    3a0a:	80 81       	ld	r24, Z
    3a0c:	88 2f       	mov	r24, r24
    3a0e:	90 e0       	ldi	r25, 0x00	; 0
    3a10:	a0 e0       	ldi	r26, 0x00	; 0
    3a12:	b0 e0       	ldi	r27, 0x00	; 0
    3a14:	20 e1       	ldi	r18, 0x10	; 16
    3a16:	3e e0       	ldi	r19, 0x0E	; 14
    3a18:	40 e0       	ldi	r20, 0x00	; 0
    3a1a:	50 e0       	ldi	r21, 0x00	; 0
    3a1c:	bc 01       	movw	r22, r24
    3a1e:	cd 01       	movw	r24, r26
    3a20:	0e 94 57 2c 	call	0x58ae	; 0x58ae <__mulsi3>
    3a24:	7b 01       	movw	r14, r22
    3a26:	8c 01       	movw	r16, r24
    3a28:	e9 81       	ldd	r30, Y+1	; 0x01
    3a2a:	fa 81       	ldd	r31, Y+2	; 0x02
    3a2c:	81 81       	ldd	r24, Z+1	; 0x01
    3a2e:	88 2f       	mov	r24, r24
    3a30:	90 e0       	ldi	r25, 0x00	; 0
    3a32:	a0 e0       	ldi	r26, 0x00	; 0
    3a34:	b0 e0       	ldi	r27, 0x00	; 0
    3a36:	2c e3       	ldi	r18, 0x3C	; 60
    3a38:	30 e0       	ldi	r19, 0x00	; 0
    3a3a:	40 e0       	ldi	r20, 0x00	; 0
    3a3c:	50 e0       	ldi	r21, 0x00	; 0
    3a3e:	bc 01       	movw	r22, r24
    3a40:	cd 01       	movw	r24, r26
    3a42:	0e 94 57 2c 	call	0x58ae	; 0x58ae <__mulsi3>
    3a46:	dc 01       	movw	r26, r24
    3a48:	cb 01       	movw	r24, r22
    3a4a:	a8 01       	movw	r20, r16
    3a4c:	97 01       	movw	r18, r14
    3a4e:	28 0f       	add	r18, r24
    3a50:	39 1f       	adc	r19, r25
    3a52:	4a 1f       	adc	r20, r26
    3a54:	5b 1f       	adc	r21, r27
    3a56:	e9 81       	ldd	r30, Y+1	; 0x01
    3a58:	fa 81       	ldd	r31, Y+2	; 0x02
    3a5a:	82 81       	ldd	r24, Z+2	; 0x02
    3a5c:	88 2f       	mov	r24, r24
    3a5e:	90 e0       	ldi	r25, 0x00	; 0
    3a60:	a0 e0       	ldi	r26, 0x00	; 0
    3a62:	b0 e0       	ldi	r27, 0x00	; 0
    3a64:	82 0f       	add	r24, r18
    3a66:	93 1f       	adc	r25, r19
    3a68:	a4 1f       	adc	r26, r20
    3a6a:	b5 1f       	adc	r27, r21
}
    3a6c:	bc 01       	movw	r22, r24
    3a6e:	cd 01       	movw	r24, r26
    3a70:	0f 90       	pop	r0
    3a72:	0f 90       	pop	r0
    3a74:	cf 91       	pop	r28
    3a76:	df 91       	pop	r29
    3a78:	1f 91       	pop	r17
    3a7a:	0f 91       	pop	r16
    3a7c:	ff 90       	pop	r15
    3a7e:	ef 90       	pop	r14
    3a80:	08 95       	ret

00003a82 <App_secondsToCountdown>:

static void App_secondsToCountdown(uint32 totalSeconds, CountdownFields *countdown)
{
    3a82:	df 93       	push	r29
    3a84:	cf 93       	push	r28
    3a86:	00 d0       	rcall	.+0      	; 0x3a88 <App_secondsToCountdown+0x6>
    3a88:	00 d0       	rcall	.+0      	; 0x3a8a <App_secondsToCountdown+0x8>
    3a8a:	00 d0       	rcall	.+0      	; 0x3a8c <App_secondsToCountdown+0xa>
    3a8c:	cd b7       	in	r28, 0x3d	; 61
    3a8e:	de b7       	in	r29, 0x3e	; 62
    3a90:	69 83       	std	Y+1, r22	; 0x01
    3a92:	7a 83       	std	Y+2, r23	; 0x02
    3a94:	8b 83       	std	Y+3, r24	; 0x03
    3a96:	9c 83       	std	Y+4, r25	; 0x04
    3a98:	5e 83       	std	Y+6, r21	; 0x06
    3a9a:	4d 83       	std	Y+5, r20	; 0x05
    countdown->hour = (uint8)(totalSeconds / 3600UL);
    3a9c:	89 81       	ldd	r24, Y+1	; 0x01
    3a9e:	9a 81       	ldd	r25, Y+2	; 0x02
    3aa0:	ab 81       	ldd	r26, Y+3	; 0x03
    3aa2:	bc 81       	ldd	r27, Y+4	; 0x04
    3aa4:	20 e1       	ldi	r18, 0x10	; 16
    3aa6:	3e e0       	ldi	r19, 0x0E	; 14
    3aa8:	40 e0       	ldi	r20, 0x00	; 0
    3aaa:	50 e0       	ldi	r21, 0x00	; 0
    3aac:	bc 01       	movw	r22, r24
    3aae:	cd 01       	movw	r24, r26
    3ab0:	0e 94 96 2c 	call	0x592c	; 0x592c <__udivmodsi4>
    3ab4:	da 01       	movw	r26, r20
    3ab6:	c9 01       	movw	r24, r18
    3ab8:	ed 81       	ldd	r30, Y+5	; 0x05
    3aba:	fe 81       	ldd	r31, Y+6	; 0x06
    3abc:	80 83       	st	Z, r24
    totalSeconds %= 3600UL;
    3abe:	89 81       	ldd	r24, Y+1	; 0x01
    3ac0:	9a 81       	ldd	r25, Y+2	; 0x02
    3ac2:	ab 81       	ldd	r26, Y+3	; 0x03
    3ac4:	bc 81       	ldd	r27, Y+4	; 0x04
    3ac6:	20 e1       	ldi	r18, 0x10	; 16
    3ac8:	3e e0       	ldi	r19, 0x0E	; 14
    3aca:	40 e0       	ldi	r20, 0x00	; 0
    3acc:	50 e0       	ldi	r21, 0x00	; 0
    3ace:	bc 01       	movw	r22, r24
    3ad0:	cd 01       	movw	r24, r26
    3ad2:	0e 94 96 2c 	call	0x592c	; 0x592c <__udivmodsi4>
    3ad6:	dc 01       	movw	r26, r24
    3ad8:	cb 01       	movw	r24, r22
    3ada:	89 83       	std	Y+1, r24	; 0x01
    3adc:	9a 83       	std	Y+2, r25	; 0x02
    3ade:	ab 83       	std	Y+3, r26	; 0x03
    3ae0:	bc 83       	std	Y+4, r27	; 0x04
    countdown->minute = (uint8)(totalSeconds / 60UL);
    3ae2:	89 81       	ldd	r24, Y+1	; 0x01
    3ae4:	9a 81       	ldd	r25, Y+2	; 0x02
    3ae6:	ab 81       	ldd	r26, Y+3	; 0x03
    3ae8:	bc 81       	ldd	r27, Y+4	; 0x04
    3aea:	2c e3       	ldi	r18, 0x3C	; 60
    3aec:	30 e0       	ldi	r19, 0x00	; 0
    3aee:	40 e0       	ldi	r20, 0x00	; 0
    3af0:	50 e0       	ldi	r21, 0x00	; 0
    3af2:	bc 01       	movw	r22, r24
    3af4:	cd 01       	movw	r24, r26
    3af6:	0e 94 96 2c 	call	0x592c	; 0x592c <__udivmodsi4>
    3afa:	da 01       	movw	r26, r20
    3afc:	c9 01       	movw	r24, r18
    3afe:	ed 81       	ldd	r30, Y+5	; 0x05
    3b00:	fe 81       	ldd	r31, Y+6	; 0x06
    3b02:	81 83       	std	Z+1, r24	; 0x01
    countdown->second = (uint8)(totalSeconds % 60UL);
    3b04:	89 81       	ldd	r24, Y+1	; 0x01
    3b06:	9a 81       	ldd	r25, Y+2	; 0x02
    3b08:	ab 81       	ldd	r26, Y+3	; 0x03
    3b0a:	bc 81       	ldd	r27, Y+4	; 0x04
    3b0c:	2c e3       	ldi	r18, 0x3C	; 60
    3b0e:	30 e0       	ldi	r19, 0x00	; 0
    3b10:	40 e0       	ldi	r20, 0x00	; 0
    3b12:	50 e0       	ldi	r21, 0x00	; 0
    3b14:	bc 01       	movw	r22, r24
    3b16:	cd 01       	movw	r24, r26
    3b18:	0e 94 96 2c 	call	0x592c	; 0x592c <__udivmodsi4>
    3b1c:	dc 01       	movw	r26, r24
    3b1e:	cb 01       	movw	r24, r22
    3b20:	ed 81       	ldd	r30, Y+5	; 0x05
    3b22:	fe 81       	ldd	r31, Y+6	; 0x06
    3b24:	82 83       	std	Z+2, r24	; 0x02
}
    3b26:	26 96       	adiw	r28, 0x06	; 6
    3b28:	0f b6       	in	r0, 0x3f	; 63
    3b2a:	f8 94       	cli
    3b2c:	de bf       	out	0x3e, r29	; 62
    3b2e:	0f be       	out	0x3f, r0	; 63
    3b30:	cd bf       	out	0x3d, r28	; 61
    3b32:	cf 91       	pop	r28
    3b34:	df 91       	pop	r29
    3b36:	08 95       	ret

00003b38 <App_secondsToStopwatch>:

static void App_secondsToStopwatch(uint32 totalSeconds, TimeFields *stopwatch)
{
    3b38:	df 93       	push	r29
    3b3a:	cf 93       	push	r28
    3b3c:	00 d0       	rcall	.+0      	; 0x3b3e <App_secondsToStopwatch+0x6>
    3b3e:	00 d0       	rcall	.+0      	; 0x3b40 <App_secondsToStopwatch+0x8>
    3b40:	00 d0       	rcall	.+0      	; 0x3b42 <App_secondsToStopwatch+0xa>
    3b42:	cd b7       	in	r28, 0x3d	; 61
    3b44:	de b7       	in	r29, 0x3e	; 62
    3b46:	69 83       	std	Y+1, r22	; 0x01
    3b48:	7a 83       	std	Y+2, r23	; 0x02
    3b4a:	8b 83       	std	Y+3, r24	; 0x03
    3b4c:	9c 83       	std	Y+4, r25	; 0x04
    3b4e:	5e 83       	std	Y+6, r21	; 0x06
    3b50:	4d 83       	std	Y+5, r20	; 0x05
    stopwatch->hour = (uint8)(totalSeconds / 3600UL);
    3b52:	89 81       	ldd	r24, Y+1	; 0x01
    3b54:	9a 81       	ldd	r25, Y+2	; 0x02
    3b56:	ab 81       	ldd	r26, Y+3	; 0x03
    3b58:	bc 81       	ldd	r27, Y+4	; 0x04
    3b5a:	20 e1       	ldi	r18, 0x10	; 16
    3b5c:	3e e0       	ldi	r19, 0x0E	; 14
    3b5e:	40 e0       	ldi	r20, 0x00	; 0
    3b60:	50 e0       	ldi	r21, 0x00	; 0
    3b62:	bc 01       	movw	r22, r24
    3b64:	cd 01       	movw	r24, r26
    3b66:	0e 94 96 2c 	call	0x592c	; 0x592c <__udivmodsi4>
    3b6a:	da 01       	movw	r26, r20
    3b6c:	c9 01       	movw	r24, r18
    3b6e:	ed 81       	ldd	r30, Y+5	; 0x05
    3b70:	fe 81       	ldd	r31, Y+6	; 0x06
    3b72:	80 83       	st	Z, r24
    totalSeconds %= 3600UL;
    3b74:	89 81       	ldd	r24, Y+1	; 0x01
    3b76:	9a 81       	ldd	r25, Y+2	; 0x02
    3b78:	ab 81       	ldd	r26, Y+3	; 0x03
    3b7a:	bc 81       	ldd	r27, Y+4	; 0x04
    3b7c:	20 e1       	ldi	r18, 0x10	; 16
    3b7e:	3e e0       	ldi	r19, 0x0E	; 14
    3b80:	40 e0       	ldi	r20, 0x00	; 0
    3b82:	50 e0       	ldi	r21, 0x00	; 0
    3b84:	bc 01       	movw	r22, r24
    3b86:	cd 01       	movw	r24, r26
    3b88:	0e 94 96 2c 	call	0x592c	; 0x592c <__udivmodsi4>
    3b8c:	dc 01       	movw	r26, r24
    3b8e:	cb 01       	movw	r24, r22
    3b90:	89 83       	std	Y+1, r24	; 0x01
    3b92:	9a 83       	std	Y+2, r25	; 0x02
    3b94:	ab 83       	std	Y+3, r26	; 0x03
    3b96:	bc 83       	std	Y+4, r27	; 0x04
    stopwatch->minute = (uint8)(totalSeconds / 60UL);
    3b98:	89 81       	ldd	r24, Y+1	; 0x01
    3b9a:	9a 81       	ldd	r25, Y+2	; 0x02
    3b9c:	ab 81       	ldd	r26, Y+3	; 0x03
    3b9e:	bc 81       	ldd	r27, Y+4	; 0x04
    3ba0:	2c e3       	ldi	r18, 0x3C	; 60
    3ba2:	30 e0       	ldi	r19, 0x00	; 0
    3ba4:	40 e0       	ldi	r20, 0x00	; 0
    3ba6:	50 e0       	ldi	r21, 0x00	; 0
    3ba8:	bc 01       	movw	r22, r24
    3baa:	cd 01       	movw	r24, r26
    3bac:	0e 94 96 2c 	call	0x592c	; 0x592c <__udivmodsi4>
    3bb0:	da 01       	movw	r26, r20
    3bb2:	c9 01       	movw	r24, r18
    3bb4:	ed 81       	ldd	r30, Y+5	; 0x05
    3bb6:	fe 81       	ldd	r31, Y+6	; 0x06
    3bb8:	81 83       	std	Z+1, r24	; 0x01
    stopwatch->second = (uint8)(totalSeconds % 60UL);
    3bba:	89 81       	ldd	r24, Y+1	; 0x01
    3bbc:	9a 81       	ldd	r25, Y+2	; 0x02
    3bbe:	ab 81       	ldd	r26, Y+3	; 0x03
    3bc0:	bc 81       	ldd	r27, Y+4	; 0x04
    3bc2:	2c e3       	ldi	r18, 0x3C	; 60
    3bc4:	30 e0       	ldi	r19, 0x00	; 0
    3bc6:	40 e0       	ldi	r20, 0x00	; 0
    3bc8:	50 e0       	ldi	r21, 0x00	; 0
    3bca:	bc 01       	movw	r22, r24
    3bcc:	cd 01       	movw	r24, r26
    3bce:	0e 94 96 2c 	call	0x592c	; 0x592c <__udivmodsi4>
    3bd2:	dc 01       	movw	r26, r24
    3bd4:	cb 01       	movw	r24, r22
    3bd6:	ed 81       	ldd	r30, Y+5	; 0x05
    3bd8:	fe 81       	ldd	r31, Y+6	; 0x06
    3bda:	82 83       	std	Z+2, r24	; 0x02
}
    3bdc:	26 96       	adiw	r28, 0x06	; 6
    3bde:	0f b6       	in	r0, 0x3f	; 63
    3be0:	f8 94       	cli
    3be2:	de bf       	out	0x3e, r29	; 62
    3be4:	0f be       	out	0x3f, r0	; 63
    3be6:	cd bf       	out	0x3d, r28	; 61
    3be8:	cf 91       	pop	r28
    3bea:	df 91       	pop	r29
    3bec:	08 95       	ret

00003bee <App_stopwatchToSeconds>:

static uint32 App_stopwatchToSeconds(const TimeFields *stopwatch)
{
    3bee:	ef 92       	push	r14
    3bf0:	ff 92       	push	r15
    3bf2:	0f 93       	push	r16
    3bf4:	1f 93       	push	r17
    3bf6:	df 93       	push	r29
    3bf8:	cf 93       	push	r28
    3bfa:	00 d0       	rcall	.+0      	; 0x3bfc <App_stopwatchToSeconds+0xe>
    3bfc:	cd b7       	in	r28, 0x3d	; 61
    3bfe:	de b7       	in	r29, 0x3e	; 62
    3c00:	9a 83       	std	Y+2, r25	; 0x02
    3c02:	89 83       	std	Y+1, r24	; 0x01
    return (((uint32)stopwatch->hour * 3600UL) + ((uint32)stopwatch->minute * 60UL) + (uint32)stopwatch->second);
    3c04:	e9 81       	ldd	r30, Y+1	; 0x01
    3c06:	fa 81       	ldd	r31, Y+2	; 0x02
    3c08:	80 81       	ld	r24, Z
    3c0a:	88 2f       	mov	r24, r24
    3c0c:	90 e0       	ldi	r25, 0x00	; 0
    3c0e:	a0 e0       	ldi	r26, 0x00	; 0
    3c10:	b0 e0       	ldi	r27, 0x00	; 0
    3c12:	20 e1       	ldi	r18, 0x10	; 16
    3c14:	3e e0       	ldi	r19, 0x0E	; 14
    3c16:	40 e0       	ldi	r20, 0x00	; 0
    3c18:	50 e0       	ldi	r21, 0x00	; 0
    3c1a:	bc 01       	movw	r22, r24
    3c1c:	cd 01       	movw	r24, r26
    3c1e:	0e 94 57 2c 	call	0x58ae	; 0x58ae <__mulsi3>
    3c22:	7b 01       	movw	r14, r22
    3c24:	8c 01       	movw	r16, r24
    3c26:	e9 81       	ldd	r30, Y+1	; 0x01
    3c28:	fa 81       	ldd	r31, Y+2	; 0x02
    3c2a:	81 81       	ldd	r24, Z+1	; 0x01
    3c2c:	88 2f       	mov	r24, r24
    3c2e:	90 e0       	ldi	r25, 0x00	; 0
    3c30:	a0 e0       	ldi	r26, 0x00	; 0
    3c32:	b0 e0       	ldi	r27, 0x00	; 0
    3c34:	2c e3       	ldi	r18, 0x3C	; 60
    3c36:	30 e0       	ldi	r19, 0x00	; 0
    3c38:	40 e0       	ldi	r20, 0x00	; 0
    3c3a:	50 e0       	ldi	r21, 0x00	; 0
    3c3c:	bc 01       	movw	r22, r24
    3c3e:	cd 01       	movw	r24, r26
    3c40:	0e 94 57 2c 	call	0x58ae	; 0x58ae <__mulsi3>
    3c44:	dc 01       	movw	r26, r24
    3c46:	cb 01       	movw	r24, r22
    3c48:	a8 01       	movw	r20, r16
    3c4a:	97 01       	movw	r18, r14
    3c4c:	28 0f       	add	r18, r24
    3c4e:	39 1f       	adc	r19, r25
    3c50:	4a 1f       	adc	r20, r26
    3c52:	5b 1f       	adc	r21, r27
    3c54:	e9 81       	ldd	r30, Y+1	; 0x01
    3c56:	fa 81       	ldd	r31, Y+2	; 0x02
    3c58:	82 81       	ldd	r24, Z+2	; 0x02
    3c5a:	88 2f       	mov	r24, r24
    3c5c:	90 e0       	ldi	r25, 0x00	; 0
    3c5e:	a0 e0       	ldi	r26, 0x00	; 0
    3c60:	b0 e0       	ldi	r27, 0x00	; 0
    3c62:	82 0f       	add	r24, r18
    3c64:	93 1f       	adc	r25, r19
    3c66:	a4 1f       	adc	r26, r20
    3c68:	b5 1f       	adc	r27, r21
}
    3c6a:	bc 01       	movw	r22, r24
    3c6c:	cd 01       	movw	r24, r26
    3c6e:	0f 90       	pop	r0
    3c70:	0f 90       	pop	r0
    3c72:	cf 91       	pop	r28
    3c74:	df 91       	pop	r29
    3c76:	1f 91       	pop	r17
    3c78:	0f 91       	pop	r16
    3c7a:	ff 90       	pop	r15
    3c7c:	ef 90       	pop	r14
    3c7e:	08 95       	ret

00003c80 <App_formatTime>:

static void App_formatTime(char *buffer, uint8 hour, uint8 minute, uint8 second)
{
    3c80:	df 93       	push	r29
    3c82:	cf 93       	push	r28
    3c84:	00 d0       	rcall	.+0      	; 0x3c86 <App_formatTime+0x6>
    3c86:	00 d0       	rcall	.+0      	; 0x3c88 <App_formatTime+0x8>
    3c88:	0f 92       	push	r0
    3c8a:	cd b7       	in	r28, 0x3d	; 61
    3c8c:	de b7       	in	r29, 0x3e	; 62
    3c8e:	9a 83       	std	Y+2, r25	; 0x02
    3c90:	89 83       	std	Y+1, r24	; 0x01
    3c92:	6b 83       	std	Y+3, r22	; 0x03
    3c94:	4c 83       	std	Y+4, r20	; 0x04
    3c96:	2d 83       	std	Y+5, r18	; 0x05
    buffer[0] = (char)('0' + (hour / 10U));
    3c98:	8b 81       	ldd	r24, Y+3	; 0x03
    3c9a:	9a e0       	ldi	r25, 0x0A	; 10
    3c9c:	69 2f       	mov	r22, r25
    3c9e:	0e 94 76 2c 	call	0x58ec	; 0x58ec <__udivmodqi4>
    3ca2:	80 5d       	subi	r24, 0xD0	; 208
    3ca4:	e9 81       	ldd	r30, Y+1	; 0x01
    3ca6:	fa 81       	ldd	r31, Y+2	; 0x02
    3ca8:	80 83       	st	Z, r24
    buffer[1] = (char)('0' + (hour % 10U));
    3caa:	89 81       	ldd	r24, Y+1	; 0x01
    3cac:	9a 81       	ldd	r25, Y+2	; 0x02
    3cae:	fc 01       	movw	r30, r24
    3cb0:	31 96       	adiw	r30, 0x01	; 1
    3cb2:	8b 81       	ldd	r24, Y+3	; 0x03
    3cb4:	9a e0       	ldi	r25, 0x0A	; 10
    3cb6:	69 2f       	mov	r22, r25
    3cb8:	0e 94 76 2c 	call	0x58ec	; 0x58ec <__udivmodqi4>
    3cbc:	89 2f       	mov	r24, r25
    3cbe:	80 5d       	subi	r24, 0xD0	; 208
    3cc0:	80 83       	st	Z, r24
    buffer[2] = ':';
    3cc2:	89 81       	ldd	r24, Y+1	; 0x01
    3cc4:	9a 81       	ldd	r25, Y+2	; 0x02
    3cc6:	fc 01       	movw	r30, r24
    3cc8:	32 96       	adiw	r30, 0x02	; 2
    3cca:	8a e3       	ldi	r24, 0x3A	; 58
    3ccc:	80 83       	st	Z, r24
    buffer[3] = (char)('0' + (minute / 10U));
    3cce:	89 81       	ldd	r24, Y+1	; 0x01
    3cd0:	9a 81       	ldd	r25, Y+2	; 0x02
    3cd2:	fc 01       	movw	r30, r24
    3cd4:	33 96       	adiw	r30, 0x03	; 3
    3cd6:	8c 81       	ldd	r24, Y+4	; 0x04
    3cd8:	9a e0       	ldi	r25, 0x0A	; 10
    3cda:	69 2f       	mov	r22, r25
    3cdc:	0e 94 76 2c 	call	0x58ec	; 0x58ec <__udivmodqi4>
    3ce0:	80 5d       	subi	r24, 0xD0	; 208
    3ce2:	80 83       	st	Z, r24
    buffer[4] = (char)('0' + (minute % 10U));
    3ce4:	89 81       	ldd	r24, Y+1	; 0x01
    3ce6:	9a 81       	ldd	r25, Y+2	; 0x02
    3ce8:	fc 01       	movw	r30, r24
    3cea:	34 96       	adiw	r30, 0x04	; 4
    3cec:	8c 81       	ldd	r24, Y+4	; 0x04
    3cee:	9a e0       	ldi	r25, 0x0A	; 10
    3cf0:	69 2f       	mov	r22, r25
    3cf2:	0e 94 76 2c 	call	0x58ec	; 0x58ec <__udivmodqi4>
    3cf6:	89 2f       	mov	r24, r25
    3cf8:	80 5d       	subi	r24, 0xD0	; 208
    3cfa:	80 83       	st	Z, r24
    buffer[5] = ':';
    3cfc:	89 81       	ldd	r24, Y+1	; 0x01
    3cfe:	9a 81       	ldd	r25, Y+2	; 0x02
    3d00:	fc 01       	movw	r30, r24
    3d02:	35 96       	adiw	r30, 0x05	; 5
    3d04:	8a e3       	ldi	r24, 0x3A	; 58
    3d06:	80 83       	st	Z, r24
    buffer[6] = (char)('0' + (second / 10U));
    3d08:	89 81       	ldd	r24, Y+1	; 0x01
    3d0a:	9a 81       	ldd	r25, Y+2	; 0x02
    3d0c:	fc 01       	movw	r30, r24
    3d0e:	36 96       	adiw	r30, 0x06	; 6
    3d10:	8d 81       	ldd	r24, Y+5	; 0x05
    3d12:	9a e0       	ldi	r25, 0x0A	; 10
    3d14:	69 2f       	mov	r22, r25
    3d16:	0e 94 76 2c 	call	0x58ec	; 0x58ec <__udivmodqi4>
    3d1a:	80 5d       	subi	r24, 0xD0	; 208
    3d1c:	80 83       	st	Z, r24
    buffer[7] = (char)('0' + (second % 10U));
    3d1e:	89 81       	ldd	r24, Y+1	; 0x01
    3d20:	9a 81       	ldd	r25, Y+2	; 0x02
    3d22:	fc 01       	movw	r30, r24
    3d24:	37 96       	adiw	r30, 0x07	; 7
    3d26:	8d 81       	ldd	r24, Y+5	; 0x05
    3d28:	9a e0       	ldi	r25, 0x0A	; 10
    3d2a:	69 2f       	mov	r22, r25
    3d2c:	0e 94 76 2c 	call	0x58ec	; 0x58ec <__udivmodqi4>
    3d30:	89 2f       	mov	r24, r25
    3d32:	80 5d       	subi	r24, 0xD0	; 208
    3d34:	80 83       	st	Z, r24
    buffer[8] = '\0';
    3d36:	89 81       	ldd	r24, Y+1	; 0x01
    3d38:	9a 81       	ldd	r25, Y+2	; 0x02
    3d3a:	fc 01       	movw	r30, r24
    3d3c:	38 96       	adiw	r30, 0x08	; 8
    3d3e:	10 82       	st	Z, r1
}
    3d40:	0f 90       	pop	r0
    3d42:	0f 90       	pop	r0
    3d44:	0f 90       	pop	r0
    3d46:	0f 90       	pop	r0
    3d48:	0f 90       	pop	r0
    3d4a:	cf 91       	pop	r28
    3d4c:	df 91       	pop	r29
    3d4e:	08 95       	ret

00003d50 <App_formatDate>:

static void App_formatDate(char *buffer, uint8 date, uint8 month, uint16 year)
{
    3d50:	df 93       	push	r29
    3d52:	cf 93       	push	r28
    3d54:	00 d0       	rcall	.+0      	; 0x3d56 <App_formatDate+0x6>
    3d56:	00 d0       	rcall	.+0      	; 0x3d58 <App_formatDate+0x8>
    3d58:	00 d0       	rcall	.+0      	; 0x3d5a <App_formatDate+0xa>
    3d5a:	cd b7       	in	r28, 0x3d	; 61
    3d5c:	de b7       	in	r29, 0x3e	; 62
    3d5e:	9a 83       	std	Y+2, r25	; 0x02
    3d60:	89 83       	std	Y+1, r24	; 0x01
    3d62:	6b 83       	std	Y+3, r22	; 0x03
    3d64:	4c 83       	std	Y+4, r20	; 0x04
    3d66:	3e 83       	std	Y+6, r19	; 0x06
    3d68:	2d 83       	std	Y+5, r18	; 0x05
    buffer[0] = (char)('0' + (date / 10U));
    3d6a:	8b 81       	ldd	r24, Y+3	; 0x03
    3d6c:	9a e0       	ldi	r25, 0x0A	; 10
    3d6e:	69 2f       	mov	r22, r25
    3d70:	0e 94 76 2c 	call	0x58ec	; 0x58ec <__udivmodqi4>
    3d74:	80 5d       	subi	r24, 0xD0	; 208
    3d76:	e9 81       	ldd	r30, Y+1	; 0x01
    3d78:	fa 81       	ldd	r31, Y+2	; 0x02
    3d7a:	80 83       	st	Z, r24
    buffer[1] = (char)('0' + (date % 10U));
    3d7c:	89 81       	ldd	r24, Y+1	; 0x01
    3d7e:	9a 81       	ldd	r25, Y+2	; 0x02
    3d80:	fc 01       	movw	r30, r24
    3d82:	31 96       	adiw	r30, 0x01	; 1
    3d84:	8b 81       	ldd	r24, Y+3	; 0x03
    3d86:	9a e0       	ldi	r25, 0x0A	; 10
    3d88:	69 2f       	mov	r22, r25
    3d8a:	0e 94 76 2c 	call	0x58ec	; 0x58ec <__udivmodqi4>
    3d8e:	89 2f       	mov	r24, r25
    3d90:	80 5d       	subi	r24, 0xD0	; 208
    3d92:	80 83       	st	Z, r24
    buffer[2] = '/';
    3d94:	89 81       	ldd	r24, Y+1	; 0x01
    3d96:	9a 81       	ldd	r25, Y+2	; 0x02
    3d98:	fc 01       	movw	r30, r24
    3d9a:	32 96       	adiw	r30, 0x02	; 2
    3d9c:	8f e2       	ldi	r24, 0x2F	; 47
    3d9e:	80 83       	st	Z, r24
    buffer[3] = (char)('0' + (month / 10U));
    3da0:	89 81       	ldd	r24, Y+1	; 0x01
    3da2:	9a 81       	ldd	r25, Y+2	; 0x02
    3da4:	fc 01       	movw	r30, r24
    3da6:	33 96       	adiw	r30, 0x03	; 3
    3da8:	8c 81       	ldd	r24, Y+4	; 0x04
    3daa:	9a e0       	ldi	r25, 0x0A	; 10
    3dac:	69 2f       	mov	r22, r25
    3dae:	0e 94 76 2c 	call	0x58ec	; 0x58ec <__udivmodqi4>
    3db2:	80 5d       	subi	r24, 0xD0	; 208
    3db4:	80 83       	st	Z, r24
    buffer[4] = (char)('0' + (month % 10U));
    3db6:	89 81       	ldd	r24, Y+1	; 0x01
    3db8:	9a 81       	ldd	r25, Y+2	; 0x02
    3dba:	fc 01       	movw	r30, r24
    3dbc:	34 96       	adiw	r30, 0x04	; 4
    3dbe:	8c 81       	ldd	r24, Y+4	; 0x04
    3dc0:	9a e0       	ldi	r25, 0x0A	; 10
    3dc2:	69 2f       	mov	r22, r25
    3dc4:	0e 94 76 2c 	call	0x58ec	; 0x58ec <__udivmodqi4>
    3dc8:	89 2f       	mov	r24, r25
    3dca:	80 5d       	subi	r24, 0xD0	; 208
    3dcc:	80 83       	st	Z, r24
    buffer[5] = '/';
    3dce:	89 81       	ldd	r24, Y+1	; 0x01
    3dd0:	9a 81       	ldd	r25, Y+2	; 0x02
    3dd2:	fc 01       	movw	r30, r24
    3dd4:	35 96       	adiw	r30, 0x05	; 5
    3dd6:	8f e2       	ldi	r24, 0x2F	; 47
    3dd8:	80 83       	st	Z, r24
    buffer[6] = (char)('0' + (year / 1000U));
    3dda:	89 81       	ldd	r24, Y+1	; 0x01
    3ddc:	9a 81       	ldd	r25, Y+2	; 0x02
    3dde:	fc 01       	movw	r30, r24
    3de0:	36 96       	adiw	r30, 0x06	; 6
    3de2:	8d 81       	ldd	r24, Y+5	; 0x05
    3de4:	9e 81       	ldd	r25, Y+6	; 0x06
    3de6:	28 ee       	ldi	r18, 0xE8	; 232
    3de8:	33 e0       	ldi	r19, 0x03	; 3
    3dea:	b9 01       	movw	r22, r18
    3dec:	0e 94 82 2c 	call	0x5904	; 0x5904 <__udivmodhi4>
    3df0:	cb 01       	movw	r24, r22
    3df2:	80 5d       	subi	r24, 0xD0	; 208
    3df4:	80 83       	st	Z, r24
    buffer[7] = (char)('0' + ((year / 100U) % 10U));
    3df6:	89 81       	ldd	r24, Y+1	; 0x01
    3df8:	9a 81       	ldd	r25, Y+2	; 0x02
    3dfa:	fc 01       	movw	r30, r24
    3dfc:	37 96       	adiw	r30, 0x07	; 7
    3dfe:	8d 81       	ldd	r24, Y+5	; 0x05
    3e00:	9e 81       	ldd	r25, Y+6	; 0x06
    3e02:	24 e6       	ldi	r18, 0x64	; 100
    3e04:	30 e0       	ldi	r19, 0x00	; 0
    3e06:	b9 01       	movw	r22, r18
    3e08:	0e 94 82 2c 	call	0x5904	; 0x5904 <__udivmodhi4>
    3e0c:	cb 01       	movw	r24, r22
    3e0e:	2a e0       	ldi	r18, 0x0A	; 10
    3e10:	30 e0       	ldi	r19, 0x00	; 0
    3e12:	b9 01       	movw	r22, r18
    3e14:	0e 94 82 2c 	call	0x5904	; 0x5904 <__udivmodhi4>
    3e18:	80 5d       	subi	r24, 0xD0	; 208
    3e1a:	80 83       	st	Z, r24
    buffer[8] = (char)('0' + ((year / 10U) % 10U));
    3e1c:	89 81       	ldd	r24, Y+1	; 0x01
    3e1e:	9a 81       	ldd	r25, Y+2	; 0x02
    3e20:	fc 01       	movw	r30, r24
    3e22:	38 96       	adiw	r30, 0x08	; 8
    3e24:	8d 81       	ldd	r24, Y+5	; 0x05
    3e26:	9e 81       	ldd	r25, Y+6	; 0x06
    3e28:	2a e0       	ldi	r18, 0x0A	; 10
    3e2a:	30 e0       	ldi	r19, 0x00	; 0
    3e2c:	b9 01       	movw	r22, r18
    3e2e:	0e 94 82 2c 	call	0x5904	; 0x5904 <__udivmodhi4>
    3e32:	cb 01       	movw	r24, r22
    3e34:	2a e0       	ldi	r18, 0x0A	; 10
    3e36:	30 e0       	ldi	r19, 0x00	; 0
    3e38:	b9 01       	movw	r22, r18
    3e3a:	0e 94 82 2c 	call	0x5904	; 0x5904 <__udivmodhi4>
    3e3e:	80 5d       	subi	r24, 0xD0	; 208
    3e40:	80 83       	st	Z, r24
    buffer[9] = (char)('0' + (year % 10U));
    3e42:	89 81       	ldd	r24, Y+1	; 0x01
    3e44:	9a 81       	ldd	r25, Y+2	; 0x02
    3e46:	fc 01       	movw	r30, r24
    3e48:	39 96       	adiw	r30, 0x09	; 9
    3e4a:	8d 81       	ldd	r24, Y+5	; 0x05
    3e4c:	9e 81       	ldd	r25, Y+6	; 0x06
    3e4e:	2a e0       	ldi	r18, 0x0A	; 10
    3e50:	30 e0       	ldi	r19, 0x00	; 0
    3e52:	b9 01       	movw	r22, r18
    3e54:	0e 94 82 2c 	call	0x5904	; 0x5904 <__udivmodhi4>
    3e58:	80 5d       	subi	r24, 0xD0	; 208
    3e5a:	80 83       	st	Z, r24
    buffer[10] = '\0';
    3e5c:	89 81       	ldd	r24, Y+1	; 0x01
    3e5e:	9a 81       	ldd	r25, Y+2	; 0x02
    3e60:	fc 01       	movw	r30, r24
    3e62:	3a 96       	adiw	r30, 0x0a	; 10
    3e64:	10 82       	st	Z, r1
}
    3e66:	26 96       	adiw	r28, 0x06	; 6
    3e68:	0f b6       	in	r0, 0x3f	; 63
    3e6a:	f8 94       	cli
    3e6c:	de bf       	out	0x3e, r29	; 62
    3e6e:	0f be       	out	0x3f, r0	; 63
    3e70:	cd bf       	out	0x3d, r28	; 61
    3e72:	cf 91       	pop	r28
    3e74:	df 91       	pop	r29
    3e76:	08 95       	ret

00003e78 <App_formatHourMinute>:

static void App_formatHourMinute(char *buffer, uint8 hour, uint8 minute)
{
    3e78:	df 93       	push	r29
    3e7a:	cf 93       	push	r28
    3e7c:	00 d0       	rcall	.+0      	; 0x3e7e <App_formatHourMinute+0x6>
    3e7e:	00 d0       	rcall	.+0      	; 0x3e80 <App_formatHourMinute+0x8>
    3e80:	cd b7       	in	r28, 0x3d	; 61
    3e82:	de b7       	in	r29, 0x3e	; 62
    3e84:	9a 83       	std	Y+2, r25	; 0x02
    3e86:	89 83       	std	Y+1, r24	; 0x01
    3e88:	6b 83       	std	Y+3, r22	; 0x03
    3e8a:	4c 83       	std	Y+4, r20	; 0x04
    buffer[0] = (char)('0' + (hour / 10U));
    3e8c:	8b 81       	ldd	r24, Y+3	; 0x03
    3e8e:	9a e0       	ldi	r25, 0x0A	; 10
    3e90:	69 2f       	mov	r22, r25
    3e92:	0e 94 76 2c 	call	0x58ec	; 0x58ec <__udivmodqi4>
    3e96:	80 5d       	subi	r24, 0xD0	; 208
    3e98:	e9 81       	ldd	r30, Y+1	; 0x01
    3e9a:	fa 81       	ldd	r31, Y+2	; 0x02
    3e9c:	80 83       	st	Z, r24
    buffer[1] = (char)('0' + (hour % 10U));
    3e9e:	89 81       	ldd	r24, Y+1	; 0x01
    3ea0:	9a 81       	ldd	r25, Y+2	; 0x02
    3ea2:	fc 01       	movw	r30, r24
    3ea4:	31 96       	adiw	r30, 0x01	; 1
    3ea6:	8b 81       	ldd	r24, Y+3	; 0x03
    3ea8:	9a e0       	ldi	r25, 0x0A	; 10
    3eaa:	69 2f       	mov	r22, r25
    3eac:	0e 94 76 2c 	call	0x58ec	; 0x58ec <__udivmodqi4>
    3eb0:	89 2f       	mov	r24, r25
    3eb2:	80 5d       	subi	r24, 0xD0	; 208
    3eb4:	80 83       	st	Z, r24
    buffer[2] = ':';
    3eb6:	89 81       	ldd	r24, Y+1	; 0x01
    3eb8:	9a 81       	ldd	r25, Y+2	; 0x02
    3eba:	fc 01       	movw	r30, r24
    3ebc:	32 96       	adiw	r30, 0x02	; 2
    3ebe:	8a e3       	ldi	r24, 0x3A	; 58
    3ec0:	80 83       	st	Z, r24
    buffer[3] = (char)('0' + (minute / 10U));
    3ec2:	89 81       	ldd	r24, Y+1	; 0x01
    3ec4:	9a 81       	ldd	r25, Y+2	; 0x02
    3ec6:	fc 01       	movw	r30, r24
    3ec8:	33 96       	adiw	r30, 0x03	; 3
    3eca:	8c 81       	ldd	r24, Y+4	; 0x04
    3ecc:	9a e0       	ldi	r25, 0x0A	; 10
    3ece:	69 2f       	mov	r22, r25
    3ed0:	0e 94 76 2c 	call	0x58ec	; 0x58ec <__udivmodqi4>
    3ed4:	80 5d       	subi	r24, 0xD0	; 208
    3ed6:	80 83       	st	Z, r24
    buffer[4] = (char)('0' + (minute % 10U));
    3ed8:	89 81       	ldd	r24, Y+1	; 0x01
    3eda:	9a 81       	ldd	r25, Y+2	; 0x02
    3edc:	fc 01       	movw	r30, r24
    3ede:	34 96       	adiw	r30, 0x04	; 4
    3ee0:	8c 81       	ldd	r24, Y+4	; 0x04
    3ee2:	9a e0       	ldi	r25, 0x0A	; 10
    3ee4:	69 2f       	mov	r22, r25
    3ee6:	0e 94 76 2c 	call	0x58ec	; 0x58ec <__udivmodqi4>
    3eea:	89 2f       	mov	r24, r25
    3eec:	80 5d       	subi	r24, 0xD0	; 208
    3eee:	80 83       	st	Z, r24
    buffer[5] = '\0';
    3ef0:	89 81       	ldd	r24, Y+1	; 0x01
    3ef2:	9a 81       	ldd	r25, Y+2	; 0x02
    3ef4:	fc 01       	movw	r30, r24
    3ef6:	35 96       	adiw	r30, 0x05	; 5
    3ef8:	10 82       	st	Z, r1
}
    3efa:	0f 90       	pop	r0
    3efc:	0f 90       	pop	r0
    3efe:	0f 90       	pop	r0
    3f00:	0f 90       	pop	r0
    3f02:	cf 91       	pop	r28
    3f04:	df 91       	pop	r29
    3f06:	08 95       	ret

00003f08 <App_formatCountdown>:

static void App_formatCountdown(char *buffer, const CountdownFields *countdown)
{
    3f08:	df 93       	push	r29
    3f0a:	cf 93       	push	r28
    3f0c:	00 d0       	rcall	.+0      	; 0x3f0e <App_formatCountdown+0x6>
    3f0e:	00 d0       	rcall	.+0      	; 0x3f10 <App_formatCountdown+0x8>
    3f10:	cd b7       	in	r28, 0x3d	; 61
    3f12:	de b7       	in	r29, 0x3e	; 62
    3f14:	9a 83       	std	Y+2, r25	; 0x02
    3f16:	89 83       	std	Y+1, r24	; 0x01
    3f18:	7c 83       	std	Y+4, r23	; 0x04
    3f1a:	6b 83       	std	Y+3, r22	; 0x03
    App_formatTime(buffer, countdown->hour, countdown->minute, countdown->second);
    3f1c:	eb 81       	ldd	r30, Y+3	; 0x03
    3f1e:	fc 81       	ldd	r31, Y+4	; 0x04
    3f20:	30 81       	ld	r19, Z
    3f22:	eb 81       	ldd	r30, Y+3	; 0x03
    3f24:	fc 81       	ldd	r31, Y+4	; 0x04
    3f26:	41 81       	ldd	r20, Z+1	; 0x01
    3f28:	eb 81       	ldd	r30, Y+3	; 0x03
    3f2a:	fc 81       	ldd	r31, Y+4	; 0x04
    3f2c:	22 81       	ldd	r18, Z+2	; 0x02
    3f2e:	89 81       	ldd	r24, Y+1	; 0x01
    3f30:	9a 81       	ldd	r25, Y+2	; 0x02
    3f32:	63 2f       	mov	r22, r19
    3f34:	0e 94 40 1e 	call	0x3c80	; 0x3c80 <App_formatTime>
}
    3f38:	0f 90       	pop	r0
    3f3a:	0f 90       	pop	r0
    3f3c:	0f 90       	pop	r0
    3f3e:	0f 90       	pop	r0
    3f40:	cf 91       	pop	r28
    3f42:	df 91       	pop	r29
    3f44:	08 95       	ret

00003f46 <App_formatStopwatch>:

static void App_formatStopwatch(char *buffer, const TimeFields *stopwatch)
{
    3f46:	df 93       	push	r29
    3f48:	cf 93       	push	r28
    3f4a:	00 d0       	rcall	.+0      	; 0x3f4c <App_formatStopwatch+0x6>
    3f4c:	00 d0       	rcall	.+0      	; 0x3f4e <App_formatStopwatch+0x8>
    3f4e:	cd b7       	in	r28, 0x3d	; 61
    3f50:	de b7       	in	r29, 0x3e	; 62
    3f52:	9a 83       	std	Y+2, r25	; 0x02
    3f54:	89 83       	std	Y+1, r24	; 0x01
    3f56:	7c 83       	std	Y+4, r23	; 0x04
    3f58:	6b 83       	std	Y+3, r22	; 0x03
    App_formatTime(buffer, stopwatch->hour, stopwatch->minute, stopwatch->second);
    3f5a:	eb 81       	ldd	r30, Y+3	; 0x03
    3f5c:	fc 81       	ldd	r31, Y+4	; 0x04
    3f5e:	30 81       	ld	r19, Z
    3f60:	eb 81       	ldd	r30, Y+3	; 0x03
    3f62:	fc 81       	ldd	r31, Y+4	; 0x04
    3f64:	41 81       	ldd	r20, Z+1	; 0x01
    3f66:	eb 81       	ldd	r30, Y+3	; 0x03
    3f68:	fc 81       	ldd	r31, Y+4	; 0x04
    3f6a:	22 81       	ldd	r18, Z+2	; 0x02
    3f6c:	89 81       	ldd	r24, Y+1	; 0x01
    3f6e:	9a 81       	ldd	r25, Y+2	; 0x02
    3f70:	63 2f       	mov	r22, r19
    3f72:	0e 94 40 1e 	call	0x3c80	; 0x3c80 <App_formatTime>
}
    3f76:	0f 90       	pop	r0
    3f78:	0f 90       	pop	r0
    3f7a:	0f 90       	pop	r0
    3f7c:	0f 90       	pop	r0
    3f7e:	cf 91       	pop	r28
    3f80:	df 91       	pop	r29
    3f82:	08 95       	ret

00003f84 <App_padLine>:

static void App_padLine(char *line, const char *text, uint8 width)
{
    3f84:	df 93       	push	r29
    3f86:	cf 93       	push	r28
    3f88:	00 d0       	rcall	.+0      	; 0x3f8a <App_padLine+0x6>
    3f8a:	00 d0       	rcall	.+0      	; 0x3f8c <App_padLine+0x8>
    3f8c:	00 d0       	rcall	.+0      	; 0x3f8e <App_padLine+0xa>
    3f8e:	cd b7       	in	r28, 0x3d	; 61
    3f90:	de b7       	in	r29, 0x3e	; 62
    3f92:	9b 83       	std	Y+3, r25	; 0x03
    3f94:	8a 83       	std	Y+2, r24	; 0x02
    3f96:	7d 83       	std	Y+5, r23	; 0x05
    3f98:	6c 83       	std	Y+4, r22	; 0x04
    3f9a:	4e 83       	std	Y+6, r20	; 0x06
    uint8 index = 0U;
    3f9c:	19 82       	std	Y+1, r1	; 0x01
    3f9e:	15 c0       	rjmp	.+42     	; 0x3fca <App_padLine+0x46>

    while ((text[index] != '\0') && (index < width))
    {
        line[index] = text[index];
    3fa0:	89 81       	ldd	r24, Y+1	; 0x01
    3fa2:	28 2f       	mov	r18, r24
    3fa4:	30 e0       	ldi	r19, 0x00	; 0
    3fa6:	8a 81       	ldd	r24, Y+2	; 0x02
    3fa8:	9b 81       	ldd	r25, Y+3	; 0x03
    3faa:	dc 01       	movw	r26, r24
    3fac:	a2 0f       	add	r26, r18
    3fae:	b3 1f       	adc	r27, r19
    3fb0:	89 81       	ldd	r24, Y+1	; 0x01
    3fb2:	28 2f       	mov	r18, r24
    3fb4:	30 e0       	ldi	r19, 0x00	; 0
    3fb6:	8c 81       	ldd	r24, Y+4	; 0x04
    3fb8:	9d 81       	ldd	r25, Y+5	; 0x05
    3fba:	fc 01       	movw	r30, r24
    3fbc:	e2 0f       	add	r30, r18
    3fbe:	f3 1f       	adc	r31, r19
    3fc0:	80 81       	ld	r24, Z
    3fc2:	8c 93       	st	X, r24
        index++;
    3fc4:	89 81       	ldd	r24, Y+1	; 0x01
    3fc6:	8f 5f       	subi	r24, 0xFF	; 255
    3fc8:	89 83       	std	Y+1, r24	; 0x01

static void App_padLine(char *line, const char *text, uint8 width)
{
    uint8 index = 0U;

    while ((text[index] != '\0') && (index < width))
    3fca:	89 81       	ldd	r24, Y+1	; 0x01
    3fcc:	28 2f       	mov	r18, r24
    3fce:	30 e0       	ldi	r19, 0x00	; 0
    3fd0:	8c 81       	ldd	r24, Y+4	; 0x04
    3fd2:	9d 81       	ldd	r25, Y+5	; 0x05
    3fd4:	fc 01       	movw	r30, r24
    3fd6:	e2 0f       	add	r30, r18
    3fd8:	f3 1f       	adc	r31, r19
    3fda:	80 81       	ld	r24, Z
    3fdc:	88 23       	and	r24, r24
    3fde:	91 f0       	breq	.+36     	; 0x4004 <App_padLine+0x80>
    3fe0:	99 81       	ldd	r25, Y+1	; 0x01
    3fe2:	8e 81       	ldd	r24, Y+6	; 0x06
    3fe4:	98 17       	cp	r25, r24
    3fe6:	e0 f2       	brcs	.-72     	; 0x3fa0 <App_padLine+0x1c>
    3fe8:	0d c0       	rjmp	.+26     	; 0x4004 <App_padLine+0x80>
        index++;
    }

    while (index < width)
    {
        line[index] = ' ';
    3fea:	89 81       	ldd	r24, Y+1	; 0x01
    3fec:	28 2f       	mov	r18, r24
    3fee:	30 e0       	ldi	r19, 0x00	; 0
    3ff0:	8a 81       	ldd	r24, Y+2	; 0x02
    3ff2:	9b 81       	ldd	r25, Y+3	; 0x03
    3ff4:	fc 01       	movw	r30, r24
    3ff6:	e2 0f       	add	r30, r18
    3ff8:	f3 1f       	adc	r31, r19
    3ffa:	80 e2       	ldi	r24, 0x20	; 32
    3ffc:	80 83       	st	Z, r24
        index++;
    3ffe:	89 81       	ldd	r24, Y+1	; 0x01
    4000:	8f 5f       	subi	r24, 0xFF	; 255
    4002:	89 83       	std	Y+1, r24	; 0x01
    {
        line[index] = text[index];
        index++;
    }

    while (index < width)
    4004:	99 81       	ldd	r25, Y+1	; 0x01
    4006:	8e 81       	ldd	r24, Y+6	; 0x06
    4008:	98 17       	cp	r25, r24
    400a:	78 f3       	brcs	.-34     	; 0x3fea <App_padLine+0x66>
    {
        line[index] = ' ';
        index++;
    }

    line[width] = '\0';
    400c:	8e 81       	ldd	r24, Y+6	; 0x06
    400e:	28 2f       	mov	r18, r24
    4010:	30 e0       	ldi	r19, 0x00	; 0
    4012:	8a 81       	ldd	r24, Y+2	; 0x02
    4014:	9b 81       	ldd	r25, Y+3	; 0x03
    4016:	fc 01       	movw	r30, r24
    4018:	e2 0f       	add	r30, r18
    401a:	f3 1f       	adc	r31, r19
    401c:	10 82       	st	Z, r1
}
    401e:	26 96       	adiw	r28, 0x06	; 6
    4020:	0f b6       	in	r0, 0x3f	; 63
    4022:	f8 94       	cli
    4024:	de bf       	out	0x3e, r29	; 62
    4026:	0f be       	out	0x3f, r0	; 63
    4028:	cd bf       	out	0x3d, r28	; 61
    402a:	cf 91       	pop	r28
    402c:	df 91       	pop	r29
    402e:	08 95       	ret

00004030 <App_writeLine>:

static void App_writeLine(uint8 row, const char *text)
{
    4030:	df 93       	push	r29
    4032:	cf 93       	push	r28
    4034:	cd b7       	in	r28, 0x3d	; 61
    4036:	de b7       	in	r29, 0x3e	; 62
    4038:	64 97       	sbiw	r28, 0x14	; 20
    403a:	0f b6       	in	r0, 0x3f	; 63
    403c:	f8 94       	cli
    403e:	de bf       	out	0x3e, r29	; 62
    4040:	0f be       	out	0x3f, r0	; 63
    4042:	cd bf       	out	0x3d, r28	; 61
    4044:	8a 8b       	std	Y+18, r24	; 0x12
    4046:	7c 8b       	std	Y+20, r23	; 0x14
    4048:	6b 8b       	std	Y+19, r22	; 0x13
    char line[17];

    App_padLine(line, text, 16U);
    404a:	2b 89       	ldd	r18, Y+19	; 0x13
    404c:	3c 89       	ldd	r19, Y+20	; 0x14
    404e:	ce 01       	movw	r24, r28
    4050:	01 96       	adiw	r24, 0x01	; 1
    4052:	b9 01       	movw	r22, r18
    4054:	40 e1       	ldi	r20, 0x10	; 16
    4056:	0e 94 c2 1f 	call	0x3f84	; 0x3f84 <App_padLine>
    LCD_displayStringRowColumn(row, 0U, line);
    405a:	8a 89       	ldd	r24, Y+18	; 0x12
    405c:	60 e0       	ldi	r22, 0x00	; 0
    405e:	9e 01       	movw	r18, r28
    4060:	2f 5f       	subi	r18, 0xFF	; 255
    4062:	3f 4f       	sbci	r19, 0xFF	; 255
    4064:	a9 01       	movw	r20, r18
    4066:	0e 94 5e 0f 	call	0x1ebc	; 0x1ebc <LCD_displayStringRowColumn>
}
    406a:	64 96       	adiw	r28, 0x14	; 20
    406c:	0f b6       	in	r0, 0x3f	; 63
    406e:	f8 94       	cli
    4070:	de bf       	out	0x3e, r29	; 62
    4072:	0f be       	out	0x3f, r0	; 63
    4074:	cd bf       	out	0x3d, r28	; 61
    4076:	cf 91       	pop	r28
    4078:	df 91       	pop	r29
    407a:	08 95       	ret

0000407c <App_writeLine2>:

static void App_writeLine2(uint8 row, const char *left, const char *right)
{
    407c:	df 93       	push	r29
    407e:	cf 93       	push	r28
    4080:	cd b7       	in	r28, 0x3d	; 61
    4082:	de b7       	in	r29, 0x3e	; 62
    4084:	68 97       	sbiw	r28, 0x18	; 24
    4086:	0f b6       	in	r0, 0x3f	; 63
    4088:	f8 94       	cli
    408a:	de bf       	out	0x3e, r29	; 62
    408c:	0f be       	out	0x3f, r0	; 63
    408e:	cd bf       	out	0x3d, r28	; 61
    4090:	8c 8b       	std	Y+20, r24	; 0x14
    4092:	7e 8b       	std	Y+22, r23	; 0x16
    4094:	6d 8b       	std	Y+21, r22	; 0x15
    4096:	58 8f       	std	Y+24, r21	; 0x18
    4098:	4f 8b       	std	Y+23, r20	; 0x17
    char line[17];
    uint8 index = 0U;
    409a:	1a 82       	std	Y+2, r1	; 0x02
    uint8 charIndex = 0U;
    409c:	19 82       	std	Y+1, r1	; 0x01
    409e:	18 c0       	rjmp	.+48     	; 0x40d0 <App_writeLine2+0x54>

    while ((left[charIndex] != '\0') && (index < 8U))
    {
        line[index] = left[charIndex];
    40a0:	8a 81       	ldd	r24, Y+2	; 0x02
    40a2:	48 2f       	mov	r20, r24
    40a4:	50 e0       	ldi	r21, 0x00	; 0
    40a6:	89 81       	ldd	r24, Y+1	; 0x01
    40a8:	28 2f       	mov	r18, r24
    40aa:	30 e0       	ldi	r19, 0x00	; 0
    40ac:	8d 89       	ldd	r24, Y+21	; 0x15
    40ae:	9e 89       	ldd	r25, Y+22	; 0x16
    40b0:	fc 01       	movw	r30, r24
    40b2:	e2 0f       	add	r30, r18
    40b4:	f3 1f       	adc	r31, r19
    40b6:	20 81       	ld	r18, Z
    40b8:	ce 01       	movw	r24, r28
    40ba:	03 96       	adiw	r24, 0x03	; 3
    40bc:	fc 01       	movw	r30, r24
    40be:	e4 0f       	add	r30, r20
    40c0:	f5 1f       	adc	r31, r21
    40c2:	20 83       	st	Z, r18
        index++;
    40c4:	8a 81       	ldd	r24, Y+2	; 0x02
    40c6:	8f 5f       	subi	r24, 0xFF	; 255
    40c8:	8a 83       	std	Y+2, r24	; 0x02
        charIndex++;
    40ca:	89 81       	ldd	r24, Y+1	; 0x01
    40cc:	8f 5f       	subi	r24, 0xFF	; 255
    40ce:	89 83       	std	Y+1, r24	; 0x01
{
    char line[17];
    uint8 index = 0U;
    uint8 charIndex = 0U;

    while ((left[charIndex] != '\0') && (index < 8U))
    40d0:	89 81       	ldd	r24, Y+1	; 0x01
    40d2:	28 2f       	mov	r18, r24
    40d4:	30 e0       	ldi	r19, 0x00	; 0
    40d6:	8d 89       	ldd	r24, Y+21	; 0x15
    40d8:	9e 89       	ldd	r25, Y+22	; 0x16
    40da:	fc 01       	movw	r30, r24
    40dc:	e2 0f       	add	r30, r18
    40de:	f3 1f       	adc	r31, r19
    40e0:	80 81       	ld	r24, Z
    40e2:	88 23       	and	r24, r24
    40e4:	89 f0       	breq	.+34     	; 0x4108 <App_writeLine2+0x8c>
    40e6:	8a 81       	ldd	r24, Y+2	; 0x02
    40e8:	88 30       	cpi	r24, 0x08	; 8
    40ea:	d0 f2       	brcs	.-76     	; 0x40a0 <App_writeLine2+0x24>
    40ec:	0d c0       	rjmp	.+26     	; 0x4108 <App_writeLine2+0x8c>
        charIndex++;
    }

    while (index < 8U)
    {
        line[index] = ' ';
    40ee:	8a 81       	ldd	r24, Y+2	; 0x02
    40f0:	28 2f       	mov	r18, r24
    40f2:	30 e0       	ldi	r19, 0x00	; 0
    40f4:	ce 01       	movw	r24, r28
    40f6:	03 96       	adiw	r24, 0x03	; 3
    40f8:	fc 01       	movw	r30, r24
    40fa:	e2 0f       	add	r30, r18
    40fc:	f3 1f       	adc	r31, r19
    40fe:	80 e2       	ldi	r24, 0x20	; 32
    4100:	80 83       	st	Z, r24
        index++;
    4102:	8a 81       	ldd	r24, Y+2	; 0x02
    4104:	8f 5f       	subi	r24, 0xFF	; 255
    4106:	8a 83       	std	Y+2, r24	; 0x02
        line[index] = left[charIndex];
        index++;
        charIndex++;
    }

    while (index < 8U)
    4108:	8a 81       	ldd	r24, Y+2	; 0x02
    410a:	88 30       	cpi	r24, 0x08	; 8
    410c:	80 f3       	brcs	.-32     	; 0x40ee <App_writeLine2+0x72>
    {
        line[index] = ' ';
        index++;
    }

    charIndex = 0U;
    410e:	19 82       	std	Y+1, r1	; 0x01
    4110:	18 c0       	rjmp	.+48     	; 0x4142 <App_writeLine2+0xc6>
    while ((right[charIndex] != '\0') && (index < 16U))
    {
        line[index] = right[charIndex];
    4112:	8a 81       	ldd	r24, Y+2	; 0x02
    4114:	48 2f       	mov	r20, r24
    4116:	50 e0       	ldi	r21, 0x00	; 0
    4118:	89 81       	ldd	r24, Y+1	; 0x01
    411a:	28 2f       	mov	r18, r24
    411c:	30 e0       	ldi	r19, 0x00	; 0
    411e:	8f 89       	ldd	r24, Y+23	; 0x17
    4120:	98 8d       	ldd	r25, Y+24	; 0x18
    4122:	fc 01       	movw	r30, r24
    4124:	e2 0f       	add	r30, r18
    4126:	f3 1f       	adc	r31, r19
    4128:	20 81       	ld	r18, Z
    412a:	ce 01       	movw	r24, r28
    412c:	03 96       	adiw	r24, 0x03	; 3
    412e:	fc 01       	movw	r30, r24
    4130:	e4 0f       	add	r30, r20
    4132:	f5 1f       	adc	r31, r21
    4134:	20 83       	st	Z, r18
        index++;
    4136:	8a 81       	ldd	r24, Y+2	; 0x02
    4138:	8f 5f       	subi	r24, 0xFF	; 255
    413a:	8a 83       	std	Y+2, r24	; 0x02
        charIndex++;
    413c:	89 81       	ldd	r24, Y+1	; 0x01
    413e:	8f 5f       	subi	r24, 0xFF	; 255
    4140:	89 83       	std	Y+1, r24	; 0x01
        line[index] = ' ';
        index++;
    }

    charIndex = 0U;
    while ((right[charIndex] != '\0') && (index < 16U))
    4142:	89 81       	ldd	r24, Y+1	; 0x01
    4144:	28 2f       	mov	r18, r24
    4146:	30 e0       	ldi	r19, 0x00	; 0
    4148:	8f 89       	ldd	r24, Y+23	; 0x17
    414a:	98 8d       	ldd	r25, Y+24	; 0x18
    414c:	fc 01       	movw	r30, r24
    414e:	e2 0f       	add	r30, r18
    4150:	f3 1f       	adc	r31, r19
    4152:	80 81       	ld	r24, Z
    4154:	88 23       	and	r24, r24
    4156:	89 f0       	breq	.+34     	; 0x417a <App_writeLine2+0xfe>
    4158:	8a 81       	ldd	r24, Y+2	; 0x02
    415a:	80 31       	cpi	r24, 0x10	; 16
    415c:	d0 f2       	brcs	.-76     	; 0x4112 <App_writeLine2+0x96>
    415e:	0d c0       	rjmp	.+26     	; 0x417a <App_writeLine2+0xfe>
        charIndex++;
    }

    while (index < 16U)
    {
        line[index] = ' ';
    4160:	8a 81       	ldd	r24, Y+2	; 0x02
    4162:	28 2f       	mov	r18, r24
    4164:	30 e0       	ldi	r19, 0x00	; 0
    4166:	ce 01       	movw	r24, r28
    4168:	03 96       	adiw	r24, 0x03	; 3
    416a:	fc 01       	movw	r30, r24
    416c:	e2 0f       	add	r30, r18
    416e:	f3 1f       	adc	r31, r19
    4170:	80 e2       	ldi	r24, 0x20	; 32
    4172:	80 83       	st	Z, r24
        index++;
    4174:	8a 81       	ldd	r24, Y+2	; 0x02
    4176:	8f 5f       	subi	r24, 0xFF	; 255
    4178:	8a 83       	std	Y+2, r24	; 0x02
        line[index] = right[charIndex];
        index++;
        charIndex++;
    }

    while (index < 16U)
    417a:	8a 81       	ldd	r24, Y+2	; 0x02
    417c:	80 31       	cpi	r24, 0x10	; 16
    417e:	80 f3       	brcs	.-32     	; 0x4160 <App_writeLine2+0xe4>
    {
        line[index] = ' ';
        index++;
    }

    line[16] = '\0';
    4180:	1b 8a       	std	Y+19, r1	; 0x13
    LCD_displayStringRowColumn(row, 0U, line);
    4182:	9e 01       	movw	r18, r28
    4184:	2d 5f       	subi	r18, 0xFD	; 253
    4186:	3f 4f       	sbci	r19, 0xFF	; 255
    4188:	8c 89       	ldd	r24, Y+20	; 0x14
    418a:	60 e0       	ldi	r22, 0x00	; 0
    418c:	a9 01       	movw	r20, r18
    418e:	0e 94 5e 0f 	call	0x1ebc	; 0x1ebc <LCD_displayStringRowColumn>
}
    4192:	68 96       	adiw	r28, 0x18	; 24
    4194:	0f b6       	in	r0, 0x3f	; 63
    4196:	f8 94       	cli
    4198:	de bf       	out	0x3e, r29	; 62
    419a:	0f be       	out	0x3f, r0	; 63
    419c:	cd bf       	out	0x3d, r28	; 61
    419e:	cf 91       	pop	r28
    41a0:	df 91       	pop	r29
    41a2:	08 95       	ret

000041a4 <App_renderClock>:

static void App_renderClock(void)
{
    41a4:	df 93       	push	r29
    41a6:	cf 93       	push	r28
    41a8:	cd b7       	in	r28, 0x3d	; 61
    41aa:	de b7       	in	r29, 0x3e	; 62
    41ac:	a3 97       	sbiw	r28, 0x23	; 35
    41ae:	0f b6       	in	r0, 0x3f	; 63
    41b0:	f8 94       	cli
    41b2:	de bf       	out	0x3e, r29	; 62
    41b4:	0f be       	out	0x3f, r0	; 63
    41b6:	cd bf       	out	0x3d, r28	; 61
    char line[17];
    char dateLine[17];
    uint8 index;

    App_formatTime(line, g_currentTime.hour, g_currentTime.minute, g_currentTime.second);
    41b8:	20 91 01 01 	lds	r18, 0x0101
    41bc:	30 91 00 01 	lds	r19, 0x0100
    41c0:	50 91 ff 00 	lds	r21, 0x00FF
    41c4:	ce 01       	movw	r24, r28
    41c6:	02 96       	adiw	r24, 0x02	; 2
    41c8:	62 2f       	mov	r22, r18
    41ca:	43 2f       	mov	r20, r19
    41cc:	25 2f       	mov	r18, r21
    41ce:	0e 94 40 1e 	call	0x3c80	; 0x3c80 <App_formatTime>
    App_writeLine2(0U, "Time:", line);
    41d2:	20 e6       	ldi	r18, 0x60	; 96
    41d4:	30 e0       	ldi	r19, 0x00	; 0
    41d6:	ae 01       	movw	r20, r28
    41d8:	4e 5f       	subi	r20, 0xFE	; 254
    41da:	5f 4f       	sbci	r21, 0xFF	; 255
    41dc:	80 e0       	ldi	r24, 0x00	; 0
    41de:	b9 01       	movw	r22, r18
    41e0:	0e 94 3e 20 	call	0x407c	; 0x407c <App_writeLine2>
    App_formatDate(dateLine, g_currentTime.date, g_currentTime.month, g_currentTime.year);
    41e4:	40 91 03 01 	lds	r20, 0x0103
    41e8:	50 91 04 01 	lds	r21, 0x0104
    41ec:	20 91 05 01 	lds	r18, 0x0105
    41f0:	30 91 06 01 	lds	r19, 0x0106
    41f4:	ce 01       	movw	r24, r28
    41f6:	43 96       	adiw	r24, 0x13	; 19
    41f8:	64 2f       	mov	r22, r20
    41fa:	45 2f       	mov	r20, r21
    41fc:	0e 94 a8 1e 	call	0x3d50	; 0x3d50 <App_formatDate>

    for (index = 10U; index > 0U; index--)
    4200:	8a e0       	ldi	r24, 0x0A	; 10
    4202:	89 83       	std	Y+1, r24	; 0x01
    4204:	1b c0       	rjmp	.+54     	; 0x423c <App_renderClock+0x98>
    {
        dateLine[index + 5U] = dateLine[index - 1U];
    4206:	89 81       	ldd	r24, Y+1	; 0x01
    4208:	88 2f       	mov	r24, r24
    420a:	90 e0       	ldi	r25, 0x00	; 0
    420c:	ac 01       	movw	r20, r24
    420e:	4b 5f       	subi	r20, 0xFB	; 251
    4210:	5f 4f       	sbci	r21, 0xFF	; 255
    4212:	89 81       	ldd	r24, Y+1	; 0x01
    4214:	88 2f       	mov	r24, r24
    4216:	90 e0       	ldi	r25, 0x00	; 0
    4218:	9c 01       	movw	r18, r24
    421a:	21 50       	subi	r18, 0x01	; 1
    421c:	30 40       	sbci	r19, 0x00	; 0
    421e:	ce 01       	movw	r24, r28
    4220:	43 96       	adiw	r24, 0x13	; 19
    4222:	fc 01       	movw	r30, r24
    4224:	e2 0f       	add	r30, r18
    4226:	f3 1f       	adc	r31, r19
    4228:	20 81       	ld	r18, Z
    422a:	ce 01       	movw	r24, r28
    422c:	43 96       	adiw	r24, 0x13	; 19
    422e:	fc 01       	movw	r30, r24
    4230:	e4 0f       	add	r30, r20
    4232:	f5 1f       	adc	r31, r21
    4234:	20 83       	st	Z, r18

    App_formatTime(line, g_currentTime.hour, g_currentTime.minute, g_currentTime.second);
    App_writeLine2(0U, "Time:", line);
    App_formatDate(dateLine, g_currentTime.date, g_currentTime.month, g_currentTime.year);

    for (index = 10U; index > 0U; index--)
    4236:	89 81       	ldd	r24, Y+1	; 0x01
    4238:	81 50       	subi	r24, 0x01	; 1
    423a:	89 83       	std	Y+1, r24	; 0x01
    423c:	89 81       	ldd	r24, Y+1	; 0x01
    423e:	88 23       	and	r24, r24
    4240:	11 f7       	brne	.-60     	; 0x4206 <App_renderClock+0x62>
    {
        dateLine[index + 5U] = dateLine[index - 1U];
    }

    dateLine[0] = 'D';
    4242:	84 e4       	ldi	r24, 0x44	; 68
    4244:	8b 8b       	std	Y+19, r24	; 0x13
    dateLine[1] = 'a';
    4246:	81 e6       	ldi	r24, 0x61	; 97
    4248:	8c 8b       	std	Y+20, r24	; 0x14
    dateLine[2] = 't';
    424a:	84 e7       	ldi	r24, 0x74	; 116
    424c:	8d 8b       	std	Y+21, r24	; 0x15
    dateLine[3] = 'e';
    424e:	85 e6       	ldi	r24, 0x65	; 101
    4250:	8e 8b       	std	Y+22, r24	; 0x16
    dateLine[4] = ':';
    4252:	8a e3       	ldi	r24, 0x3A	; 58
    4254:	8f 8b       	std	Y+23, r24	; 0x17
    dateLine[5] = ' ';
    4256:	80 e2       	ldi	r24, 0x20	; 32
    4258:	88 8f       	std	Y+24, r24	; 0x18
    dateLine[16] = '\0';
    425a:	1b a2       	std	Y+35, r1	; 0x23
    App_writeLine(1U, dateLine);
    425c:	9e 01       	movw	r18, r28
    425e:	2d 5e       	subi	r18, 0xED	; 237
    4260:	3f 4f       	sbci	r19, 0xFF	; 255
    4262:	81 e0       	ldi	r24, 0x01	; 1
    4264:	b9 01       	movw	r22, r18
    4266:	0e 94 18 20 	call	0x4030	; 0x4030 <App_writeLine>
}
    426a:	a3 96       	adiw	r28, 0x23	; 35
    426c:	0f b6       	in	r0, 0x3f	; 63
    426e:	f8 94       	cli
    4270:	de bf       	out	0x3e, r29	; 62
    4272:	0f be       	out	0x3f, r0	; 63
    4274:	cd bf       	out	0x3d, r28	; 61
    4276:	cf 91       	pop	r28
    4278:	df 91       	pop	r29
    427a:	08 95       	ret

0000427c <App_renderAlarm>:

static void App_renderAlarm(void)
{
    427c:	df 93       	push	r29
    427e:	cf 93       	push	r28
    4280:	cd b7       	in	r28, 0x3d	; 61
    4282:	de b7       	in	r29, 0x3e	; 62
    4284:	6c 97       	sbiw	r28, 0x1c	; 28
    4286:	0f b6       	in	r0, 0x3f	; 63
    4288:	f8 94       	cli
    428a:	de bf       	out	0x3e, r29	; 62
    428c:	0f be       	out	0x3f, r0	; 63
    428e:	cd bf       	out	0x3d, r28	; 61
    char line[17];
    char timeLine[6];
    const char *status = g_alarmEnabled ? "ENABLED" : "DISABLED";
    4290:	80 91 78 01 	lds	r24, 0x0178
    4294:	88 23       	and	r24, r24
    4296:	29 f0       	breq	.+10     	; 0x42a2 <App_renderAlarm+0x26>
    4298:	86 e6       	ldi	r24, 0x66	; 102
    429a:	90 e0       	ldi	r25, 0x00	; 0
    429c:	9c 8f       	std	Y+28, r25	; 0x1c
    429e:	8b 8f       	std	Y+27, r24	; 0x1b
    42a0:	04 c0       	rjmp	.+8      	; 0x42aa <App_renderAlarm+0x2e>
    42a2:	8e e6       	ldi	r24, 0x6E	; 110
    42a4:	90 e0       	ldi	r25, 0x00	; 0
    42a6:	9c 8f       	std	Y+28, r25	; 0x1c
    42a8:	8b 8f       	std	Y+27, r24	; 0x1b
    42aa:	8b 8d       	ldd	r24, Y+27	; 0x1b
    42ac:	9c 8d       	ldd	r25, Y+28	; 0x1c
    42ae:	9b 83       	std	Y+3, r25	; 0x03
    42b0:	8a 83       	std	Y+2, r24	; 0x02
    uint8 index;

    App_formatHourMinute(timeLine, g_alarm.hour, g_alarm.minute);
    42b2:	20 91 17 01 	lds	r18, 0x0117
    42b6:	30 91 18 01 	lds	r19, 0x0118
    42ba:	ce 01       	movw	r24, r28
    42bc:	45 96       	adiw	r24, 0x15	; 21
    42be:	62 2f       	mov	r22, r18
    42c0:	43 2f       	mov	r20, r19
    42c2:	0e 94 3c 1f 	call	0x3e78	; 0x3e78 <App_formatHourMinute>
    for (index = 0U; index < 16U; index++)
    42c6:	19 82       	std	Y+1, r1	; 0x01
    42c8:	0d c0       	rjmp	.+26     	; 0x42e4 <App_renderAlarm+0x68>
    {
        line[index] = ' ';
    42ca:	89 81       	ldd	r24, Y+1	; 0x01
    42cc:	28 2f       	mov	r18, r24
    42ce:	30 e0       	ldi	r19, 0x00	; 0
    42d0:	ce 01       	movw	r24, r28
    42d2:	04 96       	adiw	r24, 0x04	; 4
    42d4:	fc 01       	movw	r30, r24
    42d6:	e2 0f       	add	r30, r18
    42d8:	f3 1f       	adc	r31, r19
    42da:	80 e2       	ldi	r24, 0x20	; 32
    42dc:	80 83       	st	Z, r24
    char timeLine[6];
    const char *status = g_alarmEnabled ? "ENABLED" : "DISABLED";
    uint8 index;

    App_formatHourMinute(timeLine, g_alarm.hour, g_alarm.minute);
    for (index = 0U; index < 16U; index++)
    42de:	89 81       	ldd	r24, Y+1	; 0x01
    42e0:	8f 5f       	subi	r24, 0xFF	; 255
    42e2:	89 83       	std	Y+1, r24	; 0x01
    42e4:	89 81       	ldd	r24, Y+1	; 0x01
    42e6:	80 31       	cpi	r24, 0x10	; 16
    42e8:	80 f3       	brcs	.-32     	; 0x42ca <App_renderAlarm+0x4e>
    {
        line[index] = ' ';
    }
    line[0] = 'A';
    42ea:	81 e4       	ldi	r24, 0x41	; 65
    42ec:	8c 83       	std	Y+4, r24	; 0x04
    line[1] = 'L';
    42ee:	8c e4       	ldi	r24, 0x4C	; 76
    42f0:	8d 83       	std	Y+5, r24	; 0x05
    line[2] = 'A';
    42f2:	81 e4       	ldi	r24, 0x41	; 65
    42f4:	8e 83       	std	Y+6, r24	; 0x06
    line[3] = 'R';
    42f6:	82 e5       	ldi	r24, 0x52	; 82
    42f8:	8f 83       	std	Y+7, r24	; 0x07
    line[4] = 'M';
    42fa:	8d e4       	ldi	r24, 0x4D	; 77
    42fc:	88 87       	std	Y+8, r24	; 0x08
    for (index = 0U; index < 5U; index++)
    42fe:	19 82       	std	Y+1, r1	; 0x01
    4300:	18 c0       	rjmp	.+48     	; 0x4332 <App_renderAlarm+0xb6>
    {
        line[index + 11U] = timeLine[index];
    4302:	89 81       	ldd	r24, Y+1	; 0x01
    4304:	88 2f       	mov	r24, r24
    4306:	90 e0       	ldi	r25, 0x00	; 0
    4308:	ac 01       	movw	r20, r24
    430a:	45 5f       	subi	r20, 0xF5	; 245
    430c:	5f 4f       	sbci	r21, 0xFF	; 255
    430e:	89 81       	ldd	r24, Y+1	; 0x01
    4310:	28 2f       	mov	r18, r24
    4312:	30 e0       	ldi	r19, 0x00	; 0
    4314:	ce 01       	movw	r24, r28
    4316:	45 96       	adiw	r24, 0x15	; 21
    4318:	fc 01       	movw	r30, r24
    431a:	e2 0f       	add	r30, r18
    431c:	f3 1f       	adc	r31, r19
    431e:	20 81       	ld	r18, Z
    4320:	ce 01       	movw	r24, r28
    4322:	04 96       	adiw	r24, 0x04	; 4
    4324:	fc 01       	movw	r30, r24
    4326:	e4 0f       	add	r30, r20
    4328:	f5 1f       	adc	r31, r21
    432a:	20 83       	st	Z, r18
    line[0] = 'A';
    line[1] = 'L';
    line[2] = 'A';
    line[3] = 'R';
    line[4] = 'M';
    for (index = 0U; index < 5U; index++)
    432c:	89 81       	ldd	r24, Y+1	; 0x01
    432e:	8f 5f       	subi	r24, 0xFF	; 255
    4330:	89 83       	std	Y+1, r24	; 0x01
    4332:	89 81       	ldd	r24, Y+1	; 0x01
    4334:	85 30       	cpi	r24, 0x05	; 5
    4336:	28 f3       	brcs	.-54     	; 0x4302 <App_renderAlarm+0x86>
    {
        line[index + 11U] = timeLine[index];
    }
    line[16] = '\0';
    4338:	1c 8a       	std	Y+20, r1	; 0x14
    LCD_displayStringRowColumn(0U, 0U, line);
    433a:	9e 01       	movw	r18, r28
    433c:	2c 5f       	subi	r18, 0xFC	; 252
    433e:	3f 4f       	sbci	r19, 0xFF	; 255
    4340:	80 e0       	ldi	r24, 0x00	; 0
    4342:	60 e0       	ldi	r22, 0x00	; 0
    4344:	a9 01       	movw	r20, r18
    4346:	0e 94 5e 0f 	call	0x1ebc	; 0x1ebc <LCD_displayStringRowColumn>

    App_padLine(line, status, 16U);
    434a:	ce 01       	movw	r24, r28
    434c:	04 96       	adiw	r24, 0x04	; 4
    434e:	2a 81       	ldd	r18, Y+2	; 0x02
    4350:	3b 81       	ldd	r19, Y+3	; 0x03
    4352:	b9 01       	movw	r22, r18
    4354:	40 e1       	ldi	r20, 0x10	; 16
    4356:	0e 94 c2 1f 	call	0x3f84	; 0x3f84 <App_padLine>
    line[11] = 'B';
    435a:	82 e4       	ldi	r24, 0x42	; 66
    435c:	8f 87       	std	Y+15, r24	; 0x0f
    line[12] = '=';
    435e:	8d e3       	ldi	r24, 0x3D	; 61
    4360:	88 8b       	std	Y+16, r24	; 0x10
    line[13] = 'T';
    4362:	84 e5       	ldi	r24, 0x54	; 84
    4364:	89 8b       	std	Y+17, r24	; 0x11
    line[14] = 'G';
    4366:	87 e4       	ldi	r24, 0x47	; 71
    4368:	8a 8b       	std	Y+18, r24	; 0x12
    line[15] = 'L';
    436a:	8c e4       	ldi	r24, 0x4C	; 76
    436c:	8b 8b       	std	Y+19, r24	; 0x13
    LCD_displayStringRowColumn(1U, 0U, line);
    436e:	9e 01       	movw	r18, r28
    4370:	2c 5f       	subi	r18, 0xFC	; 252
    4372:	3f 4f       	sbci	r19, 0xFF	; 255
    4374:	81 e0       	ldi	r24, 0x01	; 1
    4376:	60 e0       	ldi	r22, 0x00	; 0
    4378:	a9 01       	movw	r20, r18
    437a:	0e 94 5e 0f 	call	0x1ebc	; 0x1ebc <LCD_displayStringRowColumn>
}
    437e:	6c 96       	adiw	r28, 0x1c	; 28
    4380:	0f b6       	in	r0, 0x3f	; 63
    4382:	f8 94       	cli
    4384:	de bf       	out	0x3e, r29	; 62
    4386:	0f be       	out	0x3f, r0	; 63
    4388:	cd bf       	out	0x3d, r28	; 61
    438a:	cf 91       	pop	r28
    438c:	df 91       	pop	r29
    438e:	08 95       	ret

00004390 <App_renderStopwatch>:

static void App_renderStopwatch(void)
{
    4390:	df 93       	push	r29
    4392:	cf 93       	push	r28
    4394:	cd b7       	in	r28, 0x3d	; 61
    4396:	de b7       	in	r29, 0x3e	; 62
    4398:	6f 97       	sbiw	r28, 0x1f	; 31
    439a:	0f b6       	in	r0, 0x3f	; 63
    439c:	f8 94       	cli
    439e:	de bf       	out	0x3e, r29	; 62
    43a0:	0f be       	out	0x3f, r0	; 63
    43a2:	cd bf       	out	0x3d, r28	; 61
    char line[17];
    char timeLine[9];
    const char *status = g_stopwatchRunning ? "RUNNING" : "STOPPED";
    43a4:	80 91 86 01 	lds	r24, 0x0186
    43a8:	88 23       	and	r24, r24
    43aa:	29 f0       	breq	.+10     	; 0x43b6 <App_renderStopwatch+0x26>
    43ac:	87 e7       	ldi	r24, 0x77	; 119
    43ae:	90 e0       	ldi	r25, 0x00	; 0
    43b0:	9f 8f       	std	Y+31, r25	; 0x1f
    43b2:	8e 8f       	std	Y+30, r24	; 0x1e
    43b4:	04 c0       	rjmp	.+8      	; 0x43be <App_renderStopwatch+0x2e>
    43b6:	8f e7       	ldi	r24, 0x7F	; 127
    43b8:	90 e0       	ldi	r25, 0x00	; 0
    43ba:	9f 8f       	std	Y+31, r25	; 0x1f
    43bc:	8e 8f       	std	Y+30, r24	; 0x1e
    43be:	8e 8d       	ldd	r24, Y+30	; 0x1e
    43c0:	9f 8d       	ldd	r25, Y+31	; 0x1f
    43c2:	9b 83       	std	Y+3, r25	; 0x03
    43c4:	8a 83       	std	Y+2, r24	; 0x02
    uint8 index;

    for (index = 0U; index < 16U; index++)
    43c6:	19 82       	std	Y+1, r1	; 0x01
    43c8:	0d c0       	rjmp	.+26     	; 0x43e4 <App_renderStopwatch+0x54>
    {
        line[index] = ' ';
    43ca:	89 81       	ldd	r24, Y+1	; 0x01
    43cc:	28 2f       	mov	r18, r24
    43ce:	30 e0       	ldi	r19, 0x00	; 0
    43d0:	ce 01       	movw	r24, r28
    43d2:	04 96       	adiw	r24, 0x04	; 4
    43d4:	fc 01       	movw	r30, r24
    43d6:	e2 0f       	add	r30, r18
    43d8:	f3 1f       	adc	r31, r19
    43da:	80 e2       	ldi	r24, 0x20	; 32
    43dc:	80 83       	st	Z, r24
    char line[17];
    char timeLine[9];
    const char *status = g_stopwatchRunning ? "RUNNING" : "STOPPED";
    uint8 index;

    for (index = 0U; index < 16U; index++)
    43de:	89 81       	ldd	r24, Y+1	; 0x01
    43e0:	8f 5f       	subi	r24, 0xFF	; 255
    43e2:	89 83       	std	Y+1, r24	; 0x01
    43e4:	89 81       	ldd	r24, Y+1	; 0x01
    43e6:	80 31       	cpi	r24, 0x10	; 16
    43e8:	80 f3       	brcs	.-32     	; 0x43ca <App_renderStopwatch+0x3a>
    {
        line[index] = ' ';
    }
    line[0] = 'S';
    43ea:	83 e5       	ldi	r24, 0x53	; 83
    43ec:	8c 83       	std	Y+4, r24	; 0x04
    line[1] = 'T';
    43ee:	84 e5       	ldi	r24, 0x54	; 84
    43f0:	8d 83       	std	Y+5, r24	; 0x05
    line[2] = 'O';
    43f2:	8f e4       	ldi	r24, 0x4F	; 79
    43f4:	8e 83       	std	Y+6, r24	; 0x06
    line[3] = 'P';
    43f6:	80 e5       	ldi	r24, 0x50	; 80
    43f8:	8f 83       	std	Y+7, r24	; 0x07
    line[4] = 'W';
    43fa:	87 e5       	ldi	r24, 0x57	; 87
    43fc:	88 87       	std	Y+8, r24	; 0x08
    line[5] = 'A';
    43fe:	81 e4       	ldi	r24, 0x41	; 65
    4400:	89 87       	std	Y+9, r24	; 0x09
    line[6] = 'T';
    4402:	84 e5       	ldi	r24, 0x54	; 84
    4404:	8a 87       	std	Y+10, r24	; 0x0a
    line[7] = 'C';
    4406:	83 e4       	ldi	r24, 0x43	; 67
    4408:	8b 87       	std	Y+11, r24	; 0x0b
    line[8] = 'H';
    440a:	88 e4       	ldi	r24, 0x48	; 72
    440c:	8c 87       	std	Y+12, r24	; 0x0c
    line[11] = 'D';
    440e:	84 e4       	ldi	r24, 0x44	; 68
    4410:	8f 87       	std	Y+15, r24	; 0x0f
    line[12] = '=';
    4412:	8d e3       	ldi	r24, 0x3D	; 61
    4414:	88 8b       	std	Y+16, r24	; 0x10
    line[13] = 'R';
    4416:	82 e5       	ldi	r24, 0x52	; 82
    4418:	89 8b       	std	Y+17, r24	; 0x11
    line[14] = 'S';
    441a:	83 e5       	ldi	r24, 0x53	; 83
    441c:	8a 8b       	std	Y+18, r24	; 0x12
    line[15] = 'T';
    441e:	84 e5       	ldi	r24, 0x54	; 84
    4420:	8b 8b       	std	Y+19, r24	; 0x13
    line[16] = '\0';
    4422:	1c 8a       	std	Y+20, r1	; 0x14
    LCD_displayStringRowColumn(0U, 0U, line);
    4424:	9e 01       	movw	r18, r28
    4426:	2c 5f       	subi	r18, 0xFC	; 252
    4428:	3f 4f       	sbci	r19, 0xFF	; 255
    442a:	80 e0       	ldi	r24, 0x00	; 0
    442c:	60 e0       	ldi	r22, 0x00	; 0
    442e:	a9 01       	movw	r20, r18
    4430:	0e 94 5e 0f 	call	0x1ebc	; 0x1ebc <LCD_displayStringRowColumn>

    App_formatStopwatch(timeLine, &g_stopwatch);
    4434:	ce 01       	movw	r24, r28
    4436:	45 96       	adiw	r24, 0x15	; 21
    4438:	2b e7       	ldi	r18, 0x7B	; 123
    443a:	31 e0       	ldi	r19, 0x01	; 1
    443c:	b9 01       	movw	r22, r18
    443e:	0e 94 a3 1f 	call	0x3f46	; 0x3f46 <App_formatStopwatch>
    App_padLine(line, status, 16U);
    4442:	ce 01       	movw	r24, r28
    4444:	04 96       	adiw	r24, 0x04	; 4
    4446:	2a 81       	ldd	r18, Y+2	; 0x02
    4448:	3b 81       	ldd	r19, Y+3	; 0x03
    444a:	b9 01       	movw	r22, r18
    444c:	40 e1       	ldi	r20, 0x10	; 16
    444e:	0e 94 c2 1f 	call	0x3f84	; 0x3f84 <App_padLine>
    for (index = 0U; index < 8U; index++)
    4452:	19 82       	std	Y+1, r1	; 0x01
    4454:	18 c0       	rjmp	.+48     	; 0x4486 <App_renderStopwatch+0xf6>
    {
        line[index + 8U] = timeLine[index];
    4456:	89 81       	ldd	r24, Y+1	; 0x01
    4458:	88 2f       	mov	r24, r24
    445a:	90 e0       	ldi	r25, 0x00	; 0
    445c:	ac 01       	movw	r20, r24
    445e:	48 5f       	subi	r20, 0xF8	; 248
    4460:	5f 4f       	sbci	r21, 0xFF	; 255
    4462:	89 81       	ldd	r24, Y+1	; 0x01
    4464:	28 2f       	mov	r18, r24
    4466:	30 e0       	ldi	r19, 0x00	; 0
    4468:	ce 01       	movw	r24, r28
    446a:	45 96       	adiw	r24, 0x15	; 21
    446c:	fc 01       	movw	r30, r24
    446e:	e2 0f       	add	r30, r18
    4470:	f3 1f       	adc	r31, r19
    4472:	20 81       	ld	r18, Z
    4474:	ce 01       	movw	r24, r28
    4476:	04 96       	adiw	r24, 0x04	; 4
    4478:	fc 01       	movw	r30, r24
    447a:	e4 0f       	add	r30, r20
    447c:	f5 1f       	adc	r31, r21
    447e:	20 83       	st	Z, r18
    line[16] = '\0';
    LCD_displayStringRowColumn(0U, 0U, line);

    App_formatStopwatch(timeLine, &g_stopwatch);
    App_padLine(line, status, 16U);
    for (index = 0U; index < 8U; index++)
    4480:	89 81       	ldd	r24, Y+1	; 0x01
    4482:	8f 5f       	subi	r24, 0xFF	; 255
    4484:	89 83       	std	Y+1, r24	; 0x01
    4486:	89 81       	ldd	r24, Y+1	; 0x01
    4488:	88 30       	cpi	r24, 0x08	; 8
    448a:	28 f3       	brcs	.-54     	; 0x4456 <App_renderStopwatch+0xc6>
    {
        line[index + 8U] = timeLine[index];
    }
    LCD_displayStringRowColumn(1U, 0U, line);
    448c:	9e 01       	movw	r18, r28
    448e:	2c 5f       	subi	r18, 0xFC	; 252
    4490:	3f 4f       	sbci	r19, 0xFF	; 255
    4492:	81 e0       	ldi	r24, 0x01	; 1
    4494:	60 e0       	ldi	r22, 0x00	; 0
    4496:	a9 01       	movw	r20, r18
    4498:	0e 94 5e 0f 	call	0x1ebc	; 0x1ebc <LCD_displayStringRowColumn>
}
    449c:	6f 96       	adiw	r28, 0x1f	; 31
    449e:	0f b6       	in	r0, 0x3f	; 63
    44a0:	f8 94       	cli
    44a2:	de bf       	out	0x3e, r29	; 62
    44a4:	0f be       	out	0x3f, r0	; 63
    44a6:	cd bf       	out	0x3d, r28	; 61
    44a8:	cf 91       	pop	r28
    44aa:	df 91       	pop	r29
    44ac:	08 95       	ret

000044ae <App_renderCountdown>:

static void App_renderCountdown(void)
{
    44ae:	df 93       	push	r29
    44b0:	cf 93       	push	r28
    44b2:	cd b7       	in	r28, 0x3d	; 61
    44b4:	de b7       	in	r29, 0x3e	; 62
    44b6:	61 97       	sbiw	r28, 0x11	; 17
    44b8:	0f b6       	in	r0, 0x3f	; 63
    44ba:	f8 94       	cli
    44bc:	de bf       	out	0x3e, r29	; 62
    44be:	0f be       	out	0x3f, r0	; 63
    44c0:	cd bf       	out	0x3d, r28	; 61
    char line[17];

    App_writeLine(0U, "COUNTDOWN  #=SET");
    44c2:	27 e8       	ldi	r18, 0x87	; 135
    44c4:	30 e0       	ldi	r19, 0x00	; 0
    44c6:	80 e0       	ldi	r24, 0x00	; 0
    44c8:	b9 01       	movw	r22, r18
    44ca:	0e 94 18 20 	call	0x4030	; 0x4030 <App_writeLine>
    App_formatCountdown(line, &g_countdownPreset);
    44ce:	2b e1       	ldi	r18, 0x1B	; 27
    44d0:	31 e0       	ldi	r19, 0x01	; 1
    44d2:	ce 01       	movw	r24, r28
    44d4:	01 96       	adiw	r24, 0x01	; 1
    44d6:	b9 01       	movw	r22, r18
    44d8:	0e 94 84 1f 	call	0x3f08	; 0x3f08 <App_formatCountdown>
    App_writeLine(1U, line);
    44dc:	81 e0       	ldi	r24, 0x01	; 1
    44de:	9e 01       	movw	r18, r28
    44e0:	2f 5f       	subi	r18, 0xFF	; 255
    44e2:	3f 4f       	sbci	r19, 0xFF	; 255
    44e4:	b9 01       	movw	r22, r18
    44e6:	0e 94 18 20 	call	0x4030	; 0x4030 <App_writeLine>
}
    44ea:	61 96       	adiw	r28, 0x11	; 17
    44ec:	0f b6       	in	r0, 0x3f	; 63
    44ee:	f8 94       	cli
    44f0:	de bf       	out	0x3e, r29	; 62
    44f2:	0f be       	out	0x3f, r0	; 63
    44f4:	cd bf       	out	0x3d, r28	; 61
    44f6:	cf 91       	pop	r28
    44f8:	df 91       	pop	r29
    44fa:	08 95       	ret

000044fc <App_renderEditMode>:

static void App_renderEditMode(const char *title, const Ds3231DateTime *value)
{
    44fc:	0f 93       	push	r16
    44fe:	df 93       	push	r29
    4500:	cf 93       	push	r28
    4502:	cd b7       	in	r28, 0x3d	; 61
    4504:	de b7       	in	r29, 0x3e	; 62
    4506:	69 97       	sbiw	r28, 0x19	; 25
    4508:	0f b6       	in	r0, 0x3f	; 63
    450a:	f8 94       	cli
    450c:	de bf       	out	0x3e, r29	; 62
    450e:	0f be       	out	0x3f, r0	; 63
    4510:	cd bf       	out	0x3d, r28	; 61
    4512:	9b 8b       	std	Y+19, r25	; 0x13
    4514:	8a 8b       	std	Y+18, r24	; 0x12
    4516:	7d 8b       	std	Y+21, r23	; 0x15
    4518:	6c 8b       	std	Y+20, r22	; 0x14
    char line[17];

    App_writeLine(0U, (App_isInputErrorActive() != 0U) ? "INVALID VALUE" : ((g_rtcError != 0U) ? "RTC ERR D=RETRY" : title));
    451a:	0e 94 72 14 	call	0x28e4	; 0x28e4 <App_isInputErrorActive>
    451e:	88 23       	and	r24, r24
    4520:	91 f4       	brne	.+36     	; 0x4546 <App_renderEditMode+0x4a>
    4522:	80 91 98 01 	lds	r24, 0x0198
    4526:	88 23       	and	r24, r24
    4528:	29 f4       	brne	.+10     	; 0x4534 <App_renderEditMode+0x38>
    452a:	8a 89       	ldd	r24, Y+18	; 0x12
    452c:	9b 89       	ldd	r25, Y+19	; 0x13
    452e:	9f 8b       	std	Y+23, r25	; 0x17
    4530:	8e 8b       	std	Y+22, r24	; 0x16
    4532:	04 c0       	rjmp	.+8      	; 0x453c <App_renderEditMode+0x40>
    4534:	88 e9       	ldi	r24, 0x98	; 152
    4536:	90 e0       	ldi	r25, 0x00	; 0
    4538:	9f 8b       	std	Y+23, r25	; 0x17
    453a:	8e 8b       	std	Y+22, r24	; 0x16
    453c:	8e 89       	ldd	r24, Y+22	; 0x16
    453e:	9f 89       	ldd	r25, Y+23	; 0x17
    4540:	99 8f       	std	Y+25, r25	; 0x19
    4542:	88 8f       	std	Y+24, r24	; 0x18
    4544:	04 c0       	rjmp	.+8      	; 0x454e <App_renderEditMode+0x52>
    4546:	88 ea       	ldi	r24, 0xA8	; 168
    4548:	90 e0       	ldi	r25, 0x00	; 0
    454a:	99 8f       	std	Y+25, r25	; 0x19
    454c:	88 8f       	std	Y+24, r24	; 0x18
    454e:	80 e0       	ldi	r24, 0x00	; 0
    4550:	68 8d       	ldd	r22, Y+24	; 0x18
    4552:	79 8d       	ldd	r23, Y+25	; 0x19
    4554:	0e 94 18 20 	call	0x4030	; 0x4030 <App_writeLine>

    if (g_mode == APP_MODE_SET_TIME)
    4558:	80 91 72 01 	lds	r24, 0x0172
    455c:	84 30       	cpi	r24, 0x04	; 4
    455e:	c9 f4       	brne	.+50     	; 0x4592 <App_renderEditMode+0x96>
    {
        App_formatTime(line, value->hour, value->minute, value->second);
    4560:	ec 89       	ldd	r30, Y+20	; 0x14
    4562:	fd 89       	ldd	r31, Y+21	; 0x15
    4564:	32 81       	ldd	r19, Z+2	; 0x02
    4566:	ec 89       	ldd	r30, Y+20	; 0x14
    4568:	fd 89       	ldd	r31, Y+21	; 0x15
    456a:	41 81       	ldd	r20, Z+1	; 0x01
    456c:	ec 89       	ldd	r30, Y+20	; 0x14
    456e:	fd 89       	ldd	r31, Y+21	; 0x15
    4570:	20 81       	ld	r18, Z
    4572:	ce 01       	movw	r24, r28
    4574:	01 96       	adiw	r24, 0x01	; 1
    4576:	63 2f       	mov	r22, r19
    4578:	0e 94 40 1e 	call	0x3c80	; 0x3c80 <App_formatTime>
        App_hideSelectedField(line, g_editField, 3U, 2U, 1U);
    457c:	20 91 74 01 	lds	r18, 0x0174
    4580:	ce 01       	movw	r24, r28
    4582:	01 96       	adiw	r24, 0x01	; 1
    4584:	62 2f       	mov	r22, r18
    4586:	43 e0       	ldi	r20, 0x03	; 3
    4588:	22 e0       	ldi	r18, 0x02	; 2
    458a:	01 e0       	ldi	r16, 0x01	; 1
    458c:	0e 94 80 1b 	call	0x3700	; 0x3700 <App_hideSelectedField>
    4590:	17 c0       	rjmp	.+46     	; 0x45c0 <App_renderEditMode+0xc4>
    }
    else
    {
        App_formatDate(line, value->date, value->month, value->year);
    4592:	ec 89       	ldd	r30, Y+20	; 0x14
    4594:	fd 89       	ldd	r31, Y+21	; 0x15
    4596:	44 81       	ldd	r20, Z+4	; 0x04
    4598:	ec 89       	ldd	r30, Y+20	; 0x14
    459a:	fd 89       	ldd	r31, Y+21	; 0x15
    459c:	55 81       	ldd	r21, Z+5	; 0x05
    459e:	ec 89       	ldd	r30, Y+20	; 0x14
    45a0:	fd 89       	ldd	r31, Y+21	; 0x15
    45a2:	26 81       	ldd	r18, Z+6	; 0x06
    45a4:	37 81       	ldd	r19, Z+7	; 0x07
    45a6:	ce 01       	movw	r24, r28
    45a8:	01 96       	adiw	r24, 0x01	; 1
    45aa:	64 2f       	mov	r22, r20
    45ac:	45 2f       	mov	r20, r21
    45ae:	0e 94 a8 1e 	call	0x3d50	; 0x3d50 <App_formatDate>
        App_hideSelectedDateField(line, g_editField);
    45b2:	20 91 74 01 	lds	r18, 0x0174
    45b6:	ce 01       	movw	r24, r28
    45b8:	01 96       	adiw	r24, 0x01	; 1
    45ba:	62 2f       	mov	r22, r18
    45bc:	0e 94 b9 1b 	call	0x3772	; 0x3772 <App_hideSelectedDateField>
    }

    App_writeLine(1U, line);
    45c0:	81 e0       	ldi	r24, 0x01	; 1
    45c2:	9e 01       	movw	r18, r28
    45c4:	2f 5f       	subi	r18, 0xFF	; 255
    45c6:	3f 4f       	sbci	r19, 0xFF	; 255
    45c8:	b9 01       	movw	r22, r18
    45ca:	0e 94 18 20 	call	0x4030	; 0x4030 <App_writeLine>
}
    45ce:	69 96       	adiw	r28, 0x19	; 25
    45d0:	0f b6       	in	r0, 0x3f	; 63
    45d2:	f8 94       	cli
    45d4:	de bf       	out	0x3e, r29	; 62
    45d6:	0f be       	out	0x3f, r0	; 63
    45d8:	cd bf       	out	0x3d, r28	; 61
    45da:	cf 91       	pop	r28
    45dc:	df 91       	pop	r29
    45de:	0f 91       	pop	r16
    45e0:	08 95       	ret

000045e2 <App_renderEditAlarm>:

static void App_renderEditAlarm(void)
{
    45e2:	0f 93       	push	r16
    45e4:	df 93       	push	r29
    45e6:	cf 93       	push	r28
    45e8:	cd b7       	in	r28, 0x3d	; 61
    45ea:	de b7       	in	r29, 0x3e	; 62
    45ec:	63 97       	sbiw	r28, 0x13	; 19
    45ee:	0f b6       	in	r0, 0x3f	; 63
    45f0:	f8 94       	cli
    45f2:	de bf       	out	0x3e, r29	; 62
    45f4:	0f be       	out	0x3f, r0	; 63
    45f6:	cd bf       	out	0x3d, r28	; 61
    char line[17];

    App_writeLine(0U, (App_isInputErrorActive() != 0U) ? "INVALID VALUE" : "ALARM     D=SAVE");
    45f8:	0e 94 72 14 	call	0x28e4	; 0x28e4 <App_isInputErrorActive>
    45fc:	88 23       	and	r24, r24
    45fe:	29 f0       	breq	.+10     	; 0x460a <App_renderEditAlarm+0x28>
    4600:	88 ea       	ldi	r24, 0xA8	; 168
    4602:	90 e0       	ldi	r25, 0x00	; 0
    4604:	9b 8b       	std	Y+19, r25	; 0x13
    4606:	8a 8b       	std	Y+18, r24	; 0x12
    4608:	04 c0       	rjmp	.+8      	; 0x4612 <App_renderEditAlarm+0x30>
    460a:	86 eb       	ldi	r24, 0xB6	; 182
    460c:	90 e0       	ldi	r25, 0x00	; 0
    460e:	9b 8b       	std	Y+19, r25	; 0x13
    4610:	8a 8b       	std	Y+18, r24	; 0x12
    4612:	80 e0       	ldi	r24, 0x00	; 0
    4614:	6a 89       	ldd	r22, Y+18	; 0x12
    4616:	7b 89       	ldd	r23, Y+19	; 0x13
    4618:	0e 94 18 20 	call	0x4030	; 0x4030 <App_writeLine>
    App_formatHourMinute(line, g_alarmEdit.hour, g_alarmEdit.minute);
    461c:	20 91 19 01 	lds	r18, 0x0119
    4620:	30 91 1a 01 	lds	r19, 0x011A
    4624:	ce 01       	movw	r24, r28
    4626:	01 96       	adiw	r24, 0x01	; 1
    4628:	62 2f       	mov	r22, r18
    462a:	43 2f       	mov	r20, r19
    462c:	0e 94 3c 1f 	call	0x3e78	; 0x3e78 <App_formatHourMinute>
    App_hideSelectedField(line, g_editField, 2U, 2U, 1U);
    4630:	20 91 74 01 	lds	r18, 0x0174
    4634:	ce 01       	movw	r24, r28
    4636:	01 96       	adiw	r24, 0x01	; 1
    4638:	62 2f       	mov	r22, r18
    463a:	42 e0       	ldi	r20, 0x02	; 2
    463c:	22 e0       	ldi	r18, 0x02	; 2
    463e:	01 e0       	ldi	r16, 0x01	; 1
    4640:	0e 94 80 1b 	call	0x3700	; 0x3700 <App_hideSelectedField>
    App_writeLine(1U, line);
    4644:	81 e0       	ldi	r24, 0x01	; 1
    4646:	9e 01       	movw	r18, r28
    4648:	2f 5f       	subi	r18, 0xFF	; 255
    464a:	3f 4f       	sbci	r19, 0xFF	; 255
    464c:	b9 01       	movw	r22, r18
    464e:	0e 94 18 20 	call	0x4030	; 0x4030 <App_writeLine>
}
    4652:	63 96       	adiw	r28, 0x13	; 19
    4654:	0f b6       	in	r0, 0x3f	; 63
    4656:	f8 94       	cli
    4658:	de bf       	out	0x3e, r29	; 62
    465a:	0f be       	out	0x3f, r0	; 63
    465c:	cd bf       	out	0x3d, r28	; 61
    465e:	cf 91       	pop	r28
    4660:	df 91       	pop	r29
    4662:	0f 91       	pop	r16
    4664:	08 95       	ret

00004666 <App_renderEditCountdown>:

static void App_renderEditCountdown(void)
{
    4666:	0f 93       	push	r16
    4668:	df 93       	push	r29
    466a:	cf 93       	push	r28
    466c:	cd b7       	in	r28, 0x3d	; 61
    466e:	de b7       	in	r29, 0x3e	; 62
    4670:	63 97       	sbiw	r28, 0x13	; 19
    4672:	0f b6       	in	r0, 0x3f	; 63
    4674:	f8 94       	cli
    4676:	de bf       	out	0x3e, r29	; 62
    4678:	0f be       	out	0x3f, r0	; 63
    467a:	cd bf       	out	0x3d, r28	; 61
    char line[17];

    App_writeLine(0U, (App_isInputErrorActive() != 0U) ? "INVALID VALUE" : "EDIT COUNTDWN");
    467c:	0e 94 72 14 	call	0x28e4	; 0x28e4 <App_isInputErrorActive>
    4680:	88 23       	and	r24, r24
    4682:	29 f0       	breq	.+10     	; 0x468e <App_renderEditCountdown+0x28>
    4684:	88 ea       	ldi	r24, 0xA8	; 168
    4686:	90 e0       	ldi	r25, 0x00	; 0
    4688:	9b 8b       	std	Y+19, r25	; 0x13
    468a:	8a 8b       	std	Y+18, r24	; 0x12
    468c:	04 c0       	rjmp	.+8      	; 0x4696 <App_renderEditCountdown+0x30>
    468e:	87 ec       	ldi	r24, 0xC7	; 199
    4690:	90 e0       	ldi	r25, 0x00	; 0
    4692:	9b 8b       	std	Y+19, r25	; 0x13
    4694:	8a 8b       	std	Y+18, r24	; 0x12
    4696:	80 e0       	ldi	r24, 0x00	; 0
    4698:	6a 89       	ldd	r22, Y+18	; 0x12
    469a:	7b 89       	ldd	r23, Y+19	; 0x13
    469c:	0e 94 18 20 	call	0x4030	; 0x4030 <App_writeLine>
    App_formatCountdown(line, &g_countdownEdit);
    46a0:	2e e1       	ldi	r18, 0x1E	; 30
    46a2:	31 e0       	ldi	r19, 0x01	; 1
    46a4:	ce 01       	movw	r24, r28
    46a6:	01 96       	adiw	r24, 0x01	; 1
    46a8:	b9 01       	movw	r22, r18
    46aa:	0e 94 84 1f 	call	0x3f08	; 0x3f08 <App_formatCountdown>
    App_hideSelectedField(line, g_editField, 3U, 2U, 1U);
    46ae:	20 91 74 01 	lds	r18, 0x0174
    46b2:	ce 01       	movw	r24, r28
    46b4:	01 96       	adiw	r24, 0x01	; 1
    46b6:	62 2f       	mov	r22, r18
    46b8:	43 e0       	ldi	r20, 0x03	; 3
    46ba:	22 e0       	ldi	r18, 0x02	; 2
    46bc:	01 e0       	ldi	r16, 0x01	; 1
    46be:	0e 94 80 1b 	call	0x3700	; 0x3700 <App_hideSelectedField>
    App_writeLine(1U, line);
    46c2:	81 e0       	ldi	r24, 0x01	; 1
    46c4:	9e 01       	movw	r18, r28
    46c6:	2f 5f       	subi	r18, 0xFF	; 255
    46c8:	3f 4f       	sbci	r19, 0xFF	; 255
    46ca:	b9 01       	movw	r22, r18
    46cc:	0e 94 18 20 	call	0x4030	; 0x4030 <App_writeLine>
}
    46d0:	63 96       	adiw	r28, 0x13	; 19
    46d2:	0f b6       	in	r0, 0x3f	; 63
    46d4:	f8 94       	cli
    46d6:	de bf       	out	0x3e, r29	; 62
    46d8:	0f be       	out	0x3f, r0	; 63
    46da:	cd bf       	out	0x3d, r28	; 61
    46dc:	cf 91       	pop	r28
    46de:	df 91       	pop	r29
    46e0:	0f 91       	pop	r16
    46e2:	08 95       	ret

000046e4 <App_showCurrentScreen>:

static void App_showCurrentScreen(void)
{
    46e4:	df 93       	push	r29
    46e6:	cf 93       	push	r28
    46e8:	00 d0       	rcall	.+0      	; 0x46ea <App_showCurrentScreen+0x6>
    46ea:	cd b7       	in	r28, 0x3d	; 61
    46ec:	de b7       	in	r29, 0x3e	; 62
    g_screenDirty = 0U;
    46ee:	10 92 22 01 	sts	0x0122, r1

    switch (g_mode)
    46f2:	80 91 72 01 	lds	r24, 0x0172
    46f6:	28 2f       	mov	r18, r24
    46f8:	30 e0       	ldi	r19, 0x00	; 0
    46fa:	3a 83       	std	Y+2, r19	; 0x02
    46fc:	29 83       	std	Y+1, r18	; 0x01
    46fe:	89 81       	ldd	r24, Y+1	; 0x01
    4700:	9a 81       	ldd	r25, Y+2	; 0x02
    4702:	83 30       	cpi	r24, 0x03	; 3
    4704:	91 05       	cpc	r25, r1
    4706:	91 f1       	breq	.+100    	; 0x476c <App_showCurrentScreen+0x88>
    4708:	29 81       	ldd	r18, Y+1	; 0x01
    470a:	3a 81       	ldd	r19, Y+2	; 0x02
    470c:	24 30       	cpi	r18, 0x04	; 4
    470e:	31 05       	cpc	r19, r1
    4710:	7c f4       	brge	.+30     	; 0x4730 <App_showCurrentScreen+0x4c>
    4712:	89 81       	ldd	r24, Y+1	; 0x01
    4714:	9a 81       	ldd	r25, Y+2	; 0x02
    4716:	81 30       	cpi	r24, 0x01	; 1
    4718:	91 05       	cpc	r25, r1
    471a:	11 f1       	breq	.+68     	; 0x4760 <App_showCurrentScreen+0x7c>
    471c:	29 81       	ldd	r18, Y+1	; 0x01
    471e:	3a 81       	ldd	r19, Y+2	; 0x02
    4720:	22 30       	cpi	r18, 0x02	; 2
    4722:	31 05       	cpc	r19, r1
    4724:	04 f5       	brge	.+64     	; 0x4766 <App_showCurrentScreen+0x82>
    4726:	89 81       	ldd	r24, Y+1	; 0x01
    4728:	9a 81       	ldd	r25, Y+2	; 0x02
    472a:	00 97       	sbiw	r24, 0x00	; 0
    472c:	b1 f0       	breq	.+44     	; 0x475a <App_showCurrentScreen+0x76>
    472e:	36 c0       	rjmp	.+108    	; 0x479c <App_showCurrentScreen+0xb8>
    4730:	29 81       	ldd	r18, Y+1	; 0x01
    4732:	3a 81       	ldd	r19, Y+2	; 0x02
    4734:	25 30       	cpi	r18, 0x05	; 5
    4736:	31 05       	cpc	r19, r1
    4738:	21 f1       	breq	.+72     	; 0x4782 <App_showCurrentScreen+0x9e>
    473a:	89 81       	ldd	r24, Y+1	; 0x01
    473c:	9a 81       	ldd	r25, Y+2	; 0x02
    473e:	85 30       	cpi	r24, 0x05	; 5
    4740:	91 05       	cpc	r25, r1
    4742:	bc f0       	brlt	.+46     	; 0x4772 <App_showCurrentScreen+0x8e>
    4744:	29 81       	ldd	r18, Y+1	; 0x01
    4746:	3a 81       	ldd	r19, Y+2	; 0x02
    4748:	26 30       	cpi	r18, 0x06	; 6
    474a:	31 05       	cpc	r19, r1
    474c:	11 f1       	breq	.+68     	; 0x4792 <App_showCurrentScreen+0xae>
    474e:	89 81       	ldd	r24, Y+1	; 0x01
    4750:	9a 81       	ldd	r25, Y+2	; 0x02
    4752:	87 30       	cpi	r24, 0x07	; 7
    4754:	91 05       	cpc	r25, r1
    4756:	01 f1       	breq	.+64     	; 0x4798 <App_showCurrentScreen+0xb4>
    4758:	21 c0       	rjmp	.+66     	; 0x479c <App_showCurrentScreen+0xb8>
    {
    case APP_MODE_CLOCK:
        App_renderClock();
    475a:	0e 94 d2 20 	call	0x41a4	; 0x41a4 <App_renderClock>
    475e:	1e c0       	rjmp	.+60     	; 0x479c <App_showCurrentScreen+0xb8>
        break;
    case APP_MODE_ALARM:
        App_renderAlarm();
    4760:	0e 94 3e 21 	call	0x427c	; 0x427c <App_renderAlarm>
    4764:	1b c0       	rjmp	.+54     	; 0x479c <App_showCurrentScreen+0xb8>
        break;
    case APP_MODE_STOPWATCH:
        App_renderStopwatch();
    4766:	0e 94 c8 21 	call	0x4390	; 0x4390 <App_renderStopwatch>
    476a:	18 c0       	rjmp	.+48     	; 0x479c <App_showCurrentScreen+0xb8>
        break;
    case APP_MODE_COUNTDOWN:
        App_renderCountdown();
    476c:	0e 94 57 22 	call	0x44ae	; 0x44ae <App_renderCountdown>
    4770:	15 c0       	rjmp	.+42     	; 0x479c <App_showCurrentScreen+0xb8>
        break;
    case APP_MODE_SET_TIME:
        App_renderEditMode("SET TIME  D=SAVE", &g_setTime);
    4772:	85 ed       	ldi	r24, 0xD5	; 213
    4774:	90 e0       	ldi	r25, 0x00	; 0
    4776:	27 e0       	ldi	r18, 0x07	; 7
    4778:	31 e0       	ldi	r19, 0x01	; 1
    477a:	b9 01       	movw	r22, r18
    477c:	0e 94 7e 22 	call	0x44fc	; 0x44fc <App_renderEditMode>
    4780:	0d c0       	rjmp	.+26     	; 0x479c <App_showCurrentScreen+0xb8>
        break;
    case APP_MODE_SET_DATE:
        App_renderEditMode("SET DATE  D=SAVE", &g_setDate);
    4782:	86 ee       	ldi	r24, 0xE6	; 230
    4784:	90 e0       	ldi	r25, 0x00	; 0
    4786:	2f e0       	ldi	r18, 0x0F	; 15
    4788:	31 e0       	ldi	r19, 0x01	; 1
    478a:	b9 01       	movw	r22, r18
    478c:	0e 94 7e 22 	call	0x44fc	; 0x44fc <App_renderEditMode>
    4790:	05 c0       	rjmp	.+10     	; 0x479c <App_showCurrentScreen+0xb8>
        break;
    case APP_MODE_EDIT_ALARM:
        App_renderEditAlarm();
    4792:	0e 94 f1 22 	call	0x45e2	; 0x45e2 <App_renderEditAlarm>
    4796:	02 c0       	rjmp	.+4      	; 0x479c <App_showCurrentScreen+0xb8>
        break;
    case APP_MODE_EDIT_COUNTDOWN:
        App_renderEditCountdown();
    4798:	0e 94 33 23 	call	0x4666	; 0x4666 <App_renderEditCountdown>
        break;
    default:
        break;
    }
}
    479c:	0f 90       	pop	r0
    479e:	0f 90       	pop	r0
    47a0:	cf 91       	pop	r28
    47a2:	df 91       	pop	r29
    47a4:	08 95       	ret

000047a6 <App_enterMode>:

static void App_enterMode(AppMode mode)
{
    47a6:	df 93       	push	r29
    47a8:	cf 93       	push	r28
    47aa:	0f 92       	push	r0
    47ac:	cd b7       	in	r28, 0x3d	; 61
    47ae:	de b7       	in	r29, 0x3e	; 62
    47b0:	89 83       	std	Y+1, r24	; 0x01
    g_mode = mode;
    47b2:	89 81       	ldd	r24, Y+1	; 0x01
    47b4:	80 93 72 01 	sts	0x0172, r24
    g_editField = 0U;
    47b8:	10 92 74 01 	sts	0x0174, r1
    g_numericDigits = 0U;
    47bc:	10 92 75 01 	sts	0x0175, r1
    g_inputError = 0U;
    47c0:	10 92 99 01 	sts	0x0199, r1
    g_cursorVisible = 1U;
    47c4:	81 e0       	ldi	r24, 0x01	; 1
    47c6:	80 93 23 01 	sts	0x0123, r24
    g_lastCursorBlinkMs = Timer0_getMillis();
    47ca:	0e 94 03 08 	call	0x1006	; 0x1006 <Timer0_getMillis>
    47ce:	dc 01       	movw	r26, r24
    47d0:	cb 01       	movw	r24, r22
    47d2:	80 93 94 01 	sts	0x0194, r24
    47d6:	90 93 95 01 	sts	0x0195, r25
    47da:	a0 93 96 01 	sts	0x0196, r26
    47de:	b0 93 97 01 	sts	0x0197, r27
    App_markScreenDirty();
    47e2:	0e 94 32 14 	call	0x2864	; 0x2864 <App_markScreenDirty>
}
    47e6:	0f 90       	pop	r0
    47e8:	cf 91       	pop	r28
    47ea:	df 91       	pop	r29
    47ec:	08 95       	ret

000047ee <App_cycleMode>:

static void App_cycleMode(void)
{
    47ee:	df 93       	push	r29
    47f0:	cf 93       	push	r28
    47f2:	cd b7       	in	r28, 0x3d	; 61
    47f4:	de b7       	in	r29, 0x3e	; 62
    if (g_mode == APP_MODE_CLOCK)
    47f6:	80 91 72 01 	lds	r24, 0x0172
    47fa:	88 23       	and	r24, r24
    47fc:	21 f4       	brne	.+8      	; 0x4806 <App_cycleMode+0x18>
    {
        App_enterMode(APP_MODE_ALARM);
    47fe:	81 e0       	ldi	r24, 0x01	; 1
    4800:	0e 94 d3 23 	call	0x47a6	; 0x47a6 <App_enterMode>
    4804:	17 c0       	rjmp	.+46     	; 0x4834 <App_cycleMode+0x46>
    }
    else if (g_mode == APP_MODE_ALARM)
    4806:	80 91 72 01 	lds	r24, 0x0172
    480a:	81 30       	cpi	r24, 0x01	; 1
    480c:	21 f4       	brne	.+8      	; 0x4816 <App_cycleMode+0x28>
    {
        App_enterMode(APP_MODE_STOPWATCH);
    480e:	82 e0       	ldi	r24, 0x02	; 2
    4810:	0e 94 d3 23 	call	0x47a6	; 0x47a6 <App_enterMode>
    4814:	0f c0       	rjmp	.+30     	; 0x4834 <App_cycleMode+0x46>
    }
    else if (g_mode == APP_MODE_STOPWATCH)
    4816:	80 91 72 01 	lds	r24, 0x0172
    481a:	82 30       	cpi	r24, 0x02	; 2
    481c:	21 f4       	brne	.+8      	; 0x4826 <App_cycleMode+0x38>
    {
        App_enterMode(APP_MODE_COUNTDOWN);
    481e:	83 e0       	ldi	r24, 0x03	; 3
    4820:	0e 94 d3 23 	call	0x47a6	; 0x47a6 <App_enterMode>
    4824:	07 c0       	rjmp	.+14     	; 0x4834 <App_cycleMode+0x46>
    }
    else if (g_mode == APP_MODE_COUNTDOWN)
    4826:	80 91 72 01 	lds	r24, 0x0172
    482a:	83 30       	cpi	r24, 0x03	; 3
    482c:	19 f4       	brne	.+6      	; 0x4834 <App_cycleMode+0x46>
    {
        App_enterMode(APP_MODE_CLOCK);
    482e:	80 e0       	ldi	r24, 0x00	; 0
    4830:	0e 94 d3 23 	call	0x47a6	; 0x47a6 <App_enterMode>
    }
}
    4834:	cf 91       	pop	r28
    4836:	df 91       	pop	r29
    4838:	08 95       	ret

0000483a <App_exitEditMode>:

static void App_exitEditMode(void)
{
    483a:	df 93       	push	r29
    483c:	cf 93       	push	r28
    483e:	cd b7       	in	r28, 0x3d	; 61
    4840:	de b7       	in	r29, 0x3e	; 62
    g_mode = g_returnMode;
    4842:	80 91 73 01 	lds	r24, 0x0173
    4846:	80 93 72 01 	sts	0x0172, r24
    g_editField = 0U;
    484a:	10 92 74 01 	sts	0x0174, r1
    g_cursorVisible = 1U;
    484e:	81 e0       	ldi	r24, 0x01	; 1
    4850:	80 93 23 01 	sts	0x0123, r24
    App_markScreenDirty();
    4854:	0e 94 32 14 	call	0x2864	; 0x2864 <App_markScreenDirty>
}
    4858:	cf 91       	pop	r28
    485a:	df 91       	pop	r29
    485c:	08 95       	ret

0000485e <App_saveEditTime>:

static uint8 App_saveEditTime(void)
{
    485e:	df 93       	push	r29
    4860:	cf 93       	push	r28
    4862:	00 d0       	rcall	.+0      	; 0x4864 <App_saveEditTime+0x6>
    4864:	00 d0       	rcall	.+0      	; 0x4866 <App_saveEditTime+0x8>
    4866:	00 d0       	rcall	.+0      	; 0x4868 <App_saveEditTime+0xa>
    4868:	cd b7       	in	r28, 0x3d	; 61
    486a:	de b7       	in	r29, 0x3e	; 62
    g_setTime.dayOfWeek = App_dayOfWeek(g_setTime.year, g_setTime.month, g_setTime.date);
    486c:	80 91 0d 01 	lds	r24, 0x010D
    4870:	90 91 0e 01 	lds	r25, 0x010E
    4874:	20 91 0c 01 	lds	r18, 0x010C
    4878:	30 91 0b 01 	lds	r19, 0x010B
    487c:	62 2f       	mov	r22, r18
    487e:	43 2f       	mov	r20, r19
    4880:	0e 94 a7 1c 	call	0x394e	; 0x394e <App_dayOfWeek>
    4884:	80 93 0a 01 	sts	0x010A, r24

    if (Ds3231_setDateTime(&g_setTime) == 0U)
    4888:	87 e0       	ldi	r24, 0x07	; 7
    488a:	91 e0       	ldi	r25, 0x01	; 1
    488c:	0e 94 5c 0b 	call	0x16b8	; 0x16b8 <Ds3231_setDateTime>
    4890:	88 23       	and	r24, r24
    4892:	29 f4       	brne	.+10     	; 0x489e <App_saveEditTime+0x40>
    {
        g_rtcError = 1U;
    4894:	81 e0       	ldi	r24, 0x01	; 1
    4896:	80 93 98 01 	sts	0x0198, r24
        return 0U;
    489a:	19 82       	std	Y+1, r1	; 0x01
    489c:	24 c0       	rjmp	.+72     	; 0x48e6 <App_saveEditTime+0x88>
    }

    g_currentTime = g_setTime;
    489e:	8f ef       	ldi	r24, 0xFF	; 255
    48a0:	90 e0       	ldi	r25, 0x00	; 0
    48a2:	9b 83       	std	Y+3, r25	; 0x03
    48a4:	8a 83       	std	Y+2, r24	; 0x02
    48a6:	e7 e0       	ldi	r30, 0x07	; 7
    48a8:	f1 e0       	ldi	r31, 0x01	; 1
    48aa:	fd 83       	std	Y+5, r31	; 0x05
    48ac:	ec 83       	std	Y+4, r30	; 0x04
    48ae:	f8 e0       	ldi	r31, 0x08	; 8
    48b0:	fe 83       	std	Y+6, r31	; 0x06
    48b2:	ec 81       	ldd	r30, Y+4	; 0x04
    48b4:	fd 81       	ldd	r31, Y+5	; 0x05
    48b6:	00 80       	ld	r0, Z
    48b8:	8c 81       	ldd	r24, Y+4	; 0x04
    48ba:	9d 81       	ldd	r25, Y+5	; 0x05
    48bc:	01 96       	adiw	r24, 0x01	; 1
    48be:	9d 83       	std	Y+5, r25	; 0x05
    48c0:	8c 83       	std	Y+4, r24	; 0x04
    48c2:	ea 81       	ldd	r30, Y+2	; 0x02
    48c4:	fb 81       	ldd	r31, Y+3	; 0x03
    48c6:	00 82       	st	Z, r0
    48c8:	8a 81       	ldd	r24, Y+2	; 0x02
    48ca:	9b 81       	ldd	r25, Y+3	; 0x03
    48cc:	01 96       	adiw	r24, 0x01	; 1
    48ce:	9b 83       	std	Y+3, r25	; 0x03
    48d0:	8a 83       	std	Y+2, r24	; 0x02
    48d2:	9e 81       	ldd	r25, Y+6	; 0x06
    48d4:	91 50       	subi	r25, 0x01	; 1
    48d6:	9e 83       	std	Y+6, r25	; 0x06
    48d8:	ee 81       	ldd	r30, Y+6	; 0x06
    48da:	ee 23       	and	r30, r30
    48dc:	51 f7       	brne	.-44     	; 0x48b2 <App_saveEditTime+0x54>
    g_rtcError = 0U;
    48de:	10 92 98 01 	sts	0x0198, r1
    return 1U;
    48e2:	f1 e0       	ldi	r31, 0x01	; 1
    48e4:	f9 83       	std	Y+1, r31	; 0x01
    48e6:	89 81       	ldd	r24, Y+1	; 0x01
}
    48e8:	26 96       	adiw	r28, 0x06	; 6
    48ea:	0f b6       	in	r0, 0x3f	; 63
    48ec:	f8 94       	cli
    48ee:	de bf       	out	0x3e, r29	; 62
    48f0:	0f be       	out	0x3f, r0	; 63
    48f2:	cd bf       	out	0x3d, r28	; 61
    48f4:	cf 91       	pop	r28
    48f6:	df 91       	pop	r29
    48f8:	08 95       	ret

000048fa <App_saveEditDate>:

static uint8 App_saveEditDate(void)
{
    48fa:	df 93       	push	r29
    48fc:	cf 93       	push	r28
    48fe:	00 d0       	rcall	.+0      	; 0x4900 <App_saveEditDate+0x6>
    4900:	00 d0       	rcall	.+0      	; 0x4902 <App_saveEditDate+0x8>
    4902:	00 d0       	rcall	.+0      	; 0x4904 <App_saveEditDate+0xa>
    4904:	cd b7       	in	r28, 0x3d	; 61
    4906:	de b7       	in	r29, 0x3e	; 62
    g_setDate.dayOfWeek = App_dayOfWeek(g_setDate.year, g_setDate.month, g_setDate.date);
    4908:	80 91 15 01 	lds	r24, 0x0115
    490c:	90 91 16 01 	lds	r25, 0x0116
    4910:	20 91 14 01 	lds	r18, 0x0114
    4914:	30 91 13 01 	lds	r19, 0x0113
    4918:	62 2f       	mov	r22, r18
    491a:	43 2f       	mov	r20, r19
    491c:	0e 94 a7 1c 	call	0x394e	; 0x394e <App_dayOfWeek>
    4920:	80 93 12 01 	sts	0x0112, r24

    if (Ds3231_setDateTime(&g_setDate) == 0U)
    4924:	8f e0       	ldi	r24, 0x0F	; 15
    4926:	91 e0       	ldi	r25, 0x01	; 1
    4928:	0e 94 5c 0b 	call	0x16b8	; 0x16b8 <Ds3231_setDateTime>
    492c:	88 23       	and	r24, r24
    492e:	29 f4       	brne	.+10     	; 0x493a <App_saveEditDate+0x40>
    {
        g_rtcError = 1U;
    4930:	81 e0       	ldi	r24, 0x01	; 1
    4932:	80 93 98 01 	sts	0x0198, r24
        return 0U;
    4936:	19 82       	std	Y+1, r1	; 0x01
    4938:	24 c0       	rjmp	.+72     	; 0x4982 <App_saveEditDate+0x88>
    }

    g_currentTime = g_setDate;
    493a:	8f ef       	ldi	r24, 0xFF	; 255
    493c:	90 e0       	ldi	r25, 0x00	; 0
    493e:	9b 83       	std	Y+3, r25	; 0x03
    4940:	8a 83       	std	Y+2, r24	; 0x02
    4942:	ef e0       	ldi	r30, 0x0F	; 15
    4944:	f1 e0       	ldi	r31, 0x01	; 1
    4946:	fd 83       	std	Y+5, r31	; 0x05
    4948:	ec 83       	std	Y+4, r30	; 0x04
    494a:	f8 e0       	ldi	r31, 0x08	; 8
    494c:	fe 83       	std	Y+6, r31	; 0x06
    494e:	ec 81       	ldd	r30, Y+4	; 0x04
    4950:	fd 81       	ldd	r31, Y+5	; 0x05
    4952:	00 80       	ld	r0, Z
    4954:	8c 81       	ldd	r24, Y+4	; 0x04
    4956:	9d 81       	ldd	r25, Y+5	; 0x05
    4958:	01 96       	adiw	r24, 0x01	; 1
    495a:	9d 83       	std	Y+5, r25	; 0x05
    495c:	8c 83       	std	Y+4, r24	; 0x04
    495e:	ea 81       	ldd	r30, Y+2	; 0x02
    4960:	fb 81       	ldd	r31, Y+3	; 0x03
    4962:	00 82       	st	Z, r0
    4964:	8a 81       	ldd	r24, Y+2	; 0x02
    4966:	9b 81       	ldd	r25, Y+3	; 0x03
    4968:	01 96       	adiw	r24, 0x01	; 1
    496a:	9b 83       	std	Y+3, r25	; 0x03
    496c:	8a 83       	std	Y+2, r24	; 0x02
    496e:	9e 81       	ldd	r25, Y+6	; 0x06
    4970:	91 50       	subi	r25, 0x01	; 1
    4972:	9e 83       	std	Y+6, r25	; 0x06
    4974:	ee 81       	ldd	r30, Y+6	; 0x06
    4976:	ee 23       	and	r30, r30
    4978:	51 f7       	brne	.-44     	; 0x494e <App_saveEditDate+0x54>
    g_rtcError = 0U;
    497a:	10 92 98 01 	sts	0x0198, r1
    return 1U;
    497e:	f1 e0       	ldi	r31, 0x01	; 1
    4980:	f9 83       	std	Y+1, r31	; 0x01
    4982:	89 81       	ldd	r24, Y+1	; 0x01
}
    4984:	26 96       	adiw	r28, 0x06	; 6
    4986:	0f b6       	in	r0, 0x3f	; 63
    4988:	f8 94       	cli
    498a:	de bf       	out	0x3e, r29	; 62
    498c:	0f be       	out	0x3f, r0	; 63
    498e:	cd bf       	out	0x3d, r28	; 61
    4990:	cf 91       	pop	r28
    4992:	df 91       	pop	r29
    4994:	08 95       	ret

00004996 <App_saveAlarm>:

static void App_saveAlarm(void)
{
    4996:	df 93       	push	r29
    4998:	cf 93       	push	r28
    499a:	cd b7       	in	r28, 0x3d	; 61
    499c:	de b7       	in	r29, 0x3e	; 62
    g_alarm = g_alarmEdit;
    499e:	80 91 19 01 	lds	r24, 0x0119
    49a2:	90 91 1a 01 	lds	r25, 0x011A
    49a6:	90 93 18 01 	sts	0x0118, r25
    49aa:	80 93 17 01 	sts	0x0117, r24
    if (g_buzzerSource == BUZZER_SOURCE_ALARM)
    49ae:	80 91 7a 01 	lds	r24, 0x017A
    49b2:	81 30       	cpi	r24, 0x01	; 1
    49b4:	11 f4       	brne	.+4      	; 0x49ba <App_saveAlarm+0x24>
    {
        App_stopBuzzer();
    49b6:	0e 94 62 25 	call	0x4ac4	; 0x4ac4 <App_stopBuzzer>
    }
    g_alarmEnabled = 1U;
    49ba:	81 e0       	ldi	r24, 0x01	; 1
    49bc:	80 93 78 01 	sts	0x0178, r24
    g_alarmTriggeredToday = 0U;
    49c0:	10 92 79 01 	sts	0x0179, r1
}
    49c4:	cf 91       	pop	r28
    49c6:	df 91       	pop	r29
    49c8:	08 95       	ret

000049ca <App_saveCountdownPreset>:

static void App_saveCountdownPreset(void)
{
    49ca:	df 93       	push	r29
    49cc:	cf 93       	push	r28
    49ce:	00 d0       	rcall	.+0      	; 0x49d0 <App_saveCountdownPreset+0x6>
    49d0:	00 d0       	rcall	.+0      	; 0x49d2 <App_saveCountdownPreset+0x8>
    49d2:	0f 92       	push	r0
    49d4:	cd b7       	in	r28, 0x3d	; 61
    49d6:	de b7       	in	r29, 0x3e	; 62
    g_countdownPreset = g_countdownEdit;
    49d8:	8b e1       	ldi	r24, 0x1B	; 27
    49da:	91 e0       	ldi	r25, 0x01	; 1
    49dc:	9a 83       	std	Y+2, r25	; 0x02
    49de:	89 83       	std	Y+1, r24	; 0x01
    49e0:	ee e1       	ldi	r30, 0x1E	; 30
    49e2:	f1 e0       	ldi	r31, 0x01	; 1
    49e4:	fc 83       	std	Y+4, r31	; 0x04
    49e6:	eb 83       	std	Y+3, r30	; 0x03
    49e8:	f3 e0       	ldi	r31, 0x03	; 3
    49ea:	fd 83       	std	Y+5, r31	; 0x05
    49ec:	eb 81       	ldd	r30, Y+3	; 0x03
    49ee:	fc 81       	ldd	r31, Y+4	; 0x04
    49f0:	00 80       	ld	r0, Z
    49f2:	8b 81       	ldd	r24, Y+3	; 0x03
    49f4:	9c 81       	ldd	r25, Y+4	; 0x04
    49f6:	01 96       	adiw	r24, 0x01	; 1
    49f8:	9c 83       	std	Y+4, r25	; 0x04
    49fa:	8b 83       	std	Y+3, r24	; 0x03
    49fc:	e9 81       	ldd	r30, Y+1	; 0x01
    49fe:	fa 81       	ldd	r31, Y+2	; 0x02
    4a00:	00 82       	st	Z, r0
    4a02:	89 81       	ldd	r24, Y+1	; 0x01
    4a04:	9a 81       	ldd	r25, Y+2	; 0x02
    4a06:	01 96       	adiw	r24, 0x01	; 1
    4a08:	9a 83       	std	Y+2, r25	; 0x02
    4a0a:	89 83       	std	Y+1, r24	; 0x01
    4a0c:	9d 81       	ldd	r25, Y+5	; 0x05
    4a0e:	91 50       	subi	r25, 0x01	; 1
    4a10:	9d 83       	std	Y+5, r25	; 0x05
    4a12:	ed 81       	ldd	r30, Y+5	; 0x05
    4a14:	ee 23       	and	r30, r30
    4a16:	51 f7       	brne	.-44     	; 0x49ec <App_saveCountdownPreset+0x22>
    g_countdownRunning = 0U;
    4a18:	10 92 87 01 	sts	0x0187, r1
    if (g_buzzerSource == BUZZER_SOURCE_COUNTDOWN)
    4a1c:	80 91 7a 01 	lds	r24, 0x017A
    4a20:	82 30       	cpi	r24, 0x02	; 2
    4a22:	11 f4       	brne	.+4      	; 0x4a28 <App_saveCountdownPreset+0x5e>
    {
        App_stopBuzzer();
    4a24:	0e 94 62 25 	call	0x4ac4	; 0x4ac4 <App_stopBuzzer>
    }
}
    4a28:	0f 90       	pop	r0
    4a2a:	0f 90       	pop	r0
    4a2c:	0f 90       	pop	r0
    4a2e:	0f 90       	pop	r0
    4a30:	0f 90       	pop	r0
    4a32:	cf 91       	pop	r28
    4a34:	df 91       	pop	r29
    4a36:	08 95       	ret

00004a38 <App_startAlarmIfNeeded>:

static void App_startAlarmIfNeeded(void)
{
    4a38:	df 93       	push	r29
    4a3a:	cf 93       	push	r28
    4a3c:	cd b7       	in	r28, 0x3d	; 61
    4a3e:	de b7       	in	r29, 0x3e	; 62
    if ((g_alarmEnabled == 0U) || (g_buzzerSource != BUZZER_SOURCE_NONE))
    4a40:	80 91 78 01 	lds	r24, 0x0178
    4a44:	88 23       	and	r24, r24
    4a46:	d9 f1       	breq	.+118    	; 0x4abe <App_startAlarmIfNeeded+0x86>
    4a48:	80 91 7a 01 	lds	r24, 0x017A
    4a4c:	88 23       	and	r24, r24
    4a4e:	b9 f5       	brne	.+110    	; 0x4abe <App_startAlarmIfNeeded+0x86>
    {
        return;
    }

    if ((g_currentTime.hour == g_alarm.hour) && (g_currentTime.minute == g_alarm.minute))
    4a50:	90 91 01 01 	lds	r25, 0x0101
    4a54:	80 91 17 01 	lds	r24, 0x0117
    4a58:	98 17       	cp	r25, r24
    4a5a:	19 f5       	brne	.+70     	; 0x4aa2 <App_startAlarmIfNeeded+0x6a>
    4a5c:	90 91 00 01 	lds	r25, 0x0100
    4a60:	80 91 18 01 	lds	r24, 0x0118
    4a64:	98 17       	cp	r25, r24
    4a66:	e9 f4       	brne	.+58     	; 0x4aa2 <App_startAlarmIfNeeded+0x6a>
    {
        if (g_alarmTriggeredToday == 0U)
    4a68:	80 91 79 01 	lds	r24, 0x0179
    4a6c:	88 23       	and	r24, r24
    4a6e:	39 f5       	brne	.+78     	; 0x4abe <App_startAlarmIfNeeded+0x86>
        {
            g_buzzerSource = BUZZER_SOURCE_ALARM;
    4a70:	81 e0       	ldi	r24, 0x01	; 1
    4a72:	80 93 7a 01 	sts	0x017A, r24
            g_buzzerStopAtMs = Timer0_getMillis() + 3000UL;
    4a76:	0e 94 03 08 	call	0x1006	; 0x1006 <Timer0_getMillis>
    4a7a:	dc 01       	movw	r26, r24
    4a7c:	cb 01       	movw	r24, r22
    4a7e:	88 54       	subi	r24, 0x48	; 72
    4a80:	94 4f       	sbci	r25, 0xF4	; 244
    4a82:	af 4f       	sbci	r26, 0xFF	; 255
    4a84:	bf 4f       	sbci	r27, 0xFF	; 255
    4a86:	80 93 88 01 	sts	0x0188, r24
    4a8a:	90 93 89 01 	sts	0x0189, r25
    4a8e:	a0 93 8a 01 	sts	0x018A, r26
    4a92:	b0 93 8b 01 	sts	0x018B, r27
            Buzzer_start();
    4a96:	0e 94 01 14 	call	0x2802	; 0x2802 <Buzzer_start>
            g_alarmTriggeredToday = 1U;
    4a9a:	81 e0       	ldi	r24, 0x01	; 1
    4a9c:	80 93 79 01 	sts	0x0179, r24
    4aa0:	0e c0       	rjmp	.+28     	; 0x4abe <App_startAlarmIfNeeded+0x86>
        }
    }
    else if ((g_currentTime.hour != g_alarm.hour) || (g_currentTime.minute != g_alarm.minute))
    4aa2:	90 91 01 01 	lds	r25, 0x0101
    4aa6:	80 91 17 01 	lds	r24, 0x0117
    4aaa:	98 17       	cp	r25, r24
    4aac:	31 f4       	brne	.+12     	; 0x4aba <App_startAlarmIfNeeded+0x82>
    4aae:	90 91 00 01 	lds	r25, 0x0100
    4ab2:	80 91 18 01 	lds	r24, 0x0118
    4ab6:	98 17       	cp	r25, r24
    4ab8:	11 f0       	breq	.+4      	; 0x4abe <App_startAlarmIfNeeded+0x86>
    {
        g_alarmTriggeredToday = 0U;
    4aba:	10 92 79 01 	sts	0x0179, r1
    }
}
    4abe:	cf 91       	pop	r28
    4ac0:	df 91       	pop	r29
    4ac2:	08 95       	ret

00004ac4 <App_stopBuzzer>:

static void App_stopBuzzer(void)
{
    4ac4:	df 93       	push	r29
    4ac6:	cf 93       	push	r28
    4ac8:	cd b7       	in	r28, 0x3d	; 61
    4aca:	de b7       	in	r29, 0x3e	; 62
    g_buzzerSource = BUZZER_SOURCE_NONE;
    4acc:	10 92 7a 01 	sts	0x017A, r1
    g_buzzerStopAtMs = 0U;
    4ad0:	10 92 88 01 	sts	0x0188, r1
    4ad4:	10 92 89 01 	sts	0x0189, r1
    4ad8:	10 92 8a 01 	sts	0x018A, r1
    4adc:	10 92 8b 01 	sts	0x018B, r1
    Buzzer_stop();
    4ae0:	0e 94 19 14 	call	0x2832	; 0x2832 <Buzzer_stop>
}
    4ae4:	cf 91       	pop	r28
    4ae6:	df 91       	pop	r29
    4ae8:	08 95       	ret

00004aea <App_updateStopwatch>:

static uint8 App_updateStopwatch(uint32 currentMs)
{
    4aea:	ef 92       	push	r14
    4aec:	ff 92       	push	r15
    4aee:	0f 93       	push	r16
    4af0:	1f 93       	push	r17
    4af2:	df 93       	push	r29
    4af4:	cf 93       	push	r28
    4af6:	cd b7       	in	r28, 0x3d	; 61
    4af8:	de b7       	in	r29, 0x3e	; 62
    4afa:	2d 97       	sbiw	r28, 0x0d	; 13
    4afc:	0f b6       	in	r0, 0x3f	; 63
    4afe:	f8 94       	cli
    4b00:	de bf       	out	0x3e, r29	; 62
    4b02:	0f be       	out	0x3f, r0	; 63
    4b04:	cd bf       	out	0x3d, r28	; 61
    4b06:	69 87       	std	Y+9, r22	; 0x09
    4b08:	7a 87       	std	Y+10, r23	; 0x0a
    4b0a:	8b 87       	std	Y+11, r24	; 0x0b
    4b0c:	9c 87       	std	Y+12, r25	; 0x0c
    uint32 elapsed;

    if (g_stopwatchRunning == 0U)
    4b0e:	80 91 86 01 	lds	r24, 0x0186
    4b12:	88 23       	and	r24, r24
    4b14:	11 f4       	brne	.+4      	; 0x4b1a <App_updateStopwatch+0x30>
    {
        return 0U;
    4b16:	1d 86       	std	Y+13, r1	; 0x0d
    4b18:	7c c0       	rjmp	.+248    	; 0x4c12 <App_updateStopwatch+0x128>
    }

    elapsed = currentMs - g_stopwatchBaseMs;
    4b1a:	20 91 7e 01 	lds	r18, 0x017E
    4b1e:	30 91 7f 01 	lds	r19, 0x017F
    4b22:	40 91 80 01 	lds	r20, 0x0180
    4b26:	50 91 81 01 	lds	r21, 0x0181
    4b2a:	89 85       	ldd	r24, Y+9	; 0x09
    4b2c:	9a 85       	ldd	r25, Y+10	; 0x0a
    4b2e:	ab 85       	ldd	r26, Y+11	; 0x0b
    4b30:	bc 85       	ldd	r27, Y+12	; 0x0c
    4b32:	82 1b       	sub	r24, r18
    4b34:	93 0b       	sbc	r25, r19
    4b36:	a4 0b       	sbc	r26, r20
    4b38:	b5 0b       	sbc	r27, r21
    4b3a:	8d 83       	std	Y+5, r24	; 0x05
    4b3c:	9e 83       	std	Y+6, r25	; 0x06
    4b3e:	af 83       	std	Y+7, r26	; 0x07
    4b40:	b8 87       	std	Y+8, r27	; 0x08

    if (elapsed >= 1000UL)
    4b42:	8d 81       	ldd	r24, Y+5	; 0x05
    4b44:	9e 81       	ldd	r25, Y+6	; 0x06
    4b46:	af 81       	ldd	r26, Y+7	; 0x07
    4b48:	b8 85       	ldd	r27, Y+8	; 0x08
    4b4a:	88 3e       	cpi	r24, 0xE8	; 232
    4b4c:	23 e0       	ldi	r18, 0x03	; 3
    4b4e:	92 07       	cpc	r25, r18
    4b50:	20 e0       	ldi	r18, 0x00	; 0
    4b52:	a2 07       	cpc	r26, r18
    4b54:	20 e0       	ldi	r18, 0x00	; 0
    4b56:	b2 07       	cpc	r27, r18
    4b58:	08 f4       	brcc	.+2      	; 0x4b5c <App_updateStopwatch+0x72>
    4b5a:	5a c0       	rjmp	.+180    	; 0x4c10 <App_updateStopwatch+0x126>
    {
        uint32 totalSeconds = App_stopwatchToSeconds(&g_stopwatch) + (elapsed / 1000UL);
    4b5c:	8b e7       	ldi	r24, 0x7B	; 123
    4b5e:	91 e0       	ldi	r25, 0x01	; 1
    4b60:	0e 94 f7 1d 	call	0x3bee	; 0x3bee <App_stopwatchToSeconds>
    4b64:	7b 01       	movw	r14, r22
    4b66:	8c 01       	movw	r16, r24
    4b68:	8d 81       	ldd	r24, Y+5	; 0x05
    4b6a:	9e 81       	ldd	r25, Y+6	; 0x06
    4b6c:	af 81       	ldd	r26, Y+7	; 0x07
    4b6e:	b8 85       	ldd	r27, Y+8	; 0x08
    4b70:	28 ee       	ldi	r18, 0xE8	; 232
    4b72:	33 e0       	ldi	r19, 0x03	; 3
    4b74:	40 e0       	ldi	r20, 0x00	; 0
    4b76:	50 e0       	ldi	r21, 0x00	; 0
    4b78:	bc 01       	movw	r22, r24
    4b7a:	cd 01       	movw	r24, r26
    4b7c:	0e 94 96 2c 	call	0x592c	; 0x592c <__udivmodsi4>
    4b80:	da 01       	movw	r26, r20
    4b82:	c9 01       	movw	r24, r18
    4b84:	8e 0d       	add	r24, r14
    4b86:	9f 1d       	adc	r25, r15
    4b88:	a0 1f       	adc	r26, r16
    4b8a:	b1 1f       	adc	r27, r17
    4b8c:	89 83       	std	Y+1, r24	; 0x01
    4b8e:	9a 83       	std	Y+2, r25	; 0x02
    4b90:	ab 83       	std	Y+3, r26	; 0x03
    4b92:	bc 83       	std	Y+4, r27	; 0x04
        if (totalSeconds > (APP_STOPWATCH_MAX_HOURS * 3600UL + 59UL * 60UL + 59UL))
    4b94:	89 81       	ldd	r24, Y+1	; 0x01
    4b96:	9a 81       	ldd	r25, Y+2	; 0x02
    4b98:	ab 81       	ldd	r26, Y+3	; 0x03
    4b9a:	bc 81       	ldd	r27, Y+4	; 0x04
    4b9c:	80 34       	cpi	r24, 0x40	; 64
    4b9e:	2e e7       	ldi	r18, 0x7E	; 126
    4ba0:	92 07       	cpc	r25, r18
    4ba2:	25 e0       	ldi	r18, 0x05	; 5
    4ba4:	a2 07       	cpc	r26, r18
    4ba6:	20 e0       	ldi	r18, 0x00	; 0
    4ba8:	b2 07       	cpc	r27, r18
    4baa:	20 f0       	brcs	.+8      	; 0x4bb4 <App_updateStopwatch+0xca>
        {
            totalSeconds = 0UL;
    4bac:	19 82       	std	Y+1, r1	; 0x01
    4bae:	1a 82       	std	Y+2, r1	; 0x02
    4bb0:	1b 82       	std	Y+3, r1	; 0x03
    4bb2:	1c 82       	std	Y+4, r1	; 0x04
        }

        App_secondsToStopwatch(totalSeconds, &g_stopwatch);
    4bb4:	89 81       	ldd	r24, Y+1	; 0x01
    4bb6:	9a 81       	ldd	r25, Y+2	; 0x02
    4bb8:	ab 81       	ldd	r26, Y+3	; 0x03
    4bba:	bc 81       	ldd	r27, Y+4	; 0x04
    4bbc:	2b e7       	ldi	r18, 0x7B	; 123
    4bbe:	31 e0       	ldi	r19, 0x01	; 1
    4bc0:	bc 01       	movw	r22, r24
    4bc2:	cd 01       	movw	r24, r26
    4bc4:	a9 01       	movw	r20, r18
    4bc6:	0e 94 9c 1d 	call	0x3b38	; 0x3b38 <App_secondsToStopwatch>
        g_stopwatchBaseMs = currentMs - (elapsed % 1000UL);
    4bca:	8d 81       	ldd	r24, Y+5	; 0x05
    4bcc:	9e 81       	ldd	r25, Y+6	; 0x06
    4bce:	af 81       	ldd	r26, Y+7	; 0x07
    4bd0:	b8 85       	ldd	r27, Y+8	; 0x08
    4bd2:	28 ee       	ldi	r18, 0xE8	; 232
    4bd4:	33 e0       	ldi	r19, 0x03	; 3
    4bd6:	40 e0       	ldi	r20, 0x00	; 0
    4bd8:	50 e0       	ldi	r21, 0x00	; 0
    4bda:	bc 01       	movw	r22, r24
    4bdc:	cd 01       	movw	r24, r26
    4bde:	0e 94 96 2c 	call	0x592c	; 0x592c <__udivmodsi4>
    4be2:	dc 01       	movw	r26, r24
    4be4:	cb 01       	movw	r24, r22
    4be6:	9c 01       	movw	r18, r24
    4be8:	ad 01       	movw	r20, r26
    4bea:	89 85       	ldd	r24, Y+9	; 0x09
    4bec:	9a 85       	ldd	r25, Y+10	; 0x0a
    4bee:	ab 85       	ldd	r26, Y+11	; 0x0b
    4bf0:	bc 85       	ldd	r27, Y+12	; 0x0c
    4bf2:	82 1b       	sub	r24, r18
    4bf4:	93 0b       	sbc	r25, r19
    4bf6:	a4 0b       	sbc	r26, r20
    4bf8:	b5 0b       	sbc	r27, r21
    4bfa:	80 93 7e 01 	sts	0x017E, r24
    4bfe:	90 93 7f 01 	sts	0x017F, r25
    4c02:	a0 93 80 01 	sts	0x0180, r26
    4c06:	b0 93 81 01 	sts	0x0181, r27
        return 1U;
    4c0a:	81 e0       	ldi	r24, 0x01	; 1
    4c0c:	8d 87       	std	Y+13, r24	; 0x0d
    4c0e:	01 c0       	rjmp	.+2      	; 0x4c12 <App_updateStopwatch+0x128>
    }

    return 0U;
    4c10:	1d 86       	std	Y+13, r1	; 0x0d
    4c12:	8d 85       	ldd	r24, Y+13	; 0x0d
}
    4c14:	2d 96       	adiw	r28, 0x0d	; 13
    4c16:	0f b6       	in	r0, 0x3f	; 63
    4c18:	f8 94       	cli
    4c1a:	de bf       	out	0x3e, r29	; 62
    4c1c:	0f be       	out	0x3f, r0	; 63
    4c1e:	cd bf       	out	0x3d, r28	; 61
    4c20:	cf 91       	pop	r28
    4c22:	df 91       	pop	r29
    4c24:	1f 91       	pop	r17
    4c26:	0f 91       	pop	r16
    4c28:	ff 90       	pop	r15
    4c2a:	ef 90       	pop	r14
    4c2c:	08 95       	ret

00004c2e <App_updateCountdown>:

static uint8 App_updateCountdown(uint32 currentMs)
{
    4c2e:	ef 92       	push	r14
    4c30:	ff 92       	push	r15
    4c32:	0f 93       	push	r16
    4c34:	1f 93       	push	r17
    4c36:	df 93       	push	r29
    4c38:	cf 93       	push	r28
    4c3a:	cd b7       	in	r28, 0x3d	; 61
    4c3c:	de b7       	in	r29, 0x3e	; 62
    4c3e:	61 97       	sbiw	r28, 0x11	; 17
    4c40:	0f b6       	in	r0, 0x3f	; 63
    4c42:	f8 94       	cli
    4c44:	de bf       	out	0x3e, r29	; 62
    4c46:	0f be       	out	0x3f, r0	; 63
    4c48:	cd bf       	out	0x3d, r28	; 61
    4c4a:	69 87       	std	Y+9, r22	; 0x09
    4c4c:	7a 87       	std	Y+10, r23	; 0x0a
    4c4e:	8b 87       	std	Y+11, r24	; 0x0b
    4c50:	9c 87       	std	Y+12, r25	; 0x0c
    uint32 elapsed;
    uint32 totalSeconds;

    if (g_countdownRunning == 0U)
    4c52:	80 91 87 01 	lds	r24, 0x0187
    4c56:	88 23       	and	r24, r24
    4c58:	11 f4       	brne	.+4      	; 0x4c5e <App_updateCountdown+0x30>
    {
        return 0U;
    4c5a:	19 8a       	std	Y+17, r1	; 0x11
    4c5c:	c0 c0       	rjmp	.+384    	; 0x4dde <App_updateCountdown+0x1b0>
    }

    elapsed = currentMs - g_countdownBaseMs;
    4c5e:	20 91 82 01 	lds	r18, 0x0182
    4c62:	30 91 83 01 	lds	r19, 0x0183
    4c66:	40 91 84 01 	lds	r20, 0x0184
    4c6a:	50 91 85 01 	lds	r21, 0x0185
    4c6e:	89 85       	ldd	r24, Y+9	; 0x09
    4c70:	9a 85       	ldd	r25, Y+10	; 0x0a
    4c72:	ab 85       	ldd	r26, Y+11	; 0x0b
    4c74:	bc 85       	ldd	r27, Y+12	; 0x0c
    4c76:	82 1b       	sub	r24, r18
    4c78:	93 0b       	sbc	r25, r19
    4c7a:	a4 0b       	sbc	r26, r20
    4c7c:	b5 0b       	sbc	r27, r21
    4c7e:	8d 83       	std	Y+5, r24	; 0x05
    4c80:	9e 83       	std	Y+6, r25	; 0x06
    4c82:	af 83       	std	Y+7, r26	; 0x07
    4c84:	b8 87       	std	Y+8, r27	; 0x08
    if (elapsed < 1000UL)
    4c86:	8d 81       	ldd	r24, Y+5	; 0x05
    4c88:	9e 81       	ldd	r25, Y+6	; 0x06
    4c8a:	af 81       	ldd	r26, Y+7	; 0x07
    4c8c:	b8 85       	ldd	r27, Y+8	; 0x08
    4c8e:	88 3e       	cpi	r24, 0xE8	; 232
    4c90:	03 e0       	ldi	r16, 0x03	; 3
    4c92:	90 07       	cpc	r25, r16
    4c94:	00 e0       	ldi	r16, 0x00	; 0
    4c96:	a0 07       	cpc	r26, r16
    4c98:	00 e0       	ldi	r16, 0x00	; 0
    4c9a:	b0 07       	cpc	r27, r16
    4c9c:	10 f4       	brcc	.+4      	; 0x4ca2 <App_updateCountdown+0x74>
    {
        return 0U;
    4c9e:	19 8a       	std	Y+17, r1	; 0x11
    4ca0:	9e c0       	rjmp	.+316    	; 0x4dde <App_updateCountdown+0x1b0>
    }

    totalSeconds = App_timeToSeconds(&g_countdownPreset);
    4ca2:	8b e1       	ldi	r24, 0x1B	; 27
    4ca4:	91 e0       	ldi	r25, 0x01	; 1
    4ca6:	0e 94 f8 1c 	call	0x39f0	; 0x39f0 <App_timeToSeconds>
    4caa:	dc 01       	movw	r26, r24
    4cac:	cb 01       	movw	r24, r22
    4cae:	89 83       	std	Y+1, r24	; 0x01
    4cb0:	9a 83       	std	Y+2, r25	; 0x02
    4cb2:	ab 83       	std	Y+3, r26	; 0x03
    4cb4:	bc 83       	std	Y+4, r27	; 0x04
    totalSeconds = (elapsed / 1000UL >= totalSeconds) ? 0UL : (totalSeconds - (elapsed / 1000UL));
    4cb6:	8d 81       	ldd	r24, Y+5	; 0x05
    4cb8:	9e 81       	ldd	r25, Y+6	; 0x06
    4cba:	af 81       	ldd	r26, Y+7	; 0x07
    4cbc:	b8 85       	ldd	r27, Y+8	; 0x08
    4cbe:	28 ee       	ldi	r18, 0xE8	; 232
    4cc0:	33 e0       	ldi	r19, 0x03	; 3
    4cc2:	40 e0       	ldi	r20, 0x00	; 0
    4cc4:	50 e0       	ldi	r21, 0x00	; 0
    4cc6:	bc 01       	movw	r22, r24
    4cc8:	cd 01       	movw	r24, r26
    4cca:	0e 94 96 2c 	call	0x592c	; 0x592c <__udivmodsi4>
    4cce:	da 01       	movw	r26, r20
    4cd0:	c9 01       	movw	r24, r18
    4cd2:	9c 01       	movw	r18, r24
    4cd4:	ad 01       	movw	r20, r26
    4cd6:	89 81       	ldd	r24, Y+1	; 0x01
    4cd8:	9a 81       	ldd	r25, Y+2	; 0x02
    4cda:	ab 81       	ldd	r26, Y+3	; 0x03
    4cdc:	bc 81       	ldd	r27, Y+4	; 0x04
    4cde:	28 17       	cp	r18, r24
    4ce0:	39 07       	cpc	r19, r25
    4ce2:	4a 07       	cpc	r20, r26
    4ce4:	5b 07       	cpc	r21, r27
    4ce6:	f8 f4       	brcc	.+62     	; 0x4d26 <App_updateCountdown+0xf8>
    4ce8:	8d 81       	ldd	r24, Y+5	; 0x05
    4cea:	9e 81       	ldd	r25, Y+6	; 0x06
    4cec:	af 81       	ldd	r26, Y+7	; 0x07
    4cee:	b8 85       	ldd	r27, Y+8	; 0x08
    4cf0:	28 ee       	ldi	r18, 0xE8	; 232
    4cf2:	33 e0       	ldi	r19, 0x03	; 3
    4cf4:	40 e0       	ldi	r20, 0x00	; 0
    4cf6:	50 e0       	ldi	r21, 0x00	; 0
    4cf8:	bc 01       	movw	r22, r24
    4cfa:	cd 01       	movw	r24, r26
    4cfc:	0e 94 96 2c 	call	0x592c	; 0x592c <__udivmodsi4>
    4d00:	da 01       	movw	r26, r20
    4d02:	c9 01       	movw	r24, r18
    4d04:	9c 01       	movw	r18, r24
    4d06:	ad 01       	movw	r20, r26
    4d08:	89 81       	ldd	r24, Y+1	; 0x01
    4d0a:	9a 81       	ldd	r25, Y+2	; 0x02
    4d0c:	ab 81       	ldd	r26, Y+3	; 0x03
    4d0e:	bc 81       	ldd	r27, Y+4	; 0x04
    4d10:	7c 01       	movw	r14, r24
    4d12:	8d 01       	movw	r16, r26
    4d14:	e2 1a       	sub	r14, r18
    4d16:	f3 0a       	sbc	r15, r19
    4d18:	04 0b       	sbc	r16, r20
    4d1a:	15 0b       	sbc	r17, r21
    4d1c:	ed 86       	std	Y+13, r14	; 0x0d
    4d1e:	fe 86       	std	Y+14, r15	; 0x0e
    4d20:	0f 87       	std	Y+15, r16	; 0x0f
    4d22:	18 8b       	std	Y+16, r17	; 0x10
    4d24:	04 c0       	rjmp	.+8      	; 0x4d2e <App_updateCountdown+0x100>
    4d26:	1d 86       	std	Y+13, r1	; 0x0d
    4d28:	1e 86       	std	Y+14, r1	; 0x0e
    4d2a:	1f 86       	std	Y+15, r1	; 0x0f
    4d2c:	18 8a       	std	Y+16, r1	; 0x10
    4d2e:	8d 85       	ldd	r24, Y+13	; 0x0d
    4d30:	9e 85       	ldd	r25, Y+14	; 0x0e
    4d32:	af 85       	ldd	r26, Y+15	; 0x0f
    4d34:	b8 89       	ldd	r27, Y+16	; 0x10
    4d36:	89 83       	std	Y+1, r24	; 0x01
    4d38:	9a 83       	std	Y+2, r25	; 0x02
    4d3a:	ab 83       	std	Y+3, r26	; 0x03
    4d3c:	bc 83       	std	Y+4, r27	; 0x04
    App_secondsToCountdown(totalSeconds, &g_countdownPreset);
    4d3e:	89 81       	ldd	r24, Y+1	; 0x01
    4d40:	9a 81       	ldd	r25, Y+2	; 0x02
    4d42:	ab 81       	ldd	r26, Y+3	; 0x03
    4d44:	bc 81       	ldd	r27, Y+4	; 0x04
    4d46:	2b e1       	ldi	r18, 0x1B	; 27
    4d48:	31 e0       	ldi	r19, 0x01	; 1
    4d4a:	bc 01       	movw	r22, r24
    4d4c:	cd 01       	movw	r24, r26
    4d4e:	a9 01       	movw	r20, r18
    4d50:	0e 94 41 1d 	call	0x3a82	; 0x3a82 <App_secondsToCountdown>
    g_countdownBaseMs = currentMs - (elapsed % 1000UL);
    4d54:	8d 81       	ldd	r24, Y+5	; 0x05
    4d56:	9e 81       	ldd	r25, Y+6	; 0x06
    4d58:	af 81       	ldd	r26, Y+7	; 0x07
    4d5a:	b8 85       	ldd	r27, Y+8	; 0x08
    4d5c:	28 ee       	ldi	r18, 0xE8	; 232
    4d5e:	33 e0       	ldi	r19, 0x03	; 3
    4d60:	40 e0       	ldi	r20, 0x00	; 0
    4d62:	50 e0       	ldi	r21, 0x00	; 0
    4d64:	bc 01       	movw	r22, r24
    4d66:	cd 01       	movw	r24, r26
    4d68:	0e 94 96 2c 	call	0x592c	; 0x592c <__udivmodsi4>
    4d6c:	dc 01       	movw	r26, r24
    4d6e:	cb 01       	movw	r24, r22
    4d70:	9c 01       	movw	r18, r24
    4d72:	ad 01       	movw	r20, r26
    4d74:	89 85       	ldd	r24, Y+9	; 0x09
    4d76:	9a 85       	ldd	r25, Y+10	; 0x0a
    4d78:	ab 85       	ldd	r26, Y+11	; 0x0b
    4d7a:	bc 85       	ldd	r27, Y+12	; 0x0c
    4d7c:	82 1b       	sub	r24, r18
    4d7e:	93 0b       	sbc	r25, r19
    4d80:	a4 0b       	sbc	r26, r20
    4d82:	b5 0b       	sbc	r27, r21
    4d84:	80 93 82 01 	sts	0x0182, r24
    4d88:	90 93 83 01 	sts	0x0183, r25
    4d8c:	a0 93 84 01 	sts	0x0184, r26
    4d90:	b0 93 85 01 	sts	0x0185, r27

    if (totalSeconds == 0UL)
    4d94:	89 81       	ldd	r24, Y+1	; 0x01
    4d96:	9a 81       	ldd	r25, Y+2	; 0x02
    4d98:	ab 81       	ldd	r26, Y+3	; 0x03
    4d9a:	bc 81       	ldd	r27, Y+4	; 0x04
    4d9c:	00 97       	sbiw	r24, 0x00	; 0
    4d9e:	a1 05       	cpc	r26, r1
    4da0:	b1 05       	cpc	r27, r1
    4da2:	d9 f4       	brne	.+54     	; 0x4dda <App_updateCountdown+0x1ac>
    {
        g_countdownRunning = 0U;
    4da4:	10 92 87 01 	sts	0x0187, r1
        if (g_buzzerSource == BUZZER_SOURCE_NONE)
    4da8:	80 91 7a 01 	lds	r24, 0x017A
    4dac:	88 23       	and	r24, r24
    4dae:	a9 f4       	brne	.+42     	; 0x4dda <App_updateCountdown+0x1ac>
        {
            g_buzzerSource = BUZZER_SOURCE_COUNTDOWN;
    4db0:	82 e0       	ldi	r24, 0x02	; 2
    4db2:	80 93 7a 01 	sts	0x017A, r24
            g_buzzerStopAtMs = currentMs + 2000UL;
    4db6:	89 85       	ldd	r24, Y+9	; 0x09
    4db8:	9a 85       	ldd	r25, Y+10	; 0x0a
    4dba:	ab 85       	ldd	r26, Y+11	; 0x0b
    4dbc:	bc 85       	ldd	r27, Y+12	; 0x0c
    4dbe:	80 53       	subi	r24, 0x30	; 48
    4dc0:	98 4f       	sbci	r25, 0xF8	; 248
    4dc2:	af 4f       	sbci	r26, 0xFF	; 255
    4dc4:	bf 4f       	sbci	r27, 0xFF	; 255
    4dc6:	80 93 88 01 	sts	0x0188, r24
    4dca:	90 93 89 01 	sts	0x0189, r25
    4dce:	a0 93 8a 01 	sts	0x018A, r26
    4dd2:	b0 93 8b 01 	sts	0x018B, r27
            Buzzer_start();
    4dd6:	0e 94 01 14 	call	0x2802	; 0x2802 <Buzzer_start>
        }
    }

    return 1U;
    4dda:	91 e0       	ldi	r25, 0x01	; 1
    4ddc:	99 8b       	std	Y+17, r25	; 0x11
    4dde:	89 89       	ldd	r24, Y+17	; 0x11
}
    4de0:	61 96       	adiw	r28, 0x11	; 17
    4de2:	0f b6       	in	r0, 0x3f	; 63
    4de4:	f8 94       	cli
    4de6:	de bf       	out	0x3e, r29	; 62
    4de8:	0f be       	out	0x3f, r0	; 63
    4dea:	cd bf       	out	0x3d, r28	; 61
    4dec:	cf 91       	pop	r28
    4dee:	df 91       	pop	r29
    4df0:	1f 91       	pop	r17
    4df2:	0f 91       	pop	r16
    4df4:	ff 90       	pop	r15
    4df6:	ef 90       	pop	r14
    4df8:	08 95       	ret

00004dfa <App_handleMainKeys>:

static void App_handleMainKeys(char key)
{
    4dfa:	df 93       	push	r29
    4dfc:	cf 93       	push	r28
    4dfe:	cd b7       	in	r28, 0x3d	; 61
    4e00:	de b7       	in	r29, 0x3e	; 62
    4e02:	62 97       	sbiw	r28, 0x12	; 18
    4e04:	0f b6       	in	r0, 0x3f	; 63
    4e06:	f8 94       	cli
    4e08:	de bf       	out	0x3e, r29	; 62
    4e0a:	0f be       	out	0x3f, r0	; 63
    4e0c:	cd bf       	out	0x3d, r28	; 61
    4e0e:	89 83       	std	Y+1, r24	; 0x01
    if (App_handleEditNavigation(key) != 0U)
    4e10:	89 81       	ldd	r24, Y+1	; 0x01
    4e12:	0e 94 97 16 	call	0x2d2e	; 0x2d2e <App_handleEditNavigation>
    4e16:	88 23       	and	r24, r24
    4e18:	09 f0       	breq	.+2      	; 0x4e1c <App_handleMainKeys+0x22>
    4e1a:	fd c1       	rjmp	.+1018   	; 0x5216 <App_handleMainKeys+0x41c>
    {
        return;
    }

    if (App_handleEditStep(key) != 0U)
    4e1c:	89 81       	ldd	r24, Y+1	; 0x01
    4e1e:	0e 94 ec 16 	call	0x2dd8	; 0x2dd8 <App_handleEditStep>
    4e22:	88 23       	and	r24, r24
    4e24:	09 f0       	breq	.+2      	; 0x4e28 <App_handleMainKeys+0x2e>
    4e26:	f7 c1       	rjmp	.+1006   	; 0x5216 <App_handleMainKeys+0x41c>
    {
        return;
    }

    if (App_handleNumericEdit(key) != 0U)
    4e28:	89 81       	ldd	r24, Y+1	; 0x01
    4e2a:	0e 94 1a 19 	call	0x3234	; 0x3234 <App_handleNumericEdit>
    4e2e:	88 23       	and	r24, r24
    4e30:	09 f0       	breq	.+2      	; 0x4e34 <App_handleMainKeys+0x3a>
    4e32:	f1 c1       	rjmp	.+994    	; 0x5216 <App_handleMainKeys+0x41c>
    {
        return;
    }

    switch (g_mode)
    4e34:	80 91 72 01 	lds	r24, 0x0172
    4e38:	28 2f       	mov	r18, r24
    4e3a:	30 e0       	ldi	r19, 0x00	; 0
    4e3c:	3b 83       	std	Y+3, r19	; 0x03
    4e3e:	2a 83       	std	Y+2, r18	; 0x02
    4e40:	8a 81       	ldd	r24, Y+2	; 0x02
    4e42:	9b 81       	ldd	r25, Y+3	; 0x03
    4e44:	83 30       	cpi	r24, 0x03	; 3
    4e46:	91 05       	cpc	r25, r1
    4e48:	09 f4       	brne	.+2      	; 0x4e4c <App_handleMainKeys+0x52>
    4e4a:	0a c1       	rjmp	.+532    	; 0x5060 <App_handleMainKeys+0x266>
    4e4c:	ea 81       	ldd	r30, Y+2	; 0x02
    4e4e:	fb 81       	ldd	r31, Y+3	; 0x03
    4e50:	e4 30       	cpi	r30, 0x04	; 4
    4e52:	f1 05       	cpc	r31, r1
    4e54:	8c f4       	brge	.+34     	; 0x4e78 <App_handleMainKeys+0x7e>
    4e56:	2a 81       	ldd	r18, Y+2	; 0x02
    4e58:	3b 81       	ldd	r19, Y+3	; 0x03
    4e5a:	21 30       	cpi	r18, 0x01	; 1
    4e5c:	31 05       	cpc	r19, r1
    4e5e:	09 f4       	brne	.+2      	; 0x4e62 <App_handleMainKeys+0x68>
    4e60:	9d c0       	rjmp	.+314    	; 0x4f9c <App_handleMainKeys+0x1a2>
    4e62:	8a 81       	ldd	r24, Y+2	; 0x02
    4e64:	9b 81       	ldd	r25, Y+3	; 0x03
    4e66:	82 30       	cpi	r24, 0x02	; 2
    4e68:	91 05       	cpc	r25, r1
    4e6a:	0c f0       	brlt	.+2      	; 0x4e6e <App_handleMainKeys+0x74>
    4e6c:	c8 c0       	rjmp	.+400    	; 0x4ffe <App_handleMainKeys+0x204>
    4e6e:	ea 81       	ldd	r30, Y+2	; 0x02
    4e70:	fb 81       	ldd	r31, Y+3	; 0x03
    4e72:	30 97       	sbiw	r30, 0x00	; 0
    4e74:	d1 f0       	breq	.+52     	; 0x4eaa <App_handleMainKeys+0xb0>
    4e76:	c6 c1       	rjmp	.+908    	; 0x5204 <App_handleMainKeys+0x40a>
    4e78:	2a 81       	ldd	r18, Y+2	; 0x02
    4e7a:	3b 81       	ldd	r19, Y+3	; 0x03
    4e7c:	25 30       	cpi	r18, 0x05	; 5
    4e7e:	31 05       	cpc	r19, r1
    4e80:	09 f4       	brne	.+2      	; 0x4e84 <App_handleMainKeys+0x8a>
    4e82:	7d c1       	rjmp	.+762    	; 0x517e <App_handleMainKeys+0x384>
    4e84:	8a 81       	ldd	r24, Y+2	; 0x02
    4e86:	9b 81       	ldd	r25, Y+3	; 0x03
    4e88:	85 30       	cpi	r24, 0x05	; 5
    4e8a:	91 05       	cpc	r25, r1
    4e8c:	0c f4       	brge	.+2      	; 0x4e90 <App_handleMainKeys+0x96>
    4e8e:	5c c1       	rjmp	.+696    	; 0x5148 <App_handleMainKeys+0x34e>
    4e90:	ea 81       	ldd	r30, Y+2	; 0x02
    4e92:	fb 81       	ldd	r31, Y+3	; 0x03
    4e94:	e6 30       	cpi	r30, 0x06	; 6
    4e96:	f1 05       	cpc	r31, r1
    4e98:	09 f4       	brne	.+2      	; 0x4e9c <App_handleMainKeys+0xa2>
    4e9a:	8b c1       	rjmp	.+790    	; 0x51b2 <App_handleMainKeys+0x3b8>
    4e9c:	2a 81       	ldd	r18, Y+2	; 0x02
    4e9e:	3b 81       	ldd	r19, Y+3	; 0x03
    4ea0:	27 30       	cpi	r18, 0x07	; 7
    4ea2:	31 05       	cpc	r19, r1
    4ea4:	09 f4       	brne	.+2      	; 0x4ea8 <App_handleMainKeys+0xae>
    4ea6:	9a c1       	rjmp	.+820    	; 0x51dc <App_handleMainKeys+0x3e2>
    4ea8:	ad c1       	rjmp	.+858    	; 0x5204 <App_handleMainKeys+0x40a>
    {
    case APP_MODE_CLOCK:
        if (key == 'A')
    4eaa:	89 81       	ldd	r24, Y+1	; 0x01
    4eac:	81 34       	cpi	r24, 0x41	; 65
    4eae:	19 f4       	brne	.+6      	; 0x4eb6 <App_handleMainKeys+0xbc>
        {
            App_cycleMode();
    4eb0:	0e 94 f7 23 	call	0x47ee	; 0x47ee <App_cycleMode>
    4eb4:	a7 c1       	rjmp	.+846    	; 0x5204 <App_handleMainKeys+0x40a>
        }
        else if (key == 'B')
    4eb6:	89 81       	ldd	r24, Y+1	; 0x01
    4eb8:	82 34       	cpi	r24, 0x42	; 66
    4eba:	a9 f4       	brne	.+42     	; 0x4ee6 <App_handleMainKeys+0xec>
        {
            g_alarmEnabled ^= 1U;
    4ebc:	90 91 78 01 	lds	r25, 0x0178
    4ec0:	81 e0       	ldi	r24, 0x01	; 1
    4ec2:	89 27       	eor	r24, r25
    4ec4:	80 93 78 01 	sts	0x0178, r24
            if (g_alarmEnabled == 0U)
    4ec8:	80 91 78 01 	lds	r24, 0x0178
    4ecc:	88 23       	and	r24, r24
    4ece:	41 f4       	brne	.+16     	; 0x4ee0 <App_handleMainKeys+0xe6>
            {
                g_alarmTriggeredToday = 0U;
    4ed0:	10 92 79 01 	sts	0x0179, r1
                if (g_buzzerSource == BUZZER_SOURCE_ALARM)
    4ed4:	80 91 7a 01 	lds	r24, 0x017A
    4ed8:	81 30       	cpi	r24, 0x01	; 1
    4eda:	11 f4       	brne	.+4      	; 0x4ee0 <App_handleMainKeys+0xe6>
                {
                    App_stopBuzzer();
    4edc:	0e 94 62 25 	call	0x4ac4	; 0x4ac4 <App_stopBuzzer>
                }
            }
            App_markScreenDirty();
    4ee0:	0e 94 32 14 	call	0x2864	; 0x2864 <App_markScreenDirty>
    4ee4:	8f c1       	rjmp	.+798    	; 0x5204 <App_handleMainKeys+0x40a>
        }
        else if (key == 'D')
    4ee6:	89 81       	ldd	r24, Y+1	; 0x01
    4ee8:	84 34       	cpi	r24, 0x44	; 68
    4eea:	51 f5       	brne	.+84     	; 0x4f40 <App_handleMainKeys+0x146>
        {
            g_returnMode = APP_MODE_CLOCK;
    4eec:	10 92 73 01 	sts	0x0173, r1
            g_setTime = g_currentTime;
    4ef0:	87 e0       	ldi	r24, 0x07	; 7
    4ef2:	91 e0       	ldi	r25, 0x01	; 1
    4ef4:	9d 83       	std	Y+5, r25	; 0x05
    4ef6:	8c 83       	std	Y+4, r24	; 0x04
    4ef8:	ef ef       	ldi	r30, 0xFF	; 255
    4efa:	f0 e0       	ldi	r31, 0x00	; 0
    4efc:	ff 83       	std	Y+7, r31	; 0x07
    4efe:	ee 83       	std	Y+6, r30	; 0x06
    4f00:	f8 e0       	ldi	r31, 0x08	; 8
    4f02:	f8 87       	std	Y+8, r31	; 0x08
    4f04:	ee 81       	ldd	r30, Y+6	; 0x06
    4f06:	ff 81       	ldd	r31, Y+7	; 0x07
    4f08:	00 80       	ld	r0, Z
    4f0a:	2e 81       	ldd	r18, Y+6	; 0x06
    4f0c:	3f 81       	ldd	r19, Y+7	; 0x07
    4f0e:	2f 5f       	subi	r18, 0xFF	; 255
    4f10:	3f 4f       	sbci	r19, 0xFF	; 255
    4f12:	3f 83       	std	Y+7, r19	; 0x07
    4f14:	2e 83       	std	Y+6, r18	; 0x06
    4f16:	ec 81       	ldd	r30, Y+4	; 0x04
    4f18:	fd 81       	ldd	r31, Y+5	; 0x05
    4f1a:	00 82       	st	Z, r0
    4f1c:	2c 81       	ldd	r18, Y+4	; 0x04
    4f1e:	3d 81       	ldd	r19, Y+5	; 0x05
    4f20:	2f 5f       	subi	r18, 0xFF	; 255
    4f22:	3f 4f       	sbci	r19, 0xFF	; 255
    4f24:	3d 83       	std	Y+5, r19	; 0x05
    4f26:	2c 83       	std	Y+4, r18	; 0x04
    4f28:	38 85       	ldd	r19, Y+8	; 0x08
    4f2a:	31 50       	subi	r19, 0x01	; 1
    4f2c:	38 87       	std	Y+8, r19	; 0x08
    4f2e:	88 85       	ldd	r24, Y+8	; 0x08
    4f30:	88 23       	and	r24, r24
    4f32:	41 f7       	brne	.-48     	; 0x4f04 <App_handleMainKeys+0x10a>
            g_rtcError = 0U;
    4f34:	10 92 98 01 	sts	0x0198, r1
            App_enterMode(APP_MODE_SET_TIME);
    4f38:	84 e0       	ldi	r24, 0x04	; 4
    4f3a:	0e 94 d3 23 	call	0x47a6	; 0x47a6 <App_enterMode>
    4f3e:	62 c1       	rjmp	.+708    	; 0x5204 <App_handleMainKeys+0x40a>
        }
        else if (key == '#')
    4f40:	89 81       	ldd	r24, Y+1	; 0x01
    4f42:	83 32       	cpi	r24, 0x23	; 35
    4f44:	09 f0       	breq	.+2      	; 0x4f48 <App_handleMainKeys+0x14e>
    4f46:	5e c1       	rjmp	.+700    	; 0x5204 <App_handleMainKeys+0x40a>
        {
            g_returnMode = APP_MODE_CLOCK;
    4f48:	10 92 73 01 	sts	0x0173, r1
            g_setDate = g_currentTime;
    4f4c:	ef e0       	ldi	r30, 0x0F	; 15
    4f4e:	f1 e0       	ldi	r31, 0x01	; 1
    4f50:	fa 87       	std	Y+10, r31	; 0x0a
    4f52:	e9 87       	std	Y+9, r30	; 0x09
    4f54:	2f ef       	ldi	r18, 0xFF	; 255
    4f56:	30 e0       	ldi	r19, 0x00	; 0
    4f58:	3c 87       	std	Y+12, r19	; 0x0c
    4f5a:	2b 87       	std	Y+11, r18	; 0x0b
    4f5c:	38 e0       	ldi	r19, 0x08	; 8
    4f5e:	3d 87       	std	Y+13, r19	; 0x0d
    4f60:	eb 85       	ldd	r30, Y+11	; 0x0b
    4f62:	fc 85       	ldd	r31, Y+12	; 0x0c
    4f64:	00 80       	ld	r0, Z
    4f66:	2b 85       	ldd	r18, Y+11	; 0x0b
    4f68:	3c 85       	ldd	r19, Y+12	; 0x0c
    4f6a:	2f 5f       	subi	r18, 0xFF	; 255
    4f6c:	3f 4f       	sbci	r19, 0xFF	; 255
    4f6e:	3c 87       	std	Y+12, r19	; 0x0c
    4f70:	2b 87       	std	Y+11, r18	; 0x0b
    4f72:	e9 85       	ldd	r30, Y+9	; 0x09
    4f74:	fa 85       	ldd	r31, Y+10	; 0x0a
    4f76:	00 82       	st	Z, r0
    4f78:	29 85       	ldd	r18, Y+9	; 0x09
    4f7a:	3a 85       	ldd	r19, Y+10	; 0x0a
    4f7c:	2f 5f       	subi	r18, 0xFF	; 255
    4f7e:	3f 4f       	sbci	r19, 0xFF	; 255
    4f80:	3a 87       	std	Y+10, r19	; 0x0a
    4f82:	29 87       	std	Y+9, r18	; 0x09
    4f84:	3d 85       	ldd	r19, Y+13	; 0x0d
    4f86:	31 50       	subi	r19, 0x01	; 1
    4f88:	3d 87       	std	Y+13, r19	; 0x0d
    4f8a:	8d 85       	ldd	r24, Y+13	; 0x0d
    4f8c:	88 23       	and	r24, r24
    4f8e:	41 f7       	brne	.-48     	; 0x4f60 <App_handleMainKeys+0x166>
            g_rtcError = 0U;
    4f90:	10 92 98 01 	sts	0x0198, r1
            App_enterMode(APP_MODE_SET_DATE);
    4f94:	85 e0       	ldi	r24, 0x05	; 5
    4f96:	0e 94 d3 23 	call	0x47a6	; 0x47a6 <App_enterMode>
    4f9a:	34 c1       	rjmp	.+616    	; 0x5204 <App_handleMainKeys+0x40a>
        }
        break;

    case APP_MODE_ALARM:
        if (key == 'A')
    4f9c:	89 81       	ldd	r24, Y+1	; 0x01
    4f9e:	81 34       	cpi	r24, 0x41	; 65
    4fa0:	19 f4       	brne	.+6      	; 0x4fa8 <App_handleMainKeys+0x1ae>
        {
            App_cycleMode();
    4fa2:	0e 94 f7 23 	call	0x47ee	; 0x47ee <App_cycleMode>
    4fa6:	2e c1       	rjmp	.+604    	; 0x5204 <App_handleMainKeys+0x40a>
        }
        else if (key == 'B')
    4fa8:	89 81       	ldd	r24, Y+1	; 0x01
    4faa:	82 34       	cpi	r24, 0x42	; 66
    4fac:	a9 f4       	brne	.+42     	; 0x4fd8 <App_handleMainKeys+0x1de>
        {
            g_alarmEnabled ^= 1U;
    4fae:	90 91 78 01 	lds	r25, 0x0178
    4fb2:	81 e0       	ldi	r24, 0x01	; 1
    4fb4:	89 27       	eor	r24, r25
    4fb6:	80 93 78 01 	sts	0x0178, r24
            if (g_alarmEnabled == 0U)
    4fba:	80 91 78 01 	lds	r24, 0x0178
    4fbe:	88 23       	and	r24, r24
    4fc0:	41 f4       	brne	.+16     	; 0x4fd2 <App_handleMainKeys+0x1d8>
            {
                g_alarmTriggeredToday = 0U;
    4fc2:	10 92 79 01 	sts	0x0179, r1
                if (g_buzzerSource == BUZZER_SOURCE_ALARM)
    4fc6:	80 91 7a 01 	lds	r24, 0x017A
    4fca:	81 30       	cpi	r24, 0x01	; 1
    4fcc:	11 f4       	brne	.+4      	; 0x4fd2 <App_handleMainKeys+0x1d8>
                {
                    App_stopBuzzer();
    4fce:	0e 94 62 25 	call	0x4ac4	; 0x4ac4 <App_stopBuzzer>
                }
            }
            App_markScreenDirty();
    4fd2:	0e 94 32 14 	call	0x2864	; 0x2864 <App_markScreenDirty>
    4fd6:	16 c1       	rjmp	.+556    	; 0x5204 <App_handleMainKeys+0x40a>
        }
        else if (key == 'D')
    4fd8:	89 81       	ldd	r24, Y+1	; 0x01
    4fda:	84 34       	cpi	r24, 0x44	; 68
    4fdc:	09 f0       	breq	.+2      	; 0x4fe0 <App_handleMainKeys+0x1e6>
    4fde:	12 c1       	rjmp	.+548    	; 0x5204 <App_handleMainKeys+0x40a>
        {
            g_returnMode = APP_MODE_ALARM;
    4fe0:	81 e0       	ldi	r24, 0x01	; 1
    4fe2:	80 93 73 01 	sts	0x0173, r24
            g_alarmEdit = g_alarm;
    4fe6:	80 91 17 01 	lds	r24, 0x0117
    4fea:	90 91 18 01 	lds	r25, 0x0118
    4fee:	90 93 1a 01 	sts	0x011A, r25
    4ff2:	80 93 19 01 	sts	0x0119, r24
            App_enterMode(APP_MODE_EDIT_ALARM);
    4ff6:	86 e0       	ldi	r24, 0x06	; 6
    4ff8:	0e 94 d3 23 	call	0x47a6	; 0x47a6 <App_enterMode>
    4ffc:	03 c1       	rjmp	.+518    	; 0x5204 <App_handleMainKeys+0x40a>
        }
        break;

    case APP_MODE_STOPWATCH:
        if (key == 'A')
    4ffe:	89 81       	ldd	r24, Y+1	; 0x01
    5000:	81 34       	cpi	r24, 0x41	; 65
    5002:	19 f4       	brne	.+6      	; 0x500a <App_handleMainKeys+0x210>
        {
            App_cycleMode();
    5004:	0e 94 f7 23 	call	0x47ee	; 0x47ee <App_cycleMode>
    5008:	fd c0       	rjmp	.+506    	; 0x5204 <App_handleMainKeys+0x40a>
        }
        else if (key == 'B')
    500a:	89 81       	ldd	r24, Y+1	; 0x01
    500c:	82 34       	cpi	r24, 0x42	; 66
    500e:	c9 f4       	brne	.+50     	; 0x5042 <App_handleMainKeys+0x248>
        {
            if (g_stopwatchRunning == 0U)
    5010:	80 91 86 01 	lds	r24, 0x0186
    5014:	88 23       	and	r24, r24
    5016:	81 f4       	brne	.+32     	; 0x5038 <App_handleMainKeys+0x23e>
            {
                g_stopwatchRunning = 1U;
    5018:	81 e0       	ldi	r24, 0x01	; 1
    501a:	80 93 86 01 	sts	0x0186, r24
                g_stopwatchBaseMs = Timer0_getMillis();
    501e:	0e 94 03 08 	call	0x1006	; 0x1006 <Timer0_getMillis>
    5022:	dc 01       	movw	r26, r24
    5024:	cb 01       	movw	r24, r22
    5026:	80 93 7e 01 	sts	0x017E, r24
    502a:	90 93 7f 01 	sts	0x017F, r25
    502e:	a0 93 80 01 	sts	0x0180, r26
    5032:	b0 93 81 01 	sts	0x0181, r27
    5036:	02 c0       	rjmp	.+4      	; 0x503c <App_handleMainKeys+0x242>
            }
            else
            {
                g_stopwatchRunning = 0U;
    5038:	10 92 86 01 	sts	0x0186, r1
            }

            App_markScreenDirty();
    503c:	0e 94 32 14 	call	0x2864	; 0x2864 <App_markScreenDirty>
    5040:	e1 c0       	rjmp	.+450    	; 0x5204 <App_handleMainKeys+0x40a>
        }
        else if (key == 'D')
    5042:	89 81       	ldd	r24, Y+1	; 0x01
    5044:	84 34       	cpi	r24, 0x44	; 68
    5046:	09 f0       	breq	.+2      	; 0x504a <App_handleMainKeys+0x250>
    5048:	dd c0       	rjmp	.+442    	; 0x5204 <App_handleMainKeys+0x40a>
        {
            g_stopwatchRunning = 0U;
    504a:	10 92 86 01 	sts	0x0186, r1
            g_stopwatch.hour = 0U;
    504e:	10 92 7b 01 	sts	0x017B, r1
            g_stopwatch.minute = 0U;
    5052:	10 92 7c 01 	sts	0x017C, r1
            g_stopwatch.second = 0U;
    5056:	10 92 7d 01 	sts	0x017D, r1
            App_markScreenDirty();
    505a:	0e 94 32 14 	call	0x2864	; 0x2864 <App_markScreenDirty>
    505e:	d2 c0       	rjmp	.+420    	; 0x5204 <App_handleMainKeys+0x40a>
        }
        break;

    case APP_MODE_COUNTDOWN:
        if (key == 'A')
    5060:	89 81       	ldd	r24, Y+1	; 0x01
    5062:	81 34       	cpi	r24, 0x41	; 65
    5064:	19 f4       	brne	.+6      	; 0x506c <App_handleMainKeys+0x272>
        {
            App_cycleMode();
    5066:	0e 94 f7 23 	call	0x47ee	; 0x47ee <App_cycleMode>
    506a:	cc c0       	rjmp	.+408    	; 0x5204 <App_handleMainKeys+0x40a>
        }
        else if (key == 'B')
    506c:	89 81       	ldd	r24, Y+1	; 0x01
    506e:	82 34       	cpi	r24, 0x42	; 66
    5070:	49 f5       	brne	.+82     	; 0x50c4 <App_handleMainKeys+0x2ca>
        {
            if (g_countdownRunning == 0U)
    5072:	80 91 87 01 	lds	r24, 0x0187
    5076:	88 23       	and	r24, r24
    5078:	01 f5       	brne	.+64     	; 0x50ba <App_handleMainKeys+0x2c0>
            {
                if (App_timeToSeconds(&g_countdownPreset) > 0UL)
    507a:	8b e1       	ldi	r24, 0x1B	; 27
    507c:	91 e0       	ldi	r25, 0x01	; 1
    507e:	0e 94 f8 1c 	call	0x39f0	; 0x39f0 <App_timeToSeconds>
    5082:	dc 01       	movw	r26, r24
    5084:	cb 01       	movw	r24, r22
    5086:	00 97       	sbiw	r24, 0x00	; 0
    5088:	a1 05       	cpc	r26, r1
    508a:	b1 05       	cpc	r27, r1
    508c:	c1 f0       	breq	.+48     	; 0x50be <App_handleMainKeys+0x2c4>
                {
                    g_countdownRunning = 1U;
    508e:	81 e0       	ldi	r24, 0x01	; 1
    5090:	80 93 87 01 	sts	0x0187, r24
                    g_countdownBaseMs = Timer0_getMillis();
    5094:	0e 94 03 08 	call	0x1006	; 0x1006 <Timer0_getMillis>
    5098:	dc 01       	movw	r26, r24
    509a:	cb 01       	movw	r24, r22
    509c:	80 93 82 01 	sts	0x0182, r24
    50a0:	90 93 83 01 	sts	0x0183, r25
    50a4:	a0 93 84 01 	sts	0x0184, r26
    50a8:	b0 93 85 01 	sts	0x0185, r27
                    if (g_buzzerSource == BUZZER_SOURCE_COUNTDOWN)
    50ac:	80 91 7a 01 	lds	r24, 0x017A
    50b0:	82 30       	cpi	r24, 0x02	; 2
    50b2:	29 f4       	brne	.+10     	; 0x50be <App_handleMainKeys+0x2c4>
                    {
                        App_stopBuzzer();
    50b4:	0e 94 62 25 	call	0x4ac4	; 0x4ac4 <App_stopBuzzer>
    50b8:	02 c0       	rjmp	.+4      	; 0x50be <App_handleMainKeys+0x2c4>
                    }
                }
            }
            else
            {
                g_countdownRunning = 0U;
    50ba:	10 92 87 01 	sts	0x0187, r1
            }

            App_markScreenDirty();
    50be:	0e 94 32 14 	call	0x2864	; 0x2864 <App_markScreenDirty>
    50c2:	a0 c0       	rjmp	.+320    	; 0x5204 <App_handleMainKeys+0x40a>
        }
        else if (key == 'D')
    50c4:	89 81       	ldd	r24, Y+1	; 0x01
    50c6:	84 34       	cpi	r24, 0x44	; 68
    50c8:	91 f4       	brne	.+36     	; 0x50ee <App_handleMainKeys+0x2f4>
        {
            g_countdownRunning = 0U;
    50ca:	10 92 87 01 	sts	0x0187, r1
            g_countdownPreset.hour = 0U;
    50ce:	10 92 1b 01 	sts	0x011B, r1
            g_countdownPreset.minute = 1U;
    50d2:	81 e0       	ldi	r24, 0x01	; 1
    50d4:	80 93 1c 01 	sts	0x011C, r24
            g_countdownPreset.second = 0U;
    50d8:	10 92 1d 01 	sts	0x011D, r1
            if (g_buzzerSource == BUZZER_SOURCE_COUNTDOWN)
    50dc:	80 91 7a 01 	lds	r24, 0x017A
    50e0:	82 30       	cpi	r24, 0x02	; 2
    50e2:	11 f4       	brne	.+4      	; 0x50e8 <App_handleMainKeys+0x2ee>
            {
                App_stopBuzzer();
    50e4:	0e 94 62 25 	call	0x4ac4	; 0x4ac4 <App_stopBuzzer>
            }
            App_markScreenDirty();
    50e8:	0e 94 32 14 	call	0x2864	; 0x2864 <App_markScreenDirty>
    50ec:	8b c0       	rjmp	.+278    	; 0x5204 <App_handleMainKeys+0x40a>
        }
        else if (key == '#')
    50ee:	89 81       	ldd	r24, Y+1	; 0x01
    50f0:	83 32       	cpi	r24, 0x23	; 35
    50f2:	09 f0       	breq	.+2      	; 0x50f6 <App_handleMainKeys+0x2fc>
    50f4:	87 c0       	rjmp	.+270    	; 0x5204 <App_handleMainKeys+0x40a>
        {
            g_returnMode = APP_MODE_COUNTDOWN;
    50f6:	83 e0       	ldi	r24, 0x03	; 3
    50f8:	80 93 73 01 	sts	0x0173, r24
            g_countdownEdit = g_countdownPreset;
    50fc:	ee e1       	ldi	r30, 0x1E	; 30
    50fe:	f1 e0       	ldi	r31, 0x01	; 1
    5100:	ff 87       	std	Y+15, r31	; 0x0f
    5102:	ee 87       	std	Y+14, r30	; 0x0e
    5104:	2b e1       	ldi	r18, 0x1B	; 27
    5106:	31 e0       	ldi	r19, 0x01	; 1
    5108:	39 8b       	std	Y+17, r19	; 0x11
    510a:	28 8b       	std	Y+16, r18	; 0x10
    510c:	33 e0       	ldi	r19, 0x03	; 3
    510e:	3a 8b       	std	Y+18, r19	; 0x12
    5110:	e8 89       	ldd	r30, Y+16	; 0x10
    5112:	f9 89       	ldd	r31, Y+17	; 0x11
    5114:	00 80       	ld	r0, Z
    5116:	28 89       	ldd	r18, Y+16	; 0x10
    5118:	39 89       	ldd	r19, Y+17	; 0x11
    511a:	2f 5f       	subi	r18, 0xFF	; 255
    511c:	3f 4f       	sbci	r19, 0xFF	; 255
    511e:	39 8b       	std	Y+17, r19	; 0x11
    5120:	28 8b       	std	Y+16, r18	; 0x10
    5122:	ee 85       	ldd	r30, Y+14	; 0x0e
    5124:	ff 85       	ldd	r31, Y+15	; 0x0f
    5126:	00 82       	st	Z, r0
    5128:	2e 85       	ldd	r18, Y+14	; 0x0e
    512a:	3f 85       	ldd	r19, Y+15	; 0x0f
    512c:	2f 5f       	subi	r18, 0xFF	; 255
    512e:	3f 4f       	sbci	r19, 0xFF	; 255
    5130:	3f 87       	std	Y+15, r19	; 0x0f
    5132:	2e 87       	std	Y+14, r18	; 0x0e
    5134:	3a 89       	ldd	r19, Y+18	; 0x12
    5136:	31 50       	subi	r19, 0x01	; 1
    5138:	3a 8b       	std	Y+18, r19	; 0x12
    513a:	8a 89       	ldd	r24, Y+18	; 0x12
    513c:	88 23       	and	r24, r24
    513e:	41 f7       	brne	.-48     	; 0x5110 <App_handleMainKeys+0x316>
            App_enterMode(APP_MODE_EDIT_COUNTDOWN);
    5140:	87 e0       	ldi	r24, 0x07	; 7
    5142:	0e 94 d3 23 	call	0x47a6	; 0x47a6 <App_enterMode>
    5146:	5e c0       	rjmp	.+188    	; 0x5204 <App_handleMainKeys+0x40a>
        }
        break;

    case APP_MODE_SET_TIME:
        if (key == 'A')
    5148:	89 81       	ldd	r24, Y+1	; 0x01
    514a:	81 34       	cpi	r24, 0x41	; 65
    514c:	19 f4       	brne	.+6      	; 0x5154 <App_handleMainKeys+0x35a>
        {
            App_exitEditMode();
    514e:	0e 94 1d 24 	call	0x483a	; 0x483a <App_exitEditMode>
    5152:	58 c0       	rjmp	.+176    	; 0x5204 <App_handleMainKeys+0x40a>
        }
        else if (key == 'D')
    5154:	89 81       	ldd	r24, Y+1	; 0x01
    5156:	84 34       	cpi	r24, 0x44	; 68
    5158:	09 f0       	breq	.+2      	; 0x515c <App_handleMainKeys+0x362>
    515a:	54 c0       	rjmp	.+168    	; 0x5204 <App_handleMainKeys+0x40a>
        {
            if (App_isEditedValueValid() == 0U)
    515c:	0e 94 17 16 	call	0x2c2e	; 0x2c2e <App_isEditedValueValid>
    5160:	88 23       	and	r24, r24
    5162:	19 f4       	brne	.+6      	; 0x516a <App_handleMainKeys+0x370>
            {
                App_setInputError();
    5164:	0e 94 58 14 	call	0x28b0	; 0x28b0 <App_setInputError>
    5168:	4d c0       	rjmp	.+154    	; 0x5204 <App_handleMainKeys+0x40a>
            }
            else if (App_saveEditTime() != 0U)
    516a:	0e 94 2f 24 	call	0x485e	; 0x485e <App_saveEditTime>
    516e:	88 23       	and	r24, r24
    5170:	19 f0       	breq	.+6      	; 0x5178 <App_handleMainKeys+0x37e>
            {
                App_exitEditMode();
    5172:	0e 94 1d 24 	call	0x483a	; 0x483a <App_exitEditMode>
    5176:	46 c0       	rjmp	.+140    	; 0x5204 <App_handleMainKeys+0x40a>
            }
            else
            {
                App_markScreenDirty();
    5178:	0e 94 32 14 	call	0x2864	; 0x2864 <App_markScreenDirty>
    517c:	43 c0       	rjmp	.+134    	; 0x5204 <App_handleMainKeys+0x40a>
            }
        }
        break;

    case APP_MODE_SET_DATE:
        if (key == 'A')
    517e:	89 81       	ldd	r24, Y+1	; 0x01
    5180:	81 34       	cpi	r24, 0x41	; 65
    5182:	19 f4       	brne	.+6      	; 0x518a <App_handleMainKeys+0x390>
        {
            App_exitEditMode();
    5184:	0e 94 1d 24 	call	0x483a	; 0x483a <App_exitEditMode>
    5188:	3d c0       	rjmp	.+122    	; 0x5204 <App_handleMainKeys+0x40a>
        }
        else if (key == 'D')
    518a:	89 81       	ldd	r24, Y+1	; 0x01
    518c:	84 34       	cpi	r24, 0x44	; 68
    518e:	d1 f5       	brne	.+116    	; 0x5204 <App_handleMainKeys+0x40a>
        {
            if (App_isEditedValueValid() == 0U)
    5190:	0e 94 17 16 	call	0x2c2e	; 0x2c2e <App_isEditedValueValid>
    5194:	88 23       	and	r24, r24
    5196:	19 f4       	brne	.+6      	; 0x519e <App_handleMainKeys+0x3a4>
            {
                App_setInputError();
    5198:	0e 94 58 14 	call	0x28b0	; 0x28b0 <App_setInputError>
    519c:	33 c0       	rjmp	.+102    	; 0x5204 <App_handleMainKeys+0x40a>
            }
            else if (App_saveEditDate() != 0U)
    519e:	0e 94 7d 24 	call	0x48fa	; 0x48fa <App_saveEditDate>
    51a2:	88 23       	and	r24, r24
    51a4:	19 f0       	breq	.+6      	; 0x51ac <App_handleMainKeys+0x3b2>
            {
                App_exitEditMode();
    51a6:	0e 94 1d 24 	call	0x483a	; 0x483a <App_exitEditMode>
    51aa:	2c c0       	rjmp	.+88     	; 0x5204 <App_handleMainKeys+0x40a>
            }
            else
            {
                App_markScreenDirty();
    51ac:	0e 94 32 14 	call	0x2864	; 0x2864 <App_markScreenDirty>
    51b0:	29 c0       	rjmp	.+82     	; 0x5204 <App_handleMainKeys+0x40a>
            }
        }
        break;

    case APP_MODE_EDIT_ALARM:
        if (key == 'A')
    51b2:	89 81       	ldd	r24, Y+1	; 0x01
    51b4:	81 34       	cpi	r24, 0x41	; 65
    51b6:	19 f4       	brne	.+6      	; 0x51be <App_handleMainKeys+0x3c4>
        {
            App_exitEditMode();
    51b8:	0e 94 1d 24 	call	0x483a	; 0x483a <App_exitEditMode>
    51bc:	23 c0       	rjmp	.+70     	; 0x5204 <App_handleMainKeys+0x40a>
        }
        else if (key == 'D')
    51be:	89 81       	ldd	r24, Y+1	; 0x01
    51c0:	84 34       	cpi	r24, 0x44	; 68
    51c2:	01 f5       	brne	.+64     	; 0x5204 <App_handleMainKeys+0x40a>
        {
            if (App_isEditedValueValid() == 0U)
    51c4:	0e 94 17 16 	call	0x2c2e	; 0x2c2e <App_isEditedValueValid>
    51c8:	88 23       	and	r24, r24
    51ca:	19 f4       	brne	.+6      	; 0x51d2 <App_handleMainKeys+0x3d8>
            {
                App_setInputError();
    51cc:	0e 94 58 14 	call	0x28b0	; 0x28b0 <App_setInputError>
    51d0:	19 c0       	rjmp	.+50     	; 0x5204 <App_handleMainKeys+0x40a>
            }
            else
            {
                App_saveAlarm();
    51d2:	0e 94 cb 24 	call	0x4996	; 0x4996 <App_saveAlarm>
                App_exitEditMode();
    51d6:	0e 94 1d 24 	call	0x483a	; 0x483a <App_exitEditMode>
    51da:	14 c0       	rjmp	.+40     	; 0x5204 <App_handleMainKeys+0x40a>
            }
        }
        break;

    case APP_MODE_EDIT_COUNTDOWN:
        if (key == 'A')
    51dc:	89 81       	ldd	r24, Y+1	; 0x01
    51de:	81 34       	cpi	r24, 0x41	; 65
    51e0:	19 f4       	brne	.+6      	; 0x51e8 <App_handleMainKeys+0x3ee>
        {
            App_exitEditMode();
    51e2:	0e 94 1d 24 	call	0x483a	; 0x483a <App_exitEditMode>
    51e6:	0e c0       	rjmp	.+28     	; 0x5204 <App_handleMainKeys+0x40a>
        }
        else if (key == 'D')
    51e8:	89 81       	ldd	r24, Y+1	; 0x01
    51ea:	84 34       	cpi	r24, 0x44	; 68
    51ec:	59 f4       	brne	.+22     	; 0x5204 <App_handleMainKeys+0x40a>
        {
            if (App_isEditedValueValid() == 0U)
    51ee:	0e 94 17 16 	call	0x2c2e	; 0x2c2e <App_isEditedValueValid>
    51f2:	88 23       	and	r24, r24
    51f4:	19 f4       	brne	.+6      	; 0x51fc <App_handleMainKeys+0x402>
            {
                App_setInputError();
    51f6:	0e 94 58 14 	call	0x28b0	; 0x28b0 <App_setInputError>
    51fa:	04 c0       	rjmp	.+8      	; 0x5204 <App_handleMainKeys+0x40a>
            }
            else
            {
                App_saveCountdownPreset();
    51fc:	0e 94 e5 24 	call	0x49ca	; 0x49ca <App_saveCountdownPreset>
                App_exitEditMode();
    5200:	0e 94 1d 24 	call	0x483a	; 0x483a <App_exitEditMode>

    default:
        break;
    }

    if (key == 'D' && g_buzzerSource != BUZZER_SOURCE_NONE)
    5204:	89 81       	ldd	r24, Y+1	; 0x01
    5206:	84 34       	cpi	r24, 0x44	; 68
    5208:	31 f4       	brne	.+12     	; 0x5216 <App_handleMainKeys+0x41c>
    520a:	80 91 7a 01 	lds	r24, 0x017A
    520e:	88 23       	and	r24, r24
    5210:	11 f0       	breq	.+4      	; 0x5216 <App_handleMainKeys+0x41c>
    {
        App_stopBuzzer();
    5212:	0e 94 62 25 	call	0x4ac4	; 0x4ac4 <App_stopBuzzer>
    }
}
    5216:	62 96       	adiw	r28, 0x12	; 18
    5218:	0f b6       	in	r0, 0x3f	; 63
    521a:	f8 94       	cli
    521c:	de bf       	out	0x3e, r29	; 62
    521e:	0f be       	out	0x3f, r0	; 63
    5220:	cd bf       	out	0x3d, r28	; 61
    5222:	cf 91       	pop	r28
    5224:	df 91       	pop	r29
    5226:	08 95       	ret

00005228 <App_initDefaultDate>:

static void App_initDefaultDate(void)
{
    5228:	df 93       	push	r29
    522a:	cf 93       	push	r28
    522c:	00 d0       	rcall	.+0      	; 0x522e <App_initDefaultDate+0x6>
    522e:	00 d0       	rcall	.+0      	; 0x5230 <App_initDefaultDate+0x8>
    5230:	cd b7       	in	r28, 0x3d	; 61
    5232:	de b7       	in	r29, 0x3e	; 62
    static const char monthName[] = __DATE__;
    static const char timeName[] = __TIME__;
    uint8 dayValue;
    uint16 year;

    if (monthName[0] == 'J' && monthName[1] == 'a' && monthName[2] == 'n')
    5234:	80 91 5d 01 	lds	r24, 0x015D
    5238:	8a 34       	cpi	r24, 0x4A	; 74
    523a:	61 f4       	brne	.+24     	; 0x5254 <App_initDefaultDate+0x2c>
    523c:	80 91 5e 01 	lds	r24, 0x015E
    5240:	81 36       	cpi	r24, 0x61	; 97
    5242:	41 f4       	brne	.+16     	; 0x5254 <App_initDefaultDate+0x2c>
    5244:	80 91 5f 01 	lds	r24, 0x015F
    5248:	8e 36       	cpi	r24, 0x6E	; 110
    524a:	21 f4       	brne	.+8      	; 0x5254 <App_initDefaultDate+0x2c>
        g_currentTime.month = 1U;
    524c:	81 e0       	ldi	r24, 0x01	; 1
    524e:	80 93 04 01 	sts	0x0104, r24
    5252:	68 c0       	rjmp	.+208    	; 0x5324 <App_initDefaultDate+0xfc>
    else if (monthName[0] == 'F')
    5254:	80 91 5d 01 	lds	r24, 0x015D
    5258:	86 34       	cpi	r24, 0x46	; 70
    525a:	21 f4       	brne	.+8      	; 0x5264 <App_initDefaultDate+0x3c>
        g_currentTime.month = 2U;
    525c:	82 e0       	ldi	r24, 0x02	; 2
    525e:	80 93 04 01 	sts	0x0104, r24
    5262:	60 c0       	rjmp	.+192    	; 0x5324 <App_initDefaultDate+0xfc>
    else if (monthName[0] == 'M' && monthName[2] == 'r')
    5264:	80 91 5d 01 	lds	r24, 0x015D
    5268:	8d 34       	cpi	r24, 0x4D	; 77
    526a:	89 f4       	brne	.+34     	; 0x528e <App_initDefaultDate+0x66>
    526c:	80 91 5f 01 	lds	r24, 0x015F
    5270:	82 37       	cpi	r24, 0x72	; 114
    5272:	69 f4       	brne	.+26     	; 0x528e <App_initDefaultDate+0x66>
        g_currentTime.month = (monthName[1] == 'a') ? 3U : 5U;
    5274:	80 91 5e 01 	lds	r24, 0x015E
    5278:	81 36       	cpi	r24, 0x61	; 97
    527a:	19 f4       	brne	.+6      	; 0x5282 <App_initDefaultDate+0x5a>
    527c:	43 e0       	ldi	r20, 0x03	; 3
    527e:	4c 83       	std	Y+4, r20	; 0x04
    5280:	02 c0       	rjmp	.+4      	; 0x5286 <App_initDefaultDate+0x5e>
    5282:	55 e0       	ldi	r21, 0x05	; 5
    5284:	5c 83       	std	Y+4, r21	; 0x04
    5286:	6c 81       	ldd	r22, Y+4	; 0x04
    5288:	60 93 04 01 	sts	0x0104, r22
    528c:	4b c0       	rjmp	.+150    	; 0x5324 <App_initDefaultDate+0xfc>
    else if (monthName[0] == 'A' && monthName[1] == 'p')
    528e:	80 91 5d 01 	lds	r24, 0x015D
    5292:	81 34       	cpi	r24, 0x41	; 65
    5294:	41 f4       	brne	.+16     	; 0x52a6 <App_initDefaultDate+0x7e>
    5296:	80 91 5e 01 	lds	r24, 0x015E
    529a:	80 37       	cpi	r24, 0x70	; 112
    529c:	21 f4       	brne	.+8      	; 0x52a6 <App_initDefaultDate+0x7e>
        g_currentTime.month = 4U;
    529e:	84 e0       	ldi	r24, 0x04	; 4
    52a0:	80 93 04 01 	sts	0x0104, r24
    52a4:	3f c0       	rjmp	.+126    	; 0x5324 <App_initDefaultDate+0xfc>
    else if (monthName[0] == 'J' && monthName[2] == 'n')
    52a6:	80 91 5d 01 	lds	r24, 0x015D
    52aa:	8a 34       	cpi	r24, 0x4A	; 74
    52ac:	41 f4       	brne	.+16     	; 0x52be <App_initDefaultDate+0x96>
    52ae:	80 91 5f 01 	lds	r24, 0x015F
    52b2:	8e 36       	cpi	r24, 0x6E	; 110
    52b4:	21 f4       	brne	.+8      	; 0x52be <App_initDefaultDate+0x96>
        g_currentTime.month = 6U;
    52b6:	86 e0       	ldi	r24, 0x06	; 6
    52b8:	80 93 04 01 	sts	0x0104, r24
    52bc:	33 c0       	rjmp	.+102    	; 0x5324 <App_initDefaultDate+0xfc>
    else if (monthName[0] == 'J' && monthName[2] == 'l')
    52be:	80 91 5d 01 	lds	r24, 0x015D
    52c2:	8a 34       	cpi	r24, 0x4A	; 74
    52c4:	41 f4       	brne	.+16     	; 0x52d6 <App_initDefaultDate+0xae>
    52c6:	80 91 5f 01 	lds	r24, 0x015F
    52ca:	8c 36       	cpi	r24, 0x6C	; 108
    52cc:	21 f4       	brne	.+8      	; 0x52d6 <App_initDefaultDate+0xae>
        g_currentTime.month = 7U;
    52ce:	87 e0       	ldi	r24, 0x07	; 7
    52d0:	80 93 04 01 	sts	0x0104, r24
    52d4:	27 c0       	rjmp	.+78     	; 0x5324 <App_initDefaultDate+0xfc>
    else if (monthName[0] == 'A' && monthName[1] == 'u')
    52d6:	80 91 5d 01 	lds	r24, 0x015D
    52da:	81 34       	cpi	r24, 0x41	; 65
    52dc:	41 f4       	brne	.+16     	; 0x52ee <App_initDefaultDate+0xc6>
    52de:	80 91 5e 01 	lds	r24, 0x015E
    52e2:	85 37       	cpi	r24, 0x75	; 117
    52e4:	21 f4       	brne	.+8      	; 0x52ee <App_initDefaultDate+0xc6>
        g_currentTime.month = 8U;
    52e6:	88 e0       	ldi	r24, 0x08	; 8
    52e8:	80 93 04 01 	sts	0x0104, r24
    52ec:	1b c0       	rjmp	.+54     	; 0x5324 <App_initDefaultDate+0xfc>
    else if (monthName[0] == 'S')
    52ee:	80 91 5d 01 	lds	r24, 0x015D
    52f2:	83 35       	cpi	r24, 0x53	; 83
    52f4:	21 f4       	brne	.+8      	; 0x52fe <App_initDefaultDate+0xd6>
        g_currentTime.month = 9U;
    52f6:	89 e0       	ldi	r24, 0x09	; 9
    52f8:	80 93 04 01 	sts	0x0104, r24
    52fc:	13 c0       	rjmp	.+38     	; 0x5324 <App_initDefaultDate+0xfc>
    else if (monthName[0] == 'O')
    52fe:	80 91 5d 01 	lds	r24, 0x015D
    5302:	8f 34       	cpi	r24, 0x4F	; 79
    5304:	21 f4       	brne	.+8      	; 0x530e <App_initDefaultDate+0xe6>
        g_currentTime.month = 10U;
    5306:	8a e0       	ldi	r24, 0x0A	; 10
    5308:	80 93 04 01 	sts	0x0104, r24
    530c:	0b c0       	rjmp	.+22     	; 0x5324 <App_initDefaultDate+0xfc>
    else if (monthName[0] == 'N')
    530e:	80 91 5d 01 	lds	r24, 0x015D
    5312:	8e 34       	cpi	r24, 0x4E	; 78
    5314:	21 f4       	brne	.+8      	; 0x531e <App_initDefaultDate+0xf6>
        g_currentTime.month = 11U;
    5316:	8b e0       	ldi	r24, 0x0B	; 11
    5318:	80 93 04 01 	sts	0x0104, r24
    531c:	03 c0       	rjmp	.+6      	; 0x5324 <App_initDefaultDate+0xfc>
    else
        g_currentTime.month = 12U;
    531e:	8c e0       	ldi	r24, 0x0C	; 12
    5320:	80 93 04 01 	sts	0x0104, r24

    if (monthName[4] == ' ')
    5324:	80 91 61 01 	lds	r24, 0x0161
    5328:	80 32       	cpi	r24, 0x20	; 32
    532a:	29 f4       	brne	.+10     	; 0x5336 <App_initDefaultDate+0x10e>
    {
        dayValue = (uint8)(monthName[5] - '0');
    532c:	80 91 62 01 	lds	r24, 0x0162
    5330:	80 53       	subi	r24, 0x30	; 48
    5332:	8b 83       	std	Y+3, r24	; 0x03
    5334:	14 c0       	rjmp	.+40     	; 0x535e <App_initDefaultDate+0x136>
    }
    else
    {
        dayValue = (uint8)(((monthName[4] - '0') * 10U) + (monthName[5] - '0'));
    5336:	80 91 61 01 	lds	r24, 0x0161
    533a:	88 2f       	mov	r24, r24
    533c:	90 e0       	ldi	r25, 0x00	; 0
    533e:	9c 01       	movw	r18, r24
    5340:	22 0f       	add	r18, r18
    5342:	33 1f       	adc	r19, r19
    5344:	c9 01       	movw	r24, r18
    5346:	88 0f       	add	r24, r24
    5348:	99 1f       	adc	r25, r25
    534a:	88 0f       	add	r24, r24
    534c:	99 1f       	adc	r25, r25
    534e:	82 0f       	add	r24, r18
    5350:	93 1f       	adc	r25, r19
    5352:	98 2f       	mov	r25, r24
    5354:	80 91 62 01 	lds	r24, 0x0162
    5358:	89 0f       	add	r24, r25
    535a:	80 51       	subi	r24, 0x10	; 16
    535c:	8b 83       	std	Y+3, r24	; 0x03
    }

    g_currentTime.date = dayValue;
    535e:	8b 81       	ldd	r24, Y+3	; 0x03
    5360:	80 93 03 01 	sts	0x0103, r24
    year = (uint16)(((monthName[7] - '0') * 1000U) + ((monthName[8] - '0') * 100U) + ((monthName[9] - '0') * 10U) + (monthName[10] - '0'));
    5364:	80 91 65 01 	lds	r24, 0x0165
    5368:	28 2f       	mov	r18, r24
    536a:	30 e0       	ldi	r19, 0x00	; 0
    536c:	84 e6       	ldi	r24, 0x64	; 100
    536e:	90 e0       	ldi	r25, 0x00	; 0
    5370:	ac 01       	movw	r20, r24
    5372:	24 9f       	mul	r18, r20
    5374:	c0 01       	movw	r24, r0
    5376:	25 9f       	mul	r18, r21
    5378:	90 0d       	add	r25, r0
    537a:	34 9f       	mul	r19, r20
    537c:	90 0d       	add	r25, r0
    537e:	11 24       	eor	r1, r1
    5380:	ac 01       	movw	r20, r24
    5382:	80 91 64 01 	lds	r24, 0x0164
    5386:	88 2f       	mov	r24, r24
    5388:	90 e0       	ldi	r25, 0x00	; 0
    538a:	c0 97       	sbiw	r24, 0x30	; 48
    538c:	9c 01       	movw	r18, r24
    538e:	88 ee       	ldi	r24, 0xE8	; 232
    5390:	93 e0       	ldi	r25, 0x03	; 3
    5392:	bc 01       	movw	r22, r24
    5394:	26 9f       	mul	r18, r22
    5396:	c0 01       	movw	r24, r0
    5398:	27 9f       	mul	r18, r23
    539a:	90 0d       	add	r25, r0
    539c:	36 9f       	mul	r19, r22
    539e:	90 0d       	add	r25, r0
    53a0:	11 24       	eor	r1, r1
    53a2:	48 0f       	add	r20, r24
    53a4:	59 1f       	adc	r21, r25
    53a6:	80 91 66 01 	lds	r24, 0x0166
    53aa:	88 2f       	mov	r24, r24
    53ac:	90 e0       	ldi	r25, 0x00	; 0
    53ae:	9c 01       	movw	r18, r24
    53b0:	22 0f       	add	r18, r18
    53b2:	33 1f       	adc	r19, r19
    53b4:	c9 01       	movw	r24, r18
    53b6:	88 0f       	add	r24, r24
    53b8:	99 1f       	adc	r25, r25
    53ba:	88 0f       	add	r24, r24
    53bc:	99 1f       	adc	r25, r25
    53be:	82 0f       	add	r24, r18
    53c0:	93 1f       	adc	r25, r19
    53c2:	9a 01       	movw	r18, r20
    53c4:	28 0f       	add	r18, r24
    53c6:	39 1f       	adc	r19, r25
    53c8:	80 91 67 01 	lds	r24, 0x0167
    53cc:	88 2f       	mov	r24, r24
    53ce:	90 e0       	ldi	r25, 0x00	; 0
    53d0:	82 0f       	add	r24, r18
    53d2:	93 1f       	adc	r25, r19
    53d4:	80 5d       	subi	r24, 0xD0	; 208
    53d6:	94 41       	sbci	r25, 0x14	; 20
    53d8:	9a 83       	std	Y+2, r25	; 0x02
    53da:	89 83       	std	Y+1, r24	; 0x01

    g_currentTime.year = year;
    53dc:	89 81       	ldd	r24, Y+1	; 0x01
    53de:	9a 81       	ldd	r25, Y+2	; 0x02
    53e0:	90 93 06 01 	sts	0x0106, r25
    53e4:	80 93 05 01 	sts	0x0105, r24
    g_currentTime.hour = (uint8)(((timeName[0] - '0') * 10U) + (timeName[1] - '0'));
    53e8:	80 91 54 01 	lds	r24, 0x0154
    53ec:	88 2f       	mov	r24, r24
    53ee:	90 e0       	ldi	r25, 0x00	; 0
    53f0:	9c 01       	movw	r18, r24
    53f2:	22 0f       	add	r18, r18
    53f4:	33 1f       	adc	r19, r19
    53f6:	c9 01       	movw	r24, r18
    53f8:	88 0f       	add	r24, r24
    53fa:	99 1f       	adc	r25, r25
    53fc:	88 0f       	add	r24, r24
    53fe:	99 1f       	adc	r25, r25
    5400:	82 0f       	add	r24, r18
    5402:	93 1f       	adc	r25, r19
    5404:	98 2f       	mov	r25, r24
    5406:	80 91 55 01 	lds	r24, 0x0155
    540a:	89 0f       	add	r24, r25
    540c:	80 51       	subi	r24, 0x10	; 16
    540e:	80 93 01 01 	sts	0x0101, r24
    g_currentTime.minute = (uint8)(((timeName[3] - '0') * 10U) + (timeName[4] - '0'));
    5412:	80 91 57 01 	lds	r24, 0x0157
    5416:	88 2f       	mov	r24, r24
    5418:	90 e0       	ldi	r25, 0x00	; 0
    541a:	9c 01       	movw	r18, r24
    541c:	22 0f       	add	r18, r18
    541e:	33 1f       	adc	r19, r19
    5420:	c9 01       	movw	r24, r18
    5422:	88 0f       	add	r24, r24
    5424:	99 1f       	adc	r25, r25
    5426:	88 0f       	add	r24, r24
    5428:	99 1f       	adc	r25, r25
    542a:	82 0f       	add	r24, r18
    542c:	93 1f       	adc	r25, r19
    542e:	98 2f       	mov	r25, r24
    5430:	80 91 58 01 	lds	r24, 0x0158
    5434:	89 0f       	add	r24, r25
    5436:	80 51       	subi	r24, 0x10	; 16
    5438:	80 93 00 01 	sts	0x0100, r24
    g_currentTime.second = (uint8)(((timeName[6] - '0') * 10U) + (timeName[7] - '0'));
    543c:	80 91 5a 01 	lds	r24, 0x015A
    5440:	88 2f       	mov	r24, r24
    5442:	90 e0       	ldi	r25, 0x00	; 0
    5444:	9c 01       	movw	r18, r24
    5446:	22 0f       	add	r18, r18
    5448:	33 1f       	adc	r19, r19
    544a:	c9 01       	movw	r24, r18
    544c:	88 0f       	add	r24, r24
    544e:	99 1f       	adc	r25, r25
    5450:	88 0f       	add	r24, r24
    5452:	99 1f       	adc	r25, r25
    5454:	82 0f       	add	r24, r18
    5456:	93 1f       	adc	r25, r19
    5458:	98 2f       	mov	r25, r24
    545a:	80 91 5b 01 	lds	r24, 0x015B
    545e:	89 0f       	add	r24, r25
    5460:	80 51       	subi	r24, 0x10	; 16
    5462:	80 93 ff 00 	sts	0x00FF, r24
    g_currentTime.dayOfWeek = App_dayOfWeek(g_currentTime.year, g_currentTime.month, g_currentTime.date);
    5466:	80 91 05 01 	lds	r24, 0x0105
    546a:	90 91 06 01 	lds	r25, 0x0106
    546e:	20 91 04 01 	lds	r18, 0x0104
    5472:	30 91 03 01 	lds	r19, 0x0103
    5476:	62 2f       	mov	r22, r18
    5478:	43 2f       	mov	r20, r19
    547a:	0e 94 a7 1c 	call	0x394e	; 0x394e <App_dayOfWeek>
    547e:	80 93 02 01 	sts	0x0102, r24
}
    5482:	0f 90       	pop	r0
    5484:	0f 90       	pop	r0
    5486:	0f 90       	pop	r0
    5488:	0f 90       	pop	r0
    548a:	cf 91       	pop	r28
    548c:	df 91       	pop	r29
    548e:	08 95       	ret

00005490 <RTC_APP_init>:

void RTC_APP_init(void)
{
    5490:	df 93       	push	r29
    5492:	cf 93       	push	r28
    5494:	cd b7       	in	r28, 0x3d	; 61
    5496:	de b7       	in	r29, 0x3e	; 62
    5498:	68 97       	sbiw	r28, 0x18	; 24
    549a:	0f b6       	in	r0, 0x3f	; 63
    549c:	f8 94       	cli
    549e:	de bf       	out	0x3e, r29	; 62
    54a0:	0f be       	out	0x3f, r0	; 63
    54a2:	cd bf       	out	0x3d, r28	; 61
    uint8 oscillatorStopped = 0U;
    54a4:	19 82       	std	Y+1, r1	; 0x01
    Ds3231DateTime rtcTime;

    LCD_init();
    54a6:	0e 94 8b 0f 	call	0x1f16	; 0x1f16 <LCD_init>
    Keypad_init();
    54aa:	0e 94 a2 13 	call	0x2744	; 0x2744 <Keypad_init>
    Buzzer_init();
    54ae:	0e 94 ec 13 	call	0x27d8	; 0x27d8 <Buzzer_init>
    Ds3231_init();
    54b2:	0e 94 91 0a 	call	0x1522	; 0x1522 <Ds3231_init>
    Timer0_init1ms();
    54b6:	0e 94 d2 07 	call	0xfa4	; 0xfa4 <Timer0_init1ms>

    App_initDefaultDate();
    54ba:	0e 94 14 29 	call	0x5228	; 0x5228 <App_initDefaultDate>

    if ((Ds3231_isOscillatorStopped(&oscillatorStopped) != 0U) && (oscillatorStopped != 0U))
    54be:	ce 01       	movw	r24, r28
    54c0:	01 96       	adiw	r24, 0x01	; 1
    54c2:	0e 94 e6 0b 	call	0x17cc	; 0x17cc <Ds3231_isOscillatorStopped>
    54c6:	88 23       	and	r24, r24
    54c8:	49 f0       	breq	.+18     	; 0x54dc <RTC_APP_init+0x4c>
    54ca:	89 81       	ldd	r24, Y+1	; 0x01
    54cc:	88 23       	and	r24, r24
    54ce:	31 f0       	breq	.+12     	; 0x54dc <RTC_APP_init+0x4c>
    {
        (void)Ds3231_setDateTime(&g_currentTime);
    54d0:	8f ef       	ldi	r24, 0xFF	; 255
    54d2:	90 e0       	ldi	r25, 0x00	; 0
    54d4:	0e 94 5c 0b 	call	0x16b8	; 0x16b8 <Ds3231_setDateTime>
        (void)Ds3231_clearOscillatorStop();
    54d8:	0e 94 2a 0c 	call	0x1854	; 0x1854 <Ds3231_clearOscillatorStop>
    }

    if ((Ds3231_getDateTime(&rtcTime) != 0U) && (App_isValidDateTime(&rtcTime) != 0U))
    54dc:	ce 01       	movw	r24, r28
    54de:	02 96       	adiw	r24, 0x02	; 2
    54e0:	0e 94 9e 0a 	call	0x153c	; 0x153c <Ds3231_getDateTime>
    54e4:	88 23       	and	r24, r24
    54e6:	31 f1       	breq	.+76     	; 0x5534 <RTC_APP_init+0xa4>
    54e8:	ce 01       	movw	r24, r28
    54ea:	02 96       	adiw	r24, 0x02	; 2
    54ec:	0e 94 54 1c 	call	0x38a8	; 0x38a8 <App_isValidDateTime>
    54f0:	88 23       	and	r24, r24
    54f2:	01 f1       	breq	.+64     	; 0x5534 <RTC_APP_init+0xa4>
    {
        g_currentTime = rtcTime;
    54f4:	8f ef       	ldi	r24, 0xFF	; 255
    54f6:	90 e0       	ldi	r25, 0x00	; 0
    54f8:	9b 87       	std	Y+11, r25	; 0x0b
    54fa:	8a 87       	std	Y+10, r24	; 0x0a
    54fc:	fe 01       	movw	r30, r28
    54fe:	32 96       	adiw	r30, 0x02	; 2
    5500:	fd 87       	std	Y+13, r31	; 0x0d
    5502:	ec 87       	std	Y+12, r30	; 0x0c
    5504:	f8 e0       	ldi	r31, 0x08	; 8
    5506:	fe 87       	std	Y+14, r31	; 0x0e
    5508:	ec 85       	ldd	r30, Y+12	; 0x0c
    550a:	fd 85       	ldd	r31, Y+13	; 0x0d
    550c:	00 80       	ld	r0, Z
    550e:	8c 85       	ldd	r24, Y+12	; 0x0c
    5510:	9d 85       	ldd	r25, Y+13	; 0x0d
    5512:	01 96       	adiw	r24, 0x01	; 1
    5514:	9d 87       	std	Y+13, r25	; 0x0d
    5516:	8c 87       	std	Y+12, r24	; 0x0c
    5518:	ea 85       	ldd	r30, Y+10	; 0x0a
    551a:	fb 85       	ldd	r31, Y+11	; 0x0b
    551c:	00 82       	st	Z, r0
    551e:	8a 85       	ldd	r24, Y+10	; 0x0a
    5520:	9b 85       	ldd	r25, Y+11	; 0x0b
    5522:	01 96       	adiw	r24, 0x01	; 1
    5524:	9b 87       	std	Y+11, r25	; 0x0b
    5526:	8a 87       	std	Y+10, r24	; 0x0a
    5528:	9e 85       	ldd	r25, Y+14	; 0x0e
    552a:	91 50       	subi	r25, 0x01	; 1
    552c:	9e 87       	std	Y+14, r25	; 0x0e
    552e:	ee 85       	ldd	r30, Y+14	; 0x0e
    5530:	ee 23       	and	r30, r30
    5532:	51 f7       	brne	.-44     	; 0x5508 <RTC_APP_init+0x78>
    }
    g_setTime = g_currentTime;
    5534:	87 e0       	ldi	r24, 0x07	; 7
    5536:	91 e0       	ldi	r25, 0x01	; 1
    5538:	98 8b       	std	Y+16, r25	; 0x10
    553a:	8f 87       	std	Y+15, r24	; 0x0f
    553c:	ef ef       	ldi	r30, 0xFF	; 255
    553e:	f0 e0       	ldi	r31, 0x00	; 0
    5540:	fa 8b       	std	Y+18, r31	; 0x12
    5542:	e9 8b       	std	Y+17, r30	; 0x11
    5544:	f8 e0       	ldi	r31, 0x08	; 8
    5546:	fb 8b       	std	Y+19, r31	; 0x13
    5548:	e9 89       	ldd	r30, Y+17	; 0x11
    554a:	fa 89       	ldd	r31, Y+18	; 0x12
    554c:	00 80       	ld	r0, Z
    554e:	89 89       	ldd	r24, Y+17	; 0x11
    5550:	9a 89       	ldd	r25, Y+18	; 0x12
    5552:	01 96       	adiw	r24, 0x01	; 1
    5554:	9a 8b       	std	Y+18, r25	; 0x12
    5556:	89 8b       	std	Y+17, r24	; 0x11
    5558:	ef 85       	ldd	r30, Y+15	; 0x0f
    555a:	f8 89       	ldd	r31, Y+16	; 0x10
    555c:	00 82       	st	Z, r0
    555e:	8f 85       	ldd	r24, Y+15	; 0x0f
    5560:	98 89       	ldd	r25, Y+16	; 0x10
    5562:	01 96       	adiw	r24, 0x01	; 1
    5564:	98 8b       	std	Y+16, r25	; 0x10
    5566:	8f 87       	std	Y+15, r24	; 0x0f
    5568:	9b 89       	ldd	r25, Y+19	; 0x13
    556a:	91 50       	subi	r25, 0x01	; 1
    556c:	9b 8b       	std	Y+19, r25	; 0x13
    556e:	eb 89       	ldd	r30, Y+19	; 0x13
    5570:	ee 23       	and	r30, r30
    5572:	51 f7       	brne	.-44     	; 0x5548 <RTC_APP_init+0xb8>
    g_setDate = g_currentTime;
    5574:	8f e0       	ldi	r24, 0x0F	; 15
    5576:	91 e0       	ldi	r25, 0x01	; 1
    5578:	9d 8b       	std	Y+21, r25	; 0x15
    557a:	8c 8b       	std	Y+20, r24	; 0x14
    557c:	ef ef       	ldi	r30, 0xFF	; 255
    557e:	f0 e0       	ldi	r31, 0x00	; 0
    5580:	ff 8b       	std	Y+23, r31	; 0x17
    5582:	ee 8b       	std	Y+22, r30	; 0x16
    5584:	f8 e0       	ldi	r31, 0x08	; 8
    5586:	f8 8f       	std	Y+24, r31	; 0x18
    5588:	ee 89       	ldd	r30, Y+22	; 0x16
    558a:	ff 89       	ldd	r31, Y+23	; 0x17
    558c:	00 80       	ld	r0, Z
    558e:	8e 89       	ldd	r24, Y+22	; 0x16
    5590:	9f 89       	ldd	r25, Y+23	; 0x17
    5592:	01 96       	adiw	r24, 0x01	; 1
    5594:	9f 8b       	std	Y+23, r25	; 0x17
    5596:	8e 8b       	std	Y+22, r24	; 0x16
    5598:	ec 89       	ldd	r30, Y+20	; 0x14
    559a:	fd 89       	ldd	r31, Y+21	; 0x15
    559c:	00 82       	st	Z, r0
    559e:	8c 89       	ldd	r24, Y+20	; 0x14
    55a0:	9d 89       	ldd	r25, Y+21	; 0x15
    55a2:	01 96       	adiw	r24, 0x01	; 1
    55a4:	9d 8b       	std	Y+21, r25	; 0x15
    55a6:	8c 8b       	std	Y+20, r24	; 0x14
    55a8:	98 8d       	ldd	r25, Y+24	; 0x18
    55aa:	91 50       	subi	r25, 0x01	; 1
    55ac:	98 8f       	std	Y+24, r25	; 0x18
    55ae:	e8 8d       	ldd	r30, Y+24	; 0x18
    55b0:	ee 23       	and	r30, r30
    55b2:	51 f7       	brne	.-44     	; 0x5588 <RTC_APP_init+0xf8>
    g_alarm.hour = (uint8)((g_currentTime.hour + 1U) % 24U);
    55b4:	80 91 01 01 	lds	r24, 0x0101
    55b8:	88 2f       	mov	r24, r24
    55ba:	90 e0       	ldi	r25, 0x00	; 0
    55bc:	01 96       	adiw	r24, 0x01	; 1
    55be:	28 e1       	ldi	r18, 0x18	; 24
    55c0:	30 e0       	ldi	r19, 0x00	; 0
    55c2:	b9 01       	movw	r22, r18
    55c4:	0e 94 82 2c 	call	0x5904	; 0x5904 <__udivmodhi4>
    55c8:	80 93 17 01 	sts	0x0117, r24
    g_alarm.minute = g_currentTime.minute;
    55cc:	80 91 00 01 	lds	r24, 0x0100
    55d0:	80 93 18 01 	sts	0x0118, r24
    g_lastDisplayMs = 0U;
    55d4:	10 92 8c 01 	sts	0x018C, r1
    55d8:	10 92 8d 01 	sts	0x018D, r1
    55dc:	10 92 8e 01 	sts	0x018E, r1
    55e0:	10 92 8f 01 	sts	0x018F, r1
    g_lastRtcReadMs = 0U;
    55e4:	10 92 90 01 	sts	0x0190, r1
    55e8:	10 92 91 01 	sts	0x0191, r1
    55ec:	10 92 92 01 	sts	0x0192, r1
    55f0:	10 92 93 01 	sts	0x0193, r1
    g_lastCursorBlinkMs = 0U;
    55f4:	10 92 94 01 	sts	0x0194, r1
    55f8:	10 92 95 01 	sts	0x0195, r1
    55fc:	10 92 96 01 	sts	0x0196, r1
    5600:	10 92 97 01 	sts	0x0197, r1
    g_buzzerSource = BUZZER_SOURCE_NONE;
    5604:	10 92 7a 01 	sts	0x017A, r1
    g_buzzerStopAtMs = 0U;
    5608:	10 92 88 01 	sts	0x0188, r1
    560c:	10 92 89 01 	sts	0x0189, r1
    5610:	10 92 8a 01 	sts	0x018A, r1
    5614:	10 92 8b 01 	sts	0x018B, r1
    g_alarmEnabled = 0U;
    5618:	10 92 78 01 	sts	0x0178, r1
    g_alarmTriggeredToday = 0U;
    561c:	10 92 79 01 	sts	0x0179, r1
    Buzzer_stop();
    5620:	0e 94 19 14 	call	0x2832	; 0x2832 <Buzzer_stop>
    App_markScreenDirty();
    5624:	0e 94 32 14 	call	0x2864	; 0x2864 <App_markScreenDirty>

    App_showCurrentScreen();
    5628:	0e 94 72 23 	call	0x46e4	; 0x46e4 <App_showCurrentScreen>
}
    562c:	68 96       	adiw	r28, 0x18	; 24
    562e:	0f b6       	in	r0, 0x3f	; 63
    5630:	f8 94       	cli
    5632:	de bf       	out	0x3e, r29	; 62
    5634:	0f be       	out	0x3f, r0	; 63
    5636:	cd bf       	out	0x3d, r28	; 61
    5638:	cf 91       	pop	r28
    563a:	df 91       	pop	r29
    563c:	08 95       	ret

0000563e <RTC_APP_task>:

void RTC_APP_task(void)
{
    563e:	ef 92       	push	r14
    5640:	ff 92       	push	r15
    5642:	0f 93       	push	r16
    5644:	1f 93       	push	r17
    5646:	df 93       	push	r29
    5648:	cf 93       	push	r28
    564a:	cd b7       	in	r28, 0x3d	; 61
    564c:	de b7       	in	r29, 0x3e	; 62
    564e:	62 97       	sbiw	r28, 0x12	; 18
    5650:	0f b6       	in	r0, 0x3f	; 63
    5652:	f8 94       	cli
    5654:	de bf       	out	0x3e, r29	; 62
    5656:	0f be       	out	0x3f, r0	; 63
    5658:	cd bf       	out	0x3d, r28	; 61
    uint32 now = Timer0_getMillis();
    565a:	0e 94 03 08 	call	0x1006	; 0x1006 <Timer0_getMillis>
    565e:	dc 01       	movw	r26, r24
    5660:	cb 01       	movw	r24, r22
    5662:	8a 83       	std	Y+2, r24	; 0x02
    5664:	9b 83       	std	Y+3, r25	; 0x03
    5666:	ac 83       	std	Y+4, r26	; 0x04
    5668:	bd 83       	std	Y+5, r27	; 0x05
    char key = Keypad_getKey();
    566a:	0e 94 b1 13 	call	0x2762	; 0x2762 <Keypad_getKey>
    566e:	89 83       	std	Y+1, r24	; 0x01

    if ((g_inputError != 0U) && ((uint32)(now - g_inputErrorStartedAtMs) >= 2000UL))
    5670:	80 91 99 01 	lds	r24, 0x0199
    5674:	88 23       	and	r24, r24
    5676:	01 f1       	breq	.+64     	; 0x56b8 <RTC_APP_task+0x7a>
    5678:	80 91 9a 01 	lds	r24, 0x019A
    567c:	90 91 9b 01 	lds	r25, 0x019B
    5680:	a0 91 9c 01 	lds	r26, 0x019C
    5684:	b0 91 9d 01 	lds	r27, 0x019D
    5688:	2a 81       	ldd	r18, Y+2	; 0x02
    568a:	3b 81       	ldd	r19, Y+3	; 0x03
    568c:	4c 81       	ldd	r20, Y+4	; 0x04
    568e:	5d 81       	ldd	r21, Y+5	; 0x05
    5690:	79 01       	movw	r14, r18
    5692:	8a 01       	movw	r16, r20
    5694:	e8 1a       	sub	r14, r24
    5696:	f9 0a       	sbc	r15, r25
    5698:	0a 0b       	sbc	r16, r26
    569a:	1b 0b       	sbc	r17, r27
    569c:	d8 01       	movw	r26, r16
    569e:	c7 01       	movw	r24, r14
    56a0:	80 3d       	cpi	r24, 0xD0	; 208
    56a2:	07 e0       	ldi	r16, 0x07	; 7
    56a4:	90 07       	cpc	r25, r16
    56a6:	00 e0       	ldi	r16, 0x00	; 0
    56a8:	a0 07       	cpc	r26, r16
    56aa:	00 e0       	ldi	r16, 0x00	; 0
    56ac:	b0 07       	cpc	r27, r16
    56ae:	20 f0       	brcs	.+8      	; 0x56b8 <RTC_APP_task+0x7a>
    {
        g_inputError = 0U;
    56b0:	10 92 99 01 	sts	0x0199, r1
        App_markScreenDirty();
    56b4:	0e 94 32 14 	call	0x2864	; 0x2864 <App_markScreenDirty>
    }

    if (App_updateCountdown(now) != 0U)
    56b8:	8a 81       	ldd	r24, Y+2	; 0x02
    56ba:	9b 81       	ldd	r25, Y+3	; 0x03
    56bc:	ac 81       	ldd	r26, Y+4	; 0x04
    56be:	bd 81       	ldd	r27, Y+5	; 0x05
    56c0:	bc 01       	movw	r22, r24
    56c2:	cd 01       	movw	r24, r26
    56c4:	0e 94 17 26 	call	0x4c2e	; 0x4c2e <App_updateCountdown>
    56c8:	88 23       	and	r24, r24
    56ca:	11 f0       	breq	.+4      	; 0x56d0 <RTC_APP_task+0x92>
    {
        App_markScreenDirty();
    56cc:	0e 94 32 14 	call	0x2864	; 0x2864 <App_markScreenDirty>
    }

    if ((App_isEditMode(g_mode) != 0U) && ((now - g_lastCursorBlinkMs) >= 500UL))
    56d0:	80 91 72 01 	lds	r24, 0x0172
    56d4:	0e 94 3c 14 	call	0x2878	; 0x2878 <App_isEditMode>
    56d8:	88 23       	and	r24, r24
    56da:	81 f1       	breq	.+96     	; 0x573c <RTC_APP_task+0xfe>
    56dc:	80 91 94 01 	lds	r24, 0x0194
    56e0:	90 91 95 01 	lds	r25, 0x0195
    56e4:	a0 91 96 01 	lds	r26, 0x0196
    56e8:	b0 91 97 01 	lds	r27, 0x0197
    56ec:	2a 81       	ldd	r18, Y+2	; 0x02
    56ee:	3b 81       	ldd	r19, Y+3	; 0x03
    56f0:	4c 81       	ldd	r20, Y+4	; 0x04
    56f2:	5d 81       	ldd	r21, Y+5	; 0x05
    56f4:	79 01       	movw	r14, r18
    56f6:	8a 01       	movw	r16, r20
    56f8:	e8 1a       	sub	r14, r24
    56fa:	f9 0a       	sbc	r15, r25
    56fc:	0a 0b       	sbc	r16, r26
    56fe:	1b 0b       	sbc	r17, r27
    5700:	d8 01       	movw	r26, r16
    5702:	c7 01       	movw	r24, r14
    5704:	84 3f       	cpi	r24, 0xF4	; 244
    5706:	01 e0       	ldi	r16, 0x01	; 1
    5708:	90 07       	cpc	r25, r16
    570a:	00 e0       	ldi	r16, 0x00	; 0
    570c:	a0 07       	cpc	r26, r16
    570e:	00 e0       	ldi	r16, 0x00	; 0
    5710:	b0 07       	cpc	r27, r16
    5712:	a0 f0       	brcs	.+40     	; 0x573c <RTC_APP_task+0xfe>
    {
        g_lastCursorBlinkMs = now;
    5714:	8a 81       	ldd	r24, Y+2	; 0x02
    5716:	9b 81       	ldd	r25, Y+3	; 0x03
    5718:	ac 81       	ldd	r26, Y+4	; 0x04
    571a:	bd 81       	ldd	r27, Y+5	; 0x05
    571c:	80 93 94 01 	sts	0x0194, r24
    5720:	90 93 95 01 	sts	0x0195, r25
    5724:	a0 93 96 01 	sts	0x0196, r26
    5728:	b0 93 97 01 	sts	0x0197, r27
        g_cursorVisible ^= 1U;
    572c:	90 91 23 01 	lds	r25, 0x0123
    5730:	81 e0       	ldi	r24, 0x01	; 1
    5732:	89 27       	eor	r24, r25
    5734:	80 93 23 01 	sts	0x0123, r24
        App_markScreenDirty();
    5738:	0e 94 32 14 	call	0x2864	; 0x2864 <App_markScreenDirty>
    }

    if ((now - g_lastRtcReadMs) >= 1000UL)
    573c:	80 91 90 01 	lds	r24, 0x0190
    5740:	90 91 91 01 	lds	r25, 0x0191
    5744:	a0 91 92 01 	lds	r26, 0x0192
    5748:	b0 91 93 01 	lds	r27, 0x0193
    574c:	2a 81       	ldd	r18, Y+2	; 0x02
    574e:	3b 81       	ldd	r19, Y+3	; 0x03
    5750:	4c 81       	ldd	r20, Y+4	; 0x04
    5752:	5d 81       	ldd	r21, Y+5	; 0x05
    5754:	79 01       	movw	r14, r18
    5756:	8a 01       	movw	r16, r20
    5758:	e8 1a       	sub	r14, r24
    575a:	f9 0a       	sbc	r15, r25
    575c:	0a 0b       	sbc	r16, r26
    575e:	1b 0b       	sbc	r17, r27
    5760:	d8 01       	movw	r26, r16
    5762:	c7 01       	movw	r24, r14
    5764:	88 3e       	cpi	r24, 0xE8	; 232
    5766:	03 e0       	ldi	r16, 0x03	; 3
    5768:	90 07       	cpc	r25, r16
    576a:	00 e0       	ldi	r16, 0x00	; 0
    576c:	a0 07       	cpc	r26, r16
    576e:	00 e0       	ldi	r16, 0x00	; 0
    5770:	b0 07       	cpc	r27, r16
    5772:	08 f4       	brcc	.+2      	; 0x5776 <RTC_APP_task+0x138>
    5774:	3e c0       	rjmp	.+124    	; 0x57f2 <RTC_APP_task+0x1b4>
    {
        Ds3231DateTime rtcTime;

        g_lastRtcReadMs = now;
    5776:	8a 81       	ldd	r24, Y+2	; 0x02
    5778:	9b 81       	ldd	r25, Y+3	; 0x03
    577a:	ac 81       	ldd	r26, Y+4	; 0x04
    577c:	bd 81       	ldd	r27, Y+5	; 0x05
    577e:	80 93 90 01 	sts	0x0190, r24
    5782:	90 93 91 01 	sts	0x0191, r25
    5786:	a0 93 92 01 	sts	0x0192, r26
    578a:	b0 93 93 01 	sts	0x0193, r27
        if ((Ds3231_getDateTime(&rtcTime) != 0U) && (App_isValidDateTime(&rtcTime) != 0U))
    578e:	ce 01       	movw	r24, r28
    5790:	06 96       	adiw	r24, 0x06	; 6
    5792:	0e 94 9e 0a 	call	0x153c	; 0x153c <Ds3231_getDateTime>
    5796:	88 23       	and	r24, r24
    5798:	61 f1       	breq	.+88     	; 0x57f2 <RTC_APP_task+0x1b4>
    579a:	ce 01       	movw	r24, r28
    579c:	06 96       	adiw	r24, 0x06	; 6
    579e:	0e 94 54 1c 	call	0x38a8	; 0x38a8 <App_isValidDateTime>
    57a2:	88 23       	and	r24, r24
    57a4:	31 f1       	breq	.+76     	; 0x57f2 <RTC_APP_task+0x1b4>
        {
            g_currentTime = rtcTime;
    57a6:	8f ef       	ldi	r24, 0xFF	; 255
    57a8:	90 e0       	ldi	r25, 0x00	; 0
    57aa:	9f 87       	std	Y+15, r25	; 0x0f
    57ac:	8e 87       	std	Y+14, r24	; 0x0e
    57ae:	fe 01       	movw	r30, r28
    57b0:	36 96       	adiw	r30, 0x06	; 6
    57b2:	f9 8b       	std	Y+17, r31	; 0x11
    57b4:	e8 8b       	std	Y+16, r30	; 0x10
    57b6:	f8 e0       	ldi	r31, 0x08	; 8
    57b8:	fa 8b       	std	Y+18, r31	; 0x12
    57ba:	e8 89       	ldd	r30, Y+16	; 0x10
    57bc:	f9 89       	ldd	r31, Y+17	; 0x11
    57be:	00 80       	ld	r0, Z
    57c0:	08 89       	ldd	r16, Y+16	; 0x10
    57c2:	19 89       	ldd	r17, Y+17	; 0x11
    57c4:	0f 5f       	subi	r16, 0xFF	; 255
    57c6:	1f 4f       	sbci	r17, 0xFF	; 255
    57c8:	19 8b       	std	Y+17, r17	; 0x11
    57ca:	08 8b       	std	Y+16, r16	; 0x10
    57cc:	ee 85       	ldd	r30, Y+14	; 0x0e
    57ce:	ff 85       	ldd	r31, Y+15	; 0x0f
    57d0:	00 82       	st	Z, r0
    57d2:	0e 85       	ldd	r16, Y+14	; 0x0e
    57d4:	1f 85       	ldd	r17, Y+15	; 0x0f
    57d6:	0f 5f       	subi	r16, 0xFF	; 255
    57d8:	1f 4f       	sbci	r17, 0xFF	; 255
    57da:	1f 87       	std	Y+15, r17	; 0x0f
    57dc:	0e 87       	std	Y+14, r16	; 0x0e
    57de:	1a 89       	ldd	r17, Y+18	; 0x12
    57e0:	11 50       	subi	r17, 0x01	; 1
    57e2:	1a 8b       	std	Y+18, r17	; 0x12
    57e4:	2a 89       	ldd	r18, Y+18	; 0x12
    57e6:	22 23       	and	r18, r18
    57e8:	41 f7       	brne	.-48     	; 0x57ba <RTC_APP_task+0x17c>
            App_startAlarmIfNeeded();
    57ea:	0e 94 1c 25 	call	0x4a38	; 0x4a38 <App_startAlarmIfNeeded>
            App_markScreenDirty();
    57ee:	0e 94 32 14 	call	0x2864	; 0x2864 <App_markScreenDirty>
        }
    }

    if (App_updateStopwatch(now) != 0U)
    57f2:	8a 81       	ldd	r24, Y+2	; 0x02
    57f4:	9b 81       	ldd	r25, Y+3	; 0x03
    57f6:	ac 81       	ldd	r26, Y+4	; 0x04
    57f8:	bd 81       	ldd	r27, Y+5	; 0x05
    57fa:	bc 01       	movw	r22, r24
    57fc:	cd 01       	movw	r24, r26
    57fe:	0e 94 75 25 	call	0x4aea	; 0x4aea <App_updateStopwatch>
    5802:	88 23       	and	r24, r24
    5804:	11 f0       	breq	.+4      	; 0x580a <RTC_APP_task+0x1cc>
    {
        App_markScreenDirty();
    5806:	0e 94 32 14 	call	0x2864	; 0x2864 <App_markScreenDirty>
    }

    if ((g_buzzerSource != BUZZER_SOURCE_NONE) && (g_buzzerStopAtMs != 0U) && (now >= g_buzzerStopAtMs))
    580a:	80 91 7a 01 	lds	r24, 0x017A
    580e:	88 23       	and	r24, r24
    5810:	09 f1       	breq	.+66     	; 0x5854 <RTC_APP_task+0x216>
    5812:	80 91 88 01 	lds	r24, 0x0188
    5816:	90 91 89 01 	lds	r25, 0x0189
    581a:	a0 91 8a 01 	lds	r26, 0x018A
    581e:	b0 91 8b 01 	lds	r27, 0x018B
    5822:	00 97       	sbiw	r24, 0x00	; 0
    5824:	a1 05       	cpc	r26, r1
    5826:	b1 05       	cpc	r27, r1
    5828:	a9 f0       	breq	.+42     	; 0x5854 <RTC_APP_task+0x216>
    582a:	20 91 88 01 	lds	r18, 0x0188
    582e:	30 91 89 01 	lds	r19, 0x0189
    5832:	40 91 8a 01 	lds	r20, 0x018A
    5836:	50 91 8b 01 	lds	r21, 0x018B
    583a:	8a 81       	ldd	r24, Y+2	; 0x02
    583c:	9b 81       	ldd	r25, Y+3	; 0x03
    583e:	ac 81       	ldd	r26, Y+4	; 0x04
    5840:	bd 81       	ldd	r27, Y+5	; 0x05
    5842:	82 17       	cp	r24, r18
    5844:	93 07       	cpc	r25, r19
    5846:	a4 07       	cpc	r26, r20
    5848:	b5 07       	cpc	r27, r21
    584a:	20 f0       	brcs	.+8      	; 0x5854 <RTC_APP_task+0x216>
    {
        App_stopBuzzer();
    584c:	0e 94 62 25 	call	0x4ac4	; 0x4ac4 <App_stopBuzzer>
        App_markScreenDirty();
    5850:	0e 94 32 14 	call	0x2864	; 0x2864 <App_markScreenDirty>
    }

    if (key != 0)
    5854:	89 81       	ldd	r24, Y+1	; 0x01
    5856:	88 23       	and	r24, r24
    5858:	19 f0       	breq	.+6      	; 0x5860 <RTC_APP_task+0x222>
    {
        App_handleMainKeys(key);
    585a:	89 81       	ldd	r24, Y+1	; 0x01
    585c:	0e 94 fd 26 	call	0x4dfa	; 0x4dfa <App_handleMainKeys>
    }

    if ((g_lastShownMode != (uint8)g_mode) || (g_screenDirty != 0U))
    5860:	90 91 21 01 	lds	r25, 0x0121
    5864:	80 91 72 01 	lds	r24, 0x0172
    5868:	98 17       	cp	r25, r24
    586a:	21 f4       	brne	.+8      	; 0x5874 <RTC_APP_task+0x236>
    586c:	80 91 22 01 	lds	r24, 0x0122
    5870:	88 23       	and	r24, r24
    5872:	31 f0       	breq	.+12     	; 0x5880 <RTC_APP_task+0x242>
    {
        g_lastShownMode = (uint8)g_mode;
    5874:	80 91 72 01 	lds	r24, 0x0172
    5878:	80 93 21 01 	sts	0x0121, r24
        App_showCurrentScreen();
    587c:	0e 94 72 23 	call	0x46e4	; 0x46e4 <App_showCurrentScreen>
    }
}
    5880:	62 96       	adiw	r28, 0x12	; 18
    5882:	0f b6       	in	r0, 0x3f	; 63
    5884:	f8 94       	cli
    5886:	de bf       	out	0x3e, r29	; 62
    5888:	0f be       	out	0x3f, r0	; 63
    588a:	cd bf       	out	0x3d, r28	; 61
    588c:	cf 91       	pop	r28
    588e:	df 91       	pop	r29
    5890:	1f 91       	pop	r17
    5892:	0f 91       	pop	r16
    5894:	ff 90       	pop	r15
    5896:	ef 90       	pop	r14
    5898:	08 95       	ret

0000589a <main>:
#include <avr/interrupt.h>

#include "app/rtc_app.h"

int main(void)
{
    589a:	df 93       	push	r29
    589c:	cf 93       	push	r28
    589e:	cd b7       	in	r28, 0x3d	; 61
    58a0:	de b7       	in	r29, 0x3e	; 62
    RTC_APP_init();
    58a2:	0e 94 48 2a 	call	0x5490	; 0x5490 <RTC_APP_init>
    sei();
    58a6:	78 94       	sei

    while (1)
    {
        RTC_APP_task();
    58a8:	0e 94 1f 2b 	call	0x563e	; 0x563e <RTC_APP_task>
    58ac:	fd cf       	rjmp	.-6      	; 0x58a8 <main+0xe>

000058ae <__mulsi3>:
    58ae:	62 9f       	mul	r22, r18
    58b0:	d0 01       	movw	r26, r0
    58b2:	73 9f       	mul	r23, r19
    58b4:	f0 01       	movw	r30, r0
    58b6:	82 9f       	mul	r24, r18
    58b8:	e0 0d       	add	r30, r0
    58ba:	f1 1d       	adc	r31, r1
    58bc:	64 9f       	mul	r22, r20
    58be:	e0 0d       	add	r30, r0
    58c0:	f1 1d       	adc	r31, r1
    58c2:	92 9f       	mul	r25, r18
    58c4:	f0 0d       	add	r31, r0
    58c6:	83 9f       	mul	r24, r19
    58c8:	f0 0d       	add	r31, r0
    58ca:	74 9f       	mul	r23, r20
    58cc:	f0 0d       	add	r31, r0
    58ce:	65 9f       	mul	r22, r21
    58d0:	f0 0d       	add	r31, r0
    58d2:	99 27       	eor	r25, r25
    58d4:	72 9f       	mul	r23, r18
    58d6:	b0 0d       	add	r27, r0
    58d8:	e1 1d       	adc	r30, r1
    58da:	f9 1f       	adc	r31, r25
    58dc:	63 9f       	mul	r22, r19
    58de:	b0 0d       	add	r27, r0
    58e0:	e1 1d       	adc	r30, r1
    58e2:	f9 1f       	adc	r31, r25
    58e4:	bd 01       	movw	r22, r26
    58e6:	cf 01       	movw	r24, r30
    58e8:	11 24       	eor	r1, r1
    58ea:	08 95       	ret

000058ec <__udivmodqi4>:
    58ec:	99 1b       	sub	r25, r25
    58ee:	79 e0       	ldi	r23, 0x09	; 9
    58f0:	04 c0       	rjmp	.+8      	; 0x58fa <__udivmodqi4_ep>

000058f2 <__udivmodqi4_loop>:
    58f2:	99 1f       	adc	r25, r25
    58f4:	96 17       	cp	r25, r22
    58f6:	08 f0       	brcs	.+2      	; 0x58fa <__udivmodqi4_ep>
    58f8:	96 1b       	sub	r25, r22

000058fa <__udivmodqi4_ep>:
    58fa:	88 1f       	adc	r24, r24
    58fc:	7a 95       	dec	r23
    58fe:	c9 f7       	brne	.-14     	; 0x58f2 <__udivmodqi4_loop>
    5900:	80 95       	com	r24
    5902:	08 95       	ret

00005904 <__udivmodhi4>:
    5904:	aa 1b       	sub	r26, r26
    5906:	bb 1b       	sub	r27, r27
    5908:	51 e1       	ldi	r21, 0x11	; 17
    590a:	07 c0       	rjmp	.+14     	; 0x591a <__udivmodhi4_ep>

0000590c <__udivmodhi4_loop>:
    590c:	aa 1f       	adc	r26, r26
    590e:	bb 1f       	adc	r27, r27
    5910:	a6 17       	cp	r26, r22
    5912:	b7 07       	cpc	r27, r23
    5914:	10 f0       	brcs	.+4      	; 0x591a <__udivmodhi4_ep>
    5916:	a6 1b       	sub	r26, r22
    5918:	b7 0b       	sbc	r27, r23

0000591a <__udivmodhi4_ep>:
    591a:	88 1f       	adc	r24, r24
    591c:	99 1f       	adc	r25, r25
    591e:	5a 95       	dec	r21
    5920:	a9 f7       	brne	.-22     	; 0x590c <__udivmodhi4_loop>
    5922:	80 95       	com	r24
    5924:	90 95       	com	r25
    5926:	bc 01       	movw	r22, r24
    5928:	cd 01       	movw	r24, r26
    592a:	08 95       	ret

0000592c <__udivmodsi4>:
    592c:	a1 e2       	ldi	r26, 0x21	; 33
    592e:	1a 2e       	mov	r1, r26
    5930:	aa 1b       	sub	r26, r26
    5932:	bb 1b       	sub	r27, r27
    5934:	fd 01       	movw	r30, r26
    5936:	0d c0       	rjmp	.+26     	; 0x5952 <__udivmodsi4_ep>

00005938 <__udivmodsi4_loop>:
    5938:	aa 1f       	adc	r26, r26
    593a:	bb 1f       	adc	r27, r27
    593c:	ee 1f       	adc	r30, r30
    593e:	ff 1f       	adc	r31, r31
    5940:	a2 17       	cp	r26, r18
    5942:	b3 07       	cpc	r27, r19
    5944:	e4 07       	cpc	r30, r20
    5946:	f5 07       	cpc	r31, r21
    5948:	20 f0       	brcs	.+8      	; 0x5952 <__udivmodsi4_ep>
    594a:	a2 1b       	sub	r26, r18
    594c:	b3 0b       	sbc	r27, r19
    594e:	e4 0b       	sbc	r30, r20
    5950:	f5 0b       	sbc	r31, r21

00005952 <__udivmodsi4_ep>:
    5952:	66 1f       	adc	r22, r22
    5954:	77 1f       	adc	r23, r23
    5956:	88 1f       	adc	r24, r24
    5958:	99 1f       	adc	r25, r25
    595a:	1a 94       	dec	r1
    595c:	69 f7       	brne	.-38     	; 0x5938 <__udivmodsi4_loop>
    595e:	60 95       	com	r22
    5960:	70 95       	com	r23
    5962:	80 95       	com	r24
    5964:	90 95       	com	r25
    5966:	9b 01       	movw	r18, r22
    5968:	ac 01       	movw	r20, r24
    596a:	bd 01       	movw	r22, r26
    596c:	cf 01       	movw	r24, r30
    596e:	08 95       	ret

00005970 <__prologue_saves__>:
    5970:	2f 92       	push	r2
    5972:	3f 92       	push	r3
    5974:	4f 92       	push	r4
    5976:	5f 92       	push	r5
    5978:	6f 92       	push	r6
    597a:	7f 92       	push	r7
    597c:	8f 92       	push	r8
    597e:	9f 92       	push	r9
    5980:	af 92       	push	r10
    5982:	bf 92       	push	r11
    5984:	cf 92       	push	r12
    5986:	df 92       	push	r13
    5988:	ef 92       	push	r14
    598a:	ff 92       	push	r15
    598c:	0f 93       	push	r16
    598e:	1f 93       	push	r17
    5990:	cf 93       	push	r28
    5992:	df 93       	push	r29
    5994:	cd b7       	in	r28, 0x3d	; 61
    5996:	de b7       	in	r29, 0x3e	; 62
    5998:	ca 1b       	sub	r28, r26
    599a:	db 0b       	sbc	r29, r27
    599c:	0f b6       	in	r0, 0x3f	; 63
    599e:	f8 94       	cli
    59a0:	de bf       	out	0x3e, r29	; 62
    59a2:	0f be       	out	0x3f, r0	; 63
    59a4:	cd bf       	out	0x3d, r28	; 61
    59a6:	09 94       	ijmp

000059a8 <__epilogue_restores__>:
    59a8:	2a 88       	ldd	r2, Y+18	; 0x12
    59aa:	39 88       	ldd	r3, Y+17	; 0x11
    59ac:	48 88       	ldd	r4, Y+16	; 0x10
    59ae:	5f 84       	ldd	r5, Y+15	; 0x0f
    59b0:	6e 84       	ldd	r6, Y+14	; 0x0e
    59b2:	7d 84       	ldd	r7, Y+13	; 0x0d
    59b4:	8c 84       	ldd	r8, Y+12	; 0x0c
    59b6:	9b 84       	ldd	r9, Y+11	; 0x0b
    59b8:	aa 84       	ldd	r10, Y+10	; 0x0a
    59ba:	b9 84       	ldd	r11, Y+9	; 0x09
    59bc:	c8 84       	ldd	r12, Y+8	; 0x08
    59be:	df 80       	ldd	r13, Y+7	; 0x07
    59c0:	ee 80       	ldd	r14, Y+6	; 0x06
    59c2:	fd 80       	ldd	r15, Y+5	; 0x05
    59c4:	0c 81       	ldd	r16, Y+4	; 0x04
    59c6:	1b 81       	ldd	r17, Y+3	; 0x03
    59c8:	aa 81       	ldd	r26, Y+2	; 0x02
    59ca:	b9 81       	ldd	r27, Y+1	; 0x01
    59cc:	ce 0f       	add	r28, r30
    59ce:	d1 1d       	adc	r29, r1
    59d0:	0f b6       	in	r0, 0x3f	; 63
    59d2:	f8 94       	cli
    59d4:	de bf       	out	0x3e, r29	; 62
    59d6:	0f be       	out	0x3f, r0	; 63
    59d8:	cd bf       	out	0x3d, r28	; 61
    59da:	ed 01       	movw	r28, r26
    59dc:	08 95       	ret

000059de <_exit>:
    59de:	f8 94       	cli

000059e0 <__stop_program>:
    59e0:	ff cf       	rjmp	.-2      	; 0x59e0 <__stop_program>
